"dataset","key","unique_values"
"GSE109887","""""age","91"""" | 87"""" | 82"""" | 73"""" | 94"""" | 72"""" | 90"""" | 86"""" | 92"""" | 81"""" | 95"""" | 75"""" | 77"""" | 84"""" | 85"""" | 89"""" | 78"""" | 70"""" | 88"""" | 79"""""
"GSE109887","""""disease state","AD"""" | Control"""""
"GSE109887","""""gender","Male"""" | Female"""""
"GSE109887","""""tissue","brain, middle temporal gyrus"""""
"GSE118553","""""age","84"""" | 82"""" | 51"""" | 89"""" | 92"""" | 61"""" | 95"""" | 74"""" | 66"""" | 79"""" | 96"""" | 72"""" | 93"""" | 52"""" | 86"""" | 87"""" | 81"""" | 77"""" | 88"""" | 90"""" | 71"""" | 99"""" | 97"""" | 91"""" | 85"""" | 78"""" | 83"""" | 73"""" | 80"""" | 40"""" | NA"""" | 69"""" | 75"""" | 105"""" | 67"""" | 70"""" | 76"""" | 41"""" | 68"""" | 43"""" | 63"""" | 98"""" | 55"""" | 65"""""
"GSE118553","""""disease state","AD"""" | control"""" | AsymAD"""""
"GSE118553","""""gender","FEMALE"""" | MALE"""""
"GSE118553","""""individual","Subject  1"""" | Subject  2"""" | Subject  3"""" | Subject  4"""" | Subject  5"""" | Subject  6"""" | Subject  7"""" | Subject  8"""" | Subject  9"""" | Subject  10"""" | Subject  11"""" | Subject  12"""" | Subject  13"""" | Subject  14"""" | Subject  15"""" | Subject  16"""" | Subject  17"""" | Subject  18"""" | Subject  19"""" | Subject  20"""" | Subject  21"""" | Subject  22"""" | Subject  23"""" | Subject  24"""" | Subject  25"""" | Subject  26"""" | Subject  27"""" | Subject  28"""" | Subject  29"""" | Subject  30"""" | Subject  31"""" | Subject  32"""" | Subject  33"""" | Subject  34"""" | Subject  35"""" | Subject  36"""" | Subject  37"""" | Subject  38"""" | Subject  39"""" | Subject  40"""" | Subject  41"""" | Subject  42"""" | Subject  43"""" | Subject  44"""" | Subject  45"""" | Subject  46"""" | Subject  47"""" | Subject  48"""" | Subject  49"""" | Subject  50"""" | Subject  51"""" | Subject  52"""" | Subject  53"""" | Subject  54"""" | Subject  55"""" | Subject  56"""" | Subject  57"""" | Subject  58"""" | Subject  59"""" | Subject  60"""" | Subject  61"""" | Subject  62"""" | Subject  63"""" | Subject  64"""" | Subject  65"""" | Subject  66"""" | Subject  67"""" | Subject  68"""" | Subject  69"""" | Subject  70"""" | Subject  71"""" | Subject  72"""" | Subject  73"""" | Subject  74"""" | Subject  75"""" | Subject  76"""" | Subject  77"""" | Subject  78"""" | Subject  79"""" | Subject  80"""" | Subject  81"""" | Subject  82"""" | Subject  83"""" | Subject  84"""" | Subject  85"""" | Subject  86"""" | Subject  87"""" | Subject  88"""" | Subject  89"""" | Subject  90"""" | Subject  91"""" | Subject  92"""" | Subject  93"""" | Subject  94"""" | Subject  95"""" | Subject  96"""" | Subject  97"""" | Subject  98"""" | Subject  99"""" | Subject  100"""" | Subject  101"""" | Subject  102"""" | Subject  103"""" | Subject  104"""" | Subject  105"""" | Subject  106"""" | Subject  107"""" | Subject  108"""" | Subject  109"""" | Subject  110"""" | Subject  111"""" | Subject  112"""""
"GSE118553","""""tissue","Temporal_Cortex"""" | Cerebellum"""" | Frontal_Cortex"""" | Entorhinal_Cortex"""""
"GSE125583","""""Sex","F"""" | M"""" | NA"""""
"GSE125583","""""age","93"""" | 77"""" | 92"""" | 85"""" | 83"""" | 96"""" | 88"""" | 97"""" | 79"""" | 76"""" | 89"""" | 78"""" | 80"""" | 64"""" | 95"""" | 82"""" | 91"""" | 90"""" | 86"""" | 87"""" | 99"""" | NA"""" | 65"""" | 74"""" | 103"""" | 94"""" | 70"""" | 81"""" | 75"""" | 84"""" | 69"""" | 72"""" | 102"""" | 71"""" | 67"""" | 73"""" | 98"""" | 61"""" | 100"""" | 60"""" | 66"""" | 68"""" | 101"""""
"GSE125583","""""braak.score","IV"""" | VI"""" | I"""" | V"""" | II"""" | III"""" | NA"""""
"GSE125583","""""case id","04-45"""" | 11-73"""" | 10-11"""" | 11-20"""" | 11-92"""" | 08-34"""" | 11-11"""" | 11-01"""" | 05-23"""" | 03-34"""" | 12-58"""" | 05-15"""" | 08-40"""" | 11-27"""" | 09-14"""" | 04-30"""" | 03-28"""" | 06-04"""" | 11-23"""" | 10-26"""" | 12-37"""" | 04-38"""" | 04-02"""" | 13-41"""" | 10-47"""" | 10-45"""" | 12-57"""" | 05-16"""" | 09-03"""" | 09-18"""" | 02-05"""" | 06-15"""" | 11-35"""" | 07-45"""" | 08-82"""" | 01-46"""" | 11-43"""" | 01-49"""" | 11-19"""" | 13-07"""" | 10-55"""" | 12-69"""" | 09-42"""" | 06-46"""" | 10-67"""" | 13-01"""" | 02-24"""" | 10-87"""" | 10-44"""" | 04-16"""" | 00-17"""" | 06-60"""" | 11-13"""" | 03-57"""" | 03-10"""" | 07-39"""" | 07-26"""" | 00-12"""" | 11-97"""" | 09-02"""" | 03-32"""" | 02-04"""" | 99-21"""" | 13-26"""" | 11-21"""" | 04-33"""" | 10-04"""" | 09-34"""" | 05-57"""" | 03-58"""" | 08-51"""" | 12-24"""" | 05-43"""" | 08-77"""" | 98-32"""" | 09-39"""" | 11-05"""" | 11-40"""" | 11-77"""" | 11-28"""" | 07-27"""" | 10-05"""" | 00-50"""" | 99-23"""" | 05-05"""" | 08-18"""" | 07-57"""" | 05-28"""" | 02-19"""" | 10-73"""" | 04-58"""" | 05-51"""" | 03-02"""" | 12-44"""" | 03-54"""" | 01-31"""" | 11-78"""" | 11-101"""" | 08-59"""" | 98-09"""" | 07-50"""" | 05-52"""" | 03-38"""" | 13-49"""" | 02-12"""" | 13-04"""" | 13-16"""" | 99-35"""" | 09-11"""" | 03-14"""" | 06-68"""" | 07-34"""" | 03-37"""" | 99-60"""" | 11-87"""" | 99-03"""" | 08-62"""" | 05-36"""" | 04-62"""" | 99-07"""" | 12-64"""" | 10-58"""" | 99-06"""" | 98-33"""" | 10-68"""" | 03-35"""" | 00-54"""" | 07-15"""" | 07-71"""" | 00-46"""" | 98-26"""" | 10-42"""" | 99-29"""" | 09-09"""" | 11-49"""" | 03-41"""" | 03-07"""" | 00-37"""" | 04-28"""" | 11-89"""" | 08-54"""" | 08-55"""" | 10-94"""" | 09-22"""" | 05-39"""" | 11-66"""" | 13-43"""" | 08-35"""" | 11-85"""" | 02-38"""" | 11-72"""" | 12-63"""" | 99-11"""" | 11-48"""" | 10-79"""" | 09-16"""" | 12-48"""" | 13-31"""" | 13-38"""" | 13-32"""" | 10-80"""" | 10-41"""" | 09-01"""" | 00-30"""" | 99-34"""" | 08-37"""" | 13-48"""" | 06-61"""" | 10-93"""" | 12-71"""" | 06-08"""" | 08-20"""" | 11-102"""" | 97-19"""" | 00-01"""" | 07-12"""" | 07-58"""" | 04-64"""" | 08-46"""" | 12-61"""" | 05-25"""" | 11-15"""" | 01-32"""" | 11-51"""" | 08-90"""" | 01-27"""" | 11-105"""" | 10-36"""" | 08-26"""" | 03-56"""" | 12-65"""" | 07-24"""" | 98-07"""" | 08-83"""" | 05-61"""" | 09-36"""" | 11-56"""" | 04-50"""" | 99-18"""" | 07-10"""" | 99-12"""" | 04-09"""" | 11-10"""" | 07-08"""" | 03-30"""" | 06-39"""" | 11-42"""" | 08-44"""" | 09-51"""" | 99-48"""" | 03-50"""" | 09-31"""" | 98-06"""" | 13-23"""" | 04-32"""" | 13-50"""" | 10-77"""" | 04-55"""" | 10-63"""" | 99-53"""" | 10-92"""" | 07-72"""" | 04-44"""" | 98-30"""" | 07-37"""" | 06-19"""" | 09-20"""" | 99-36"""" | 03-21"""" | 08-09"""" | 12-02"""" | 03-04"""" | 03-62"""" | 11-108"""" | 01-30"""" | 08-29"""" | 13-15"""" | 11-03"""" | 10-66"""" | 05-40"""" | 12-45"""" | 04-43"""" | 01-51"""" | 10-53"""" | 09-44"""" | 06-54"""" | 10-18"""" | 11-02"""" | 11-65"""" | 08-22"""" | 13-42"""" | 07-04"""" | 04-54"""" | 00-39"""" | 10-86"""" | 04-37"""" | 11-99"""" | 11-14"""" | 10-75"""" | 04-42"""" | 98-15"""" | 13-06"""" | 03-19"""" | 98-05"""" | 00-28"""" | 09-54"""" | 03-27"""" | 11-38"""" | 10-74"""" | 10-23"""" | 04-29"""" | 13-10"""" | 04-05"""" | 03-36"""" | 07-42"""" | 05-10"""" | 11-75"""" | 98-40"""" | 03-59"""" | 00-14"""" | 07-64"""" | 10-10"""" | 11-60"""" | 08-23"""" | 04-60"""" | 03-05"""" | 13-45"""" | 07-38"""" | 08-45"""""
"GSE125583","""""diagnosis","Alzheimer's disease"""" | control"""""
"GSE125583","""""tissue","fusiform gyrus"""""
"GSE132903","""""Sex","female"""" | male"""""
"GSE132903","""""diagnosis","ND"""" | AD"""""
"GSE132903","""""expired_age (years)","90+"""" | 82"""" | 88"""" | 92"""" | 91"""" | 87"""" | 86"""" | 78"""" | 79"""" | 77"""" | 85"""" | 95"""" | 102"""" | 89"""" | 70"""" | 73"""" | 94"""" | 96"""" | 84"""" | 83"""" | 98"""" | 100"""" | 75"""" | 80"""" | 74"""" | 76"""" | 71"""" | 97"""" | 81"""" | 72"""" | 93"""""
"GSE132903","""""tissue","middle temporal gyrus"""""
"GSE15222","""""""""",""
"GSE15222","""""GENDER_female,AGE_100,PMI_11.25,TRANSDET_WHOLE_0.471,TRANSDET_CORTEX_0.806,HYBDATE_8.31.2006,BRAINBANK_G""""",""
"GSE15222","""""GENDER_female,AGE_100,PMI_13,TRANSDET_WHOLE_0.453,TRANSDET_CORTEX_0.78,HYBDATE_6.27.2006,BRAINBANK_G""""",""
"GSE15222","""""GENDER_female,AGE_65,PMI_6,TRANSDET_WHOLE_0.441,TRANSDET_CORTEX_0.758,HYBDATE_8.31.2006,BRAINBANK_D""""",""
"GSE15222","""""GENDER_female,AGE_66,PMI_13.58,TRANSDET_WHOLE_0.456,TRANSDET_CORTEX_0.786,HYBDATE_6.22.2006,BRAINBANK_C""""",""
"GSE15222","""""GENDER_female,AGE_67,PMI_5.5,TRANSDET_WHOLE_0.45,TRANSDET_CORTEX_0.774,HYBDATE_3.9.2006,BRAINBANK_N""""",""
"GSE15222","""""GENDER_female,AGE_67,PMI_8,TRANSDET_WHOLE_0.429,TRANSDET_CORTEX_0.74,HYBDATE_6.22.2006,BRAINBANK_C""""",""
"GSE15222","""""GENDER_female,AGE_69,PMI_11.5,TRANSDET_WHOLE_0.465,TRANSDET_CORTEX_0.802,HYBDATE_6.27.2006,BRAINBANK_I""""",""
"GSE15222","""""GENDER_female,AGE_70,PMI_2,TRANSDET_WHOLE_0.468,TRANSDET_CORTEX_0.805,HYBDATE_3.9.2006,BRAINBANK_A""""",""
"GSE15222","""""GENDER_female,AGE_72,PMI_11,TRANSDET_WHOLE_0.486,TRANSDET_CORTEX_0.837,HYBDATE_2.22.2006,BRAINBANK_F""""",""
"GSE15222","""""GENDER_female,AGE_72,PMI_3,TRANSDET_WHOLE_0.451,TRANSDET_CORTEX_0.778,HYBDATE_6.22.2006,BRAINBANK_C""""",""
"GSE15222","""""GENDER_female,AGE_72,PMI_3.75,TRANSDET_WHOLE_0.478,TRANSDET_CORTEX_0.825,HYBDATE_6.22.2006,BRAINBANK_M""""",""
"GSE15222","""""GENDER_female,AGE_72,PMI_30,TRANSDET_WHOLE_0.499,TRANSDET_CORTEX_0.856,HYBDATE_9.7.2006,BRAINBANK_C""""",""
"GSE15222","""""GENDER_female,AGE_72,PMI_4,TRANSDET_WHOLE_0.503,TRANSDET_CORTEX_0.864,HYBDATE_3.9.2006,BRAINBANK_N""""",""
"GSE15222","""""GENDER_female,AGE_73,PMI_13.5,TRANSDET_WHOLE_0.392,TRANSDET_CORTEX_0.665,HYBDATE_9.13.2006,BRAINBANK_H""""",""
"GSE15222","""""GENDER_female,AGE_73,PMI_2.5,TRANSDET_WHOLE_0.511,TRANSDET_CORTEX_0.875,HYBDATE_9.13.2006,BRAINBANK_A""""",""
"GSE15222","""""GENDER_female,AGE_73,PMI_5,TRANSDET_WHOLE_0.369,TRANSDET_CORTEX_0.634,HYBDATE_6.8.2006,BRAINBANK_I""""",""
"GSE15222","""""GENDER_female,AGE_74,PMI_3,TRANSDET_WHOLE_0.389,TRANSDET_CORTEX_0.672,HYBDATE_6.27.2006,BRAINBANK_D""""",""
"GSE15222","""""GENDER_female,AGE_74,PMI_3.5,TRANSDET_WHOLE_0.436,TRANSDET_CORTEX_0.749,HYBDATE_3.9.2006,BRAINBANK_N""""",""
"GSE15222","""""GENDER_female,AGE_75,PMI_3.7,TRANSDET_WHOLE_0.411,TRANSDET_CORTEX_0.707,HYBDATE_6.27.2006,BRAINBANK_P""""",""
"GSE15222","""""GENDER_female,AGE_75,PMI_6,TRANSDET_WHOLE_0.454,TRANSDET_CORTEX_0.781,HYBDATE_8.31.2006,BRAINBANK_D""""",""
"GSE15222","""""GENDER_female,AGE_76,PMI_24,TRANSDET_WHOLE_0.441,TRANSDET_CORTEX_0.761,HYBDATE_9.7.2006,BRAINBANK_F""""",""
"GSE15222","""""GENDER_female,AGE_76,PMI_6,TRANSDET_WHOLE_0.466,TRANSDET_CORTEX_0.804,HYBDATE_3.9.2006,BRAINBANK_L""""",""
"GSE15222","""""GENDER_female,AGE_76,PMI_8.7,TRANSDET_WHOLE_0.48,TRANSDET_CORTEX_0.823,HYBDATE_9.7.2006,BRAINBANK_H""""",""
"GSE15222","""""GENDER_female,AGE_78,PMI_21,TRANSDET_WHOLE_0.453,TRANSDET_CORTEX_0.779,HYBDATE_9.13.2006,BRAINBANK_G""""",""
"GSE15222","""""GENDER_female,AGE_78,PMI_6,TRANSDET_WHOLE_0.53,TRANSDET_CORTEX_0.901,HYBDATE_2.22.2006,BRAINBANK_K""""",""
"GSE15222","""""GENDER_female,AGE_80,PMI_54,TRANSDET_WHOLE_0.444,TRANSDET_CORTEX_0.761,HYBDATE_9.13.2006,BRAINBANK_F""""",""
"GSE15222","""""GENDER_female,AGE_80,PMI_8,TRANSDET_WHOLE_0.468,TRANSDET_CORTEX_0.807,HYBDATE_2.22.2006,BRAINBANK_E""""",""
"GSE15222","""""GENDER_female,AGE_81,PMI_1.17,TRANSDET_WHOLE_0.484,TRANSDET_CORTEX_0.831,HYBDATE_6.22.2006,BRAINBANK_C""""",""
"GSE15222","""""GENDER_female,AGE_81,PMI_3,TRANSDET_WHOLE_0.476,TRANSDET_CORTEX_0.82,HYBDATE_3.9.2006,BRAINBANK_A""""",""
"GSE15222","""""GENDER_female,AGE_82,PMI_2,TRANSDET_WHOLE_0.474,TRANSDET_CORTEX_0.813,HYBDATE_9.13.2006,BRAINBANK_A""""",""
"GSE15222","""""GENDER_female,AGE_82,PMI_25,TRANSDET_WHOLE_0.453,TRANSDET_CORTEX_0.779,HYBDATE_6.27.2006,BRAINBANK_H""""",""
"GSE15222","""""GENDER_female,AGE_82,PMI_8.12,TRANSDET_WHOLE_0.45,TRANSDET_CORTEX_0.773,HYBDATE_9.7.2006,BRAINBANK_C""""",""
"GSE15222","""""GENDER_female,AGE_83,PMI_28.17,TRANSDET_WHOLE_0.355,TRANSDET_CORTEX_0.612,HYBDATE_6.22.2006,BRAINBANK_C""""",""
"GSE15222","""""GENDER_female,AGE_83,PMI_3.25,TRANSDET_WHOLE_0.411,TRANSDET_CORTEX_0.71,HYBDATE_3.9.2006,BRAINBANK_A""""",""
"GSE15222","""""GENDER_female,AGE_83,PMI_4.75,TRANSDET_WHOLE_0.492,TRANSDET_CORTEX_0.846,HYBDATE_8.31.2006,BRAINBANK_G""""",""
"GSE15222","""""GENDER_female,AGE_85,PMI_1.66,TRANSDET_WHOLE_0.471,TRANSDET_CORTEX_0.795,HYBDATE_9.7.2006,BRAINBANK_M""""",""
"GSE15222","""""GENDER_female,AGE_85,PMI_11,TRANSDET_WHOLE_0.471,TRANSDET_CORTEX_0.813,HYBDATE_2.22.2006,BRAINBANK_N""""",""
"GSE15222","""""GENDER_female,AGE_85,PMI_2.25,TRANSDET_WHOLE_0.37,TRANSDET_CORTEX_0.637,HYBDATE_9.13.2006,BRAINBANK_G""""",""
"GSE15222","""""GENDER_female,AGE_85,PMI_2.75,TRANSDET_WHOLE_0.403,TRANSDET_CORTEX_0.695,HYBDATE_8.31.2006,BRAINBANK_A""""",""
"GSE15222","""""GENDER_female,AGE_85,PMI_21,TRANSDET_WHOLE_0.486,TRANSDET_CORTEX_0.835,HYBDATE_6.27.2006,BRAINBANK_H""""",""
"GSE15222","""""GENDER_female,AGE_85,PMI_21.3,TRANSDET_WHOLE_0.445,TRANSDET_CORTEX_0.765,HYBDATE_6.27.2006,BRAINBANK_H""""",""
"GSE15222","""""GENDER_female,AGE_85,PMI_3.5,TRANSDET_WHOLE_0.384,TRANSDET_CORTEX_0.656,HYBDATE_6.8.2006,BRAINBANK_I""""",""
"GSE15222","""""GENDER_female,AGE_85,PMI_4,TRANSDET_WHOLE_0.462,TRANSDET_CORTEX_0.796,HYBDATE_8.31.2006,BRAINBANK_G""""",""
"GSE15222","""""GENDER_female,AGE_85,PMI_4.58,TRANSDET_WHOLE_0.491,TRANSDET_CORTEX_0.843,HYBDATE_6.22.2006,BRAINBANK_Q""""",""
"GSE15222","""""GENDER_female,AGE_85,PMI_5,TRANSDET_WHOLE_0.442,TRANSDET_CORTEX_0.762,HYBDATE_6.27.2006,BRAINBANK_G""""",""
"GSE15222","""""GENDER_female,AGE_86,PMI_10,TRANSDET_WHOLE_0.429,TRANSDET_CORTEX_0.738,HYBDATE_8.31.2006,BRAINBANK_P""""",""
"GSE15222","""""GENDER_female,AGE_86,PMI_11,TRANSDET_WHOLE_0.511,TRANSDET_CORTEX_0.87,HYBDATE_6.15.2006,BRAINBANK_F""""",""
"GSE15222","""""GENDER_female,AGE_86,PMI_15.75,TRANSDET_WHOLE_0.494,TRANSDET_CORTEX_0.847,HYBDATE_6.22.2006,BRAINBANK_C""""",""
"GSE15222","""""GENDER_female,AGE_86,PMI_2.25,TRANSDET_WHOLE_0.518,TRANSDET_CORTEX_0.886,HYBDATE_6.22.2006,BRAINBANK_M""""",""
"GSE15222","""""GENDER_female,AGE_86,PMI_2.58,TRANSDET_WHOLE_0.477,TRANSDET_CORTEX_0.822,HYBDATE_6.27.2006,BRAINBANK_Q""""",""
"GSE15222","""""GENDER_female,AGE_86,PMI_3,TRANSDET_WHOLE_0.449,TRANSDET_CORTEX_0.773,HYBDATE_8.31.2006,BRAINBANK_I""""",""
"GSE15222","""""GENDER_female,AGE_86,PMI_3.75,TRANSDET_WHOLE_0.49,TRANSDET_CORTEX_0.845,HYBDATE_6.22.2006,BRAINBANK_M""""",""
"GSE15222","""""GENDER_female,AGE_86,PMI_8.5,TRANSDET_WHOLE_0.429,TRANSDET_CORTEX_0.74,HYBDATE_6.27.2006,BRAINBANK_P""""",""
"GSE15222","""""GENDER_female,AGE_86,PMI_9.5,TRANSDET_WHOLE_0.479,TRANSDET_CORTEX_0.823,HYBDATE_6.27.2006,BRAINBANK_Q""""",""
"GSE15222","""""GENDER_female,AGE_87,PMI_15,TRANSDET_WHOLE_0.442,TRANSDET_CORTEX_0.761,HYBDATE_8.31.2006,BRAINBANK_G""""",""
"GSE15222","""""GENDER_female,AGE_87,PMI_23.25,TRANSDET_WHOLE_0.41,TRANSDET_CORTEX_0.707,HYBDATE_8.31.2006,BRAINBANK_G""""",""
"GSE15222","""""GENDER_female,AGE_87,PMI_3,TRANSDET_WHOLE_0.462,TRANSDET_CORTEX_0.796,HYBDATE_9.7.2006,BRAINBANK_B""""",""
"GSE15222","""""GENDER_female,AGE_87,PMI_3,TRANSDET_WHOLE_0.489,TRANSDET_CORTEX_0.84,HYBDATE_8.31.2006,BRAINBANK_G""""",""
"GSE15222","""""GENDER_female,AGE_88,PMI_16,TRANSDET_WHOLE_0.407,TRANSDET_CORTEX_0.704,HYBDATE_6.27.2006,BRAINBANK_G""""",""
"GSE15222","""""GENDER_female,AGE_88,PMI_2.5,TRANSDET_WHOLE_0.456,TRANSDET_CORTEX_0.784,HYBDATE_2.22.2006,BRAINBANK_Q""""",""
"GSE15222","""""GENDER_female,AGE_88,PMI_5,TRANSDET_WHOLE_0.417,TRANSDET_CORTEX_0.716,HYBDATE_8.31.2006,BRAINBANK_I""""",""
"GSE15222","""""GENDER_female,AGE_88,PMI_9,TRANSDET_WHOLE_0.422,TRANSDET_CORTEX_0.724,HYBDATE_8.31.2006,BRAINBANK_G""""",""
"GSE15222","""""GENDER_female,AGE_89,PMI_8,TRANSDET_WHOLE_0.505,TRANSDET_CORTEX_0.866,HYBDATE_6.22.2006,BRAINBANK_Q""""",""
"GSE15222","""""GENDER_female,AGE_89,PMI_unknown,TRANSDET_WHOLE_0.398,TRANSDET_CORTEX_0.685,HYBDATE_6.8.2006,BRAINBANK_P""""",""
"GSE15222","""""GENDER_female,AGE_91,PMI_4,TRANSDET_WHOLE_0.418,TRANSDET_CORTEX_0.72,HYBDATE_6.22.2006,BRAINBANK_M""""",""
"GSE15222","""""GENDER_female,AGE_91,PMI_4.42,TRANSDET_WHOLE_0.399,TRANSDET_CORTEX_0.683,HYBDATE_2.22.2006,BRAINBANK_O""""",""
"GSE15222","""""GENDER_female,AGE_91,PMI_4.67,TRANSDET_WHOLE_0.415,TRANSDET_CORTEX_0.71,HYBDATE_6.27.2006,BRAINBANK_O""""",""
"GSE15222","""""GENDER_female,AGE_91,PMI_5.25,TRANSDET_WHOLE_0.43,TRANSDET_CORTEX_0.733,HYBDATE_2.22.2006,BRAINBANK_O""""",""
"GSE15222","""""GENDER_female,AGE_91,PMI_8,TRANSDET_WHOLE_0.513,TRANSDET_CORTEX_0.876,HYBDATE_3.9.2006,BRAINBANK_E""""",""
"GSE15222","""""GENDER_female,AGE_93,PMI_2.3,TRANSDET_WHOLE_0.483,TRANSDET_CORTEX_0.83,HYBDATE_2.22.2006,BRAINBANK_R""""",""
"GSE15222","""""GENDER_female,AGE_93,PMI_2.75,TRANSDET_WHOLE_0.476,TRANSDET_CORTEX_0.816,HYBDATE_6.22.2006,BRAINBANK_M""""",""
"GSE15222","""""GENDER_female,AGE_94,PMI_4.5,TRANSDET_WHOLE_0.397,TRANSDET_CORTEX_0.679,HYBDATE_2.22.2006,BRAINBANK_O""""",""
"GSE15222","""""GENDER_female,AGE_94,PMI_9.75,TRANSDET_WHOLE_0.487,TRANSDET_CORTEX_0.84,HYBDATE_9.7.2006,BRAINBANK_B""""",""
"GSE15222","""""GENDER_female,AGE_95,PMI_10.08,TRANSDET_WHOLE_0.469,TRANSDET_CORTEX_0.795,HYBDATE_2.22.2006,BRAINBANK_O""""",""
"GSE15222","""""GENDER_female,AGE_95,PMI_14,TRANSDET_WHOLE_0.434,TRANSDET_CORTEX_0.744,HYBDATE_9.7.2006,BRAINBANK_F""""",""
"GSE15222","""""GENDER_female,AGE_95,PMI_5.75,TRANSDET_WHOLE_0.436,TRANSDET_CORTEX_0.741,HYBDATE_2.22.2006,BRAINBANK_O""""",""
"GSE15222","""""GENDER_female,AGE_96,PMI_5,TRANSDET_WHOLE_0.421,TRANSDET_CORTEX_0.723,HYBDATE_6.8.2006,BRAINBANK_P""""",""
"GSE15222","""""GENDER_female,AGE_97,PMI_12,TRANSDET_WHOLE_0.489,TRANSDET_CORTEX_0.84,HYBDATE_2.22.2006,BRAINBANK_G""""",""
"GSE15222","""""GENDER_female,AGE_97,PMI_2.75,TRANSDET_WHOLE_0.444,TRANSDET_CORTEX_0.766,HYBDATE_9.13.2006,BRAINBANK_M""""",""
"GSE15222","""""GENDER_female,AGE_97,PMI_4,TRANSDET_WHOLE_0.437,TRANSDET_CORTEX_0.747,HYBDATE_9.7.2006,BRAINBANK_C""""",""
"GSE15222","""""GENDER_female,AGE_97,PMI_9.5,TRANSDET_WHOLE_0.42,TRANSDET_CORTEX_0.726,HYBDATE_8.31.2006,BRAINBANK_G""""",""
"GSE15222","""""GENDER_female,AGE_99,PMI_3.5,TRANSDET_WHOLE_0.469,TRANSDET_CORTEX_0.807,HYBDATE_6.27.2006,BRAINBANK_G""""",""
"GSE15222","""""GENDER_female,AGE_99,PMI_36,TRANSDET_WHOLE_0.437,TRANSDET_CORTEX_0.753,HYBDATE_2.22.2006,BRAINBANK_L""""",""
"GSE15222","""""GENDER_female,AGE_99,PMI_5.25,TRANSDET_WHOLE_0.439,TRANSDET_CORTEX_0.757,HYBDATE_6.27.2006,BRAINBANK_G""""",""
"GSE15222","""""GENDER_female,AGE_99,PMI_6,TRANSDET_WHOLE_0.478,TRANSDET_CORTEX_0.823,HYBDATE_6.15.2006,BRAINBANK_G""""",""
"GSE15222","""""GENDER_male,AGE_65,PMI_10.5,TRANSDET_WHOLE_0.476,TRANSDET_CORTEX_0.819,HYBDATE_8.31.2006,BRAINBANK_G""""",""
"GSE15222","""""GENDER_male,AGE_65,PMI_12,TRANSDET_WHOLE_0.459,TRANSDET_CORTEX_0.792,HYBDATE_8.31.2006,BRAINBANK_G""""",""
"GSE15222","""""GENDER_male,AGE_65,PMI_24,TRANSDET_WHOLE_0.347,TRANSDET_CORTEX_0.598,HYBDATE_9.13.2006,BRAINBANK_H""""",""
"GSE15222","""""GENDER_male,AGE_65,PMI_24,TRANSDET_WHOLE_0.457,TRANSDET_CORTEX_0.788,HYBDATE_6.27.2006,BRAINBANK_G""""",""
"GSE15222","""""GENDER_male,AGE_65,PMI_5.83,TRANSDET_WHOLE_0.448,TRANSDET_CORTEX_0.773,HYBDATE_6.22.2006,BRAINBANK_Q""""",""
"GSE15222","""""GENDER_male,AGE_66,PMI_12,TRANSDET_WHOLE_0.352,TRANSDET_CORTEX_0.608,HYBDATE_2.22.2006,BRAINBANK_E""""",""
"GSE15222","""""GENDER_male,AGE_66,PMI_4,TRANSDET_WHOLE_0.423,TRANSDET_CORTEX_0.728,HYBDATE_8.31.2006,BRAINBANK_I""""",""
"GSE15222","""""GENDER_male,AGE_67,PMI_24.5,TRANSDET_WHOLE_0.382,TRANSDET_CORTEX_0.655,HYBDATE_8.31.2006,BRAINBANK_G""""",""
"GSE15222","""""GENDER_male,AGE_67,PMI_3.08,TRANSDET_WHOLE_0.492,TRANSDET_CORTEX_0.847,HYBDATE_6.22.2006,BRAINBANK_Q""""",""
"GSE15222","""""GENDER_male,AGE_67,PMI_6,TRANSDET_WHOLE_0.394,TRANSDET_CORTEX_0.679,HYBDATE_6.8.2006,BRAINBANK_P""""",""
"GSE15222","""""GENDER_male,AGE_67,PMI_unknown,TRANSDET_WHOLE_0.447,TRANSDET_CORTEX_0.77,HYBDATE_6.27.2006,BRAINBANK_P""""",""
"GSE15222","""""GENDER_male,AGE_68,PMI_10,TRANSDET_WHOLE_0.39,TRANSDET_CORTEX_0.673,HYBDATE_2.22.2006,BRAINBANK_E""""",""
"GSE15222","""""GENDER_male,AGE_68,PMI_16,TRANSDET_WHOLE_0.441,TRANSDET_CORTEX_0.754,HYBDATE_8.31.2006,BRAINBANK_G""""",""
"GSE15222","""""GENDER_male,AGE_68,PMI_2,TRANSDET_WHOLE_0.487,TRANSDET_CORTEX_0.84,HYBDATE_3.9.2006,BRAINBANK_A""""",""
"GSE15222","""""GENDER_male,AGE_68,PMI_22.25,TRANSDET_WHOLE_0.458,TRANSDET_CORTEX_0.79,HYBDATE_6.27.2006,BRAINBANK_G""""",""
"GSE15222","""""GENDER_male,AGE_69,PMI_11,TRANSDET_WHOLE_0.501,TRANSDET_CORTEX_0.857,HYBDATE_3.9.2006,BRAINBANK_N""""",""
"GSE15222","""""GENDER_male,AGE_69,PMI_12,TRANSDET_WHOLE_0.492,TRANSDET_CORTEX_0.847,HYBDATE_2.22.2006,BRAINBANK_Q""""",""
"GSE15222","""""GENDER_male,AGE_69,PMI_16,TRANSDET_WHOLE_0.491,TRANSDET_CORTEX_0.845,HYBDATE_6.27.2006,BRAINBANK_H""""",""
"GSE15222","""""GENDER_male,AGE_69,PMI_2.16,TRANSDET_WHOLE_0.445,TRANSDET_CORTEX_0.769,HYBDATE_3.9.2006,BRAINBANK_A""""",""
"GSE15222","""""GENDER_male,AGE_69,PMI_24,TRANSDET_WHOLE_0.342,TRANSDET_CORTEX_0.59,HYBDATE_9.13.2006,BRAINBANK_F""""",""
"GSE15222","""""GENDER_male,AGE_69,PMI_9.5,TRANSDET_WHOLE_0.356,TRANSDET_CORTEX_0.612,HYBDATE_6.8.2006,BRAINBANK_G""""",""
"GSE15222","""""GENDER_male,AGE_70,PMI_18,TRANSDET_WHOLE_0.492,TRANSDET_CORTEX_0.844,HYBDATE_9.7.2006,BRAINBANK_G""""",""
"GSE15222","""""GENDER_male,AGE_70,PMI_19,TRANSDET_WHOLE_0.404,TRANSDET_CORTEX_0.696,HYBDATE_3.9.2006,BRAINBANK_N""""",""
"GSE15222","""""GENDER_male,AGE_70,PMI_20.5,TRANSDET_WHOLE_0.476,TRANSDET_CORTEX_0.819,HYBDATE_6.27.2006,BRAINBANK_H""""",""
"GSE15222","""""GENDER_male,AGE_70,PMI_8.5,TRANSDET_WHOLE_0.442,TRANSDET_CORTEX_0.761,HYBDATE_8.31.2006,BRAINBANK_G""""",""
"GSE15222","""""GENDER_male,AGE_71,PMI_9.25,TRANSDET_WHOLE_0.419,TRANSDET_CORTEX_0.723,HYBDATE_6.27.2006,BRAINBANK_G""""",""
"GSE15222","""""GENDER_male,AGE_72,PMI_18,TRANSDET_WHOLE_0.401,TRANSDET_CORTEX_0.692,HYBDATE_9.13.2006,BRAINBANK_I""""",""
"GSE15222","""""GENDER_male,AGE_72,PMI_26,TRANSDET_WHOLE_0.509,TRANSDET_CORTEX_0.87,HYBDATE_9.7.2006,BRAINBANK_H""""",""
"GSE15222","""""GENDER_male,AGE_72,PMI_unknown,TRANSDET_WHOLE_0.456,TRANSDET_CORTEX_0.787,HYBDATE_6.27.2006,BRAINBANK_P""""",""
"GSE15222","""""GENDER_male,AGE_73,PMI_18,TRANSDET_WHOLE_0.384,TRANSDET_CORTEX_0.663,HYBDATE_9.7.2006,BRAINBANK_H""""",""
"GSE15222","""""GENDER_male,AGE_73,PMI_7,TRANSDET_WHOLE_0.47,TRANSDET_CORTEX_0.81,HYBDATE_6.27.2006,BRAINBANK_H""""",""
"GSE15222","""""GENDER_male,AGE_73,PMI_9,TRANSDET_WHOLE_0.487,TRANSDET_CORTEX_0.839,HYBDATE_2.22.2006,BRAINBANK_E""""",""
"GSE15222","""""GENDER_male,AGE_74,PMI_16,TRANSDET_WHOLE_0.524,TRANSDET_CORTEX_0.888,HYBDATE_8.31.2006,BRAINBANK_G""""",""
"GSE15222","""""GENDER_male,AGE_74,PMI_24,TRANSDET_WHOLE_0.428,TRANSDET_CORTEX_0.739,HYBDATE_9.7.2006,BRAINBANK_H""""",""
"GSE15222","""""GENDER_male,AGE_74,PMI_unknown,TRANSDET_WHOLE_0.497,TRANSDET_CORTEX_0.855,HYBDATE_6.22.2006,BRAINBANK_B""""",""
"GSE15222","""""GENDER_male,AGE_75,PMI_1.17,TRANSDET_WHOLE_0.451,TRANSDET_CORTEX_0.772,HYBDATE_9.7.2006,BRAINBANK_C""""",""
"GSE15222","""""GENDER_male,AGE_75,PMI_18.9,TRANSDET_WHOLE_0.442,TRANSDET_CORTEX_0.763,HYBDATE_6.22.2006,BRAINBANK_C""""",""
"GSE15222","""""GENDER_male,AGE_75,PMI_6,TRANSDET_WHOLE_0.457,TRANSDET_CORTEX_0.787,HYBDATE_2.22.2006,BRAINBANK_F""""",""
"GSE15222","""""GENDER_male,AGE_76,PMI_2.5,TRANSDET_WHOLE_0.372,TRANSDET_CORTEX_0.641,HYBDATE_9.13.2006,BRAINBANK_A""""",""
"GSE15222","""""GENDER_male,AGE_76,PMI_30,TRANSDET_WHOLE_0.386,TRANSDET_CORTEX_0.665,HYBDATE_3.9.2006,BRAINBANK_F""""",""
"GSE15222","""""GENDER_male,AGE_76,PMI_49,TRANSDET_WHOLE_0.402,TRANSDET_CORTEX_0.693,HYBDATE_9.13.2006,BRAINBANK_F""""",""
"GSE15222","""""GENDER_male,AGE_76,PMI_8.5,TRANSDET_WHOLE_0.497,TRANSDET_CORTEX_0.856,HYBDATE_8.31.2006,BRAINBANK_G""""",""
"GSE15222","""""GENDER_male,AGE_76,PMI_9,TRANSDET_WHOLE_0.435,TRANSDET_CORTEX_0.749,HYBDATE_6.27.2006,BRAINBANK_P""""",""
"GSE15222","""""GENDER_male,AGE_77,PMI_11.25,TRANSDET_WHOLE_0.506,TRANSDET_CORTEX_0.867,HYBDATE_6.27.2006,BRAINBANK_Q""""",""
"GSE15222","""""GENDER_male,AGE_77,PMI_17,TRANSDET_WHOLE_0.447,TRANSDET_CORTEX_0.769,HYBDATE_6.27.2006,BRAINBANK_H""""",""
"GSE15222","""""GENDER_male,AGE_77,PMI_2.5,TRANSDET_WHOLE_0.464,TRANSDET_CORTEX_0.8,HYBDATE_9.13.2006,BRAINBANK_A""""",""
"GSE15222","""""GENDER_male,AGE_77,PMI_3.5,TRANSDET_WHOLE_0.515,TRANSDET_CORTEX_0.877,HYBDATE_6.22.2006,BRAINBANK_M""""",""
"GSE15222","""""GENDER_male,AGE_77,PMI_6,TRANSDET_WHOLE_0.448,TRANSDET_CORTEX_0.767,HYBDATE_9.7.2006,BRAINBANK_K""""",""
"GSE15222","""""GENDER_male,AGE_77,PMI_unknown,TRANSDET_WHOLE_0.455,TRANSDET_CORTEX_0.781,HYBDATE_2.22.2006,BRAINBANK_J""""",""
"GSE15222","""""GENDER_male,AGE_78,PMI_1.66,TRANSDET_WHOLE_0.428,TRANSDET_CORTEX_0.739,HYBDATE_3.9.2006,BRAINBANK_A""""",""
"GSE15222","""""GENDER_male,AGE_78,PMI_1.66,TRANSDET_WHOLE_0.432,TRANSDET_CORTEX_0.742,HYBDATE_3.9.2006,BRAINBANK_A""""",""
"GSE15222","""""GENDER_male,AGE_78,PMI_46,TRANSDET_WHOLE_0.415,TRANSDET_CORTEX_0.716,HYBDATE_2.22.2006,BRAINBANK_L""""",""
"GSE15222","""""GENDER_male,AGE_78,PMI_6,TRANSDET_WHOLE_0.484,TRANSDET_CORTEX_0.829,HYBDATE_2.22.2006,BRAINBANK_L""""",""
"GSE15222","""""GENDER_male,AGE_79,PMI_1.66,TRANSDET_WHOLE_0.445,TRANSDET_CORTEX_0.765,HYBDATE_3.9.2006,BRAINBANK_A""""",""
"GSE15222","""""GENDER_male,AGE_79,PMI_3,TRANSDET_WHOLE_0.504,TRANSDET_CORTEX_0.864,HYBDATE_9.7.2006,BRAINBANK_A""""",""
"GSE15222","""""GENDER_male,AGE_79,PMI_9,TRANSDET_WHOLE_0.494,TRANSDET_CORTEX_0.85,HYBDATE_8.31.2006,BRAINBANK_G""""",""
"GSE15222","""""GENDER_male,AGE_80,PMI_22,TRANSDET_WHOLE_0.487,TRANSDET_CORTEX_0.841,HYBDATE_2.22.2006,BRAINBANK_E""""",""
"GSE15222","""""GENDER_male,AGE_80,PMI_8,TRANSDET_WHOLE_0.402,TRANSDET_CORTEX_0.694,HYBDATE_8.31.2006,BRAINBANK_P""""",""
"GSE15222","""""GENDER_male,AGE_80,PMI_unknown,TRANSDET_WHOLE_0.4,TRANSDET_CORTEX_0.689,HYBDATE_8.31.2006,BRAINBANK_P""""",""
"GSE15222","""""GENDER_male,AGE_81,PMI_14,TRANSDET_WHOLE_0.46,TRANSDET_CORTEX_0.794,HYBDATE_6.27.2006,BRAINBANK_H""""",""
"GSE15222","""""GENDER_male,AGE_81,PMI_2.75,TRANSDET_WHOLE_0.468,TRANSDET_CORTEX_0.808,HYBDATE_3.9.2006,BRAINBANK_A""""",""
"GSE15222","""""GENDER_male,AGE_81,PMI_3.25,TRANSDET_WHOLE_0.473,TRANSDET_CORTEX_0.817,HYBDATE_6.22.2006,BRAINBANK_C""""",""
"GSE15222","""""GENDER_male,AGE_81,PMI_4.25,TRANSDET_WHOLE_0.379,TRANSDET_CORTEX_0.653,HYBDATE_9.13.2006,BRAINBANK_C""""",""
"GSE15222","""""GENDER_male,AGE_81,PMI_6,TRANSDET_WHOLE_0.421,TRANSDET_CORTEX_0.726,HYBDATE_6.27.2006,BRAINBANK_H""""",""
"GSE15222","""""GENDER_male,AGE_81,PMI_7.24,TRANSDET_WHOLE_0.354,TRANSDET_CORTEX_0.611,HYBDATE_9.13.2006,BRAINBANK_C""""",""
"GSE15222","""""GENDER_male,AGE_82,PMI_2.1,TRANSDET_WHOLE_0.493,TRANSDET_CORTEX_0.85,HYBDATE_6.22.2006,BRAINBANK_M""""",""
"GSE15222","""""GENDER_male,AGE_82,PMI_23,TRANSDET_WHOLE_0.494,TRANSDET_CORTEX_0.84,HYBDATE_9.7.2006,BRAINBANK_F""""",""
"GSE15222","""""GENDER_male,AGE_82,PMI_8.75,TRANSDET_WHOLE_0.429,TRANSDET_CORTEX_0.738,HYBDATE_9.13.2006,BRAINBANK_G""""",""
"GSE15222","""""GENDER_male,AGE_82,PMI_unknown,TRANSDET_WHOLE_0.468,TRANSDET_CORTEX_0.808,HYBDATE_6.22.2006,BRAINBANK_B""""",""
"GSE15222","""""GENDER_male,AGE_83,PMI_28,TRANSDET_WHOLE_0.446,TRANSDET_CORTEX_0.769,HYBDATE_9.7.2006,BRAINBANK_H""""",""
"GSE15222","""""GENDER_male,AGE_83,PMI_3.16,TRANSDET_WHOLE_0.486,TRANSDET_CORTEX_0.833,HYBDATE_3.9.2006,BRAINBANK_A""""",""
"GSE15222","""""GENDER_male,AGE_83,PMI_5.5,TRANSDET_WHOLE_0.47,TRANSDET_CORTEX_0.811,HYBDATE_8.31.2006,BRAINBANK_P""""",""
"GSE15222","""""GENDER_male,AGE_83,PMI_unknown,TRANSDET_WHOLE_0.459,TRANSDET_CORTEX_0.786,HYBDATE_6.27.2006,BRAINBANK_P""""",""
"GSE15222","""""GENDER_male,AGE_84,PMI_16.5,TRANSDET_WHOLE_0.442,TRANSDET_CORTEX_0.757,HYBDATE_6.15.2006,BRAINBANK_P""""",""
"GSE15222","""""GENDER_male,AGE_84,PMI_2,TRANSDET_WHOLE_0.464,TRANSDET_CORTEX_0.798,HYBDATE_6.22.2006,BRAINBANK_C""""",""
"GSE15222","""""GENDER_male,AGE_84,PMI_6,TRANSDET_WHOLE_0.399,TRANSDET_CORTEX_0.688,HYBDATE_6.22.2006,BRAINBANK_Q""""",""
"GSE15222","""""GENDER_male,AGE_85,PMI_2,TRANSDET_WHOLE_0.456,TRANSDET_CORTEX_0.78,HYBDATE_9.7.2006,BRAINBANK_C""""",""
"GSE15222","""""GENDER_male,AGE_85,PMI_2.5,TRANSDET_WHOLE_0.367,TRANSDET_CORTEX_0.633,HYBDATE_3.9.2006,BRAINBANK_A""""",""
"GSE15222","""""GENDER_male,AGE_85,PMI_3.16,TRANSDET_WHOLE_0.484,TRANSDET_CORTEX_0.836,HYBDATE_3.9.2006,BRAINBANK_A""""",""
"GSE15222","""""GENDER_male,AGE_85,PMI_9.5,TRANSDET_WHOLE_0.423,TRANSDET_CORTEX_0.729,HYBDATE_3.9.2006,BRAINBANK_N""""",""
"GSE15222","""""GENDER_male,AGE_86,PMI_2.5,TRANSDET_WHOLE_0.474,TRANSDET_CORTEX_0.817,HYBDATE_8.31.2006,BRAINBANK_A""""",""
"GSE15222","""""GENDER_male,AGE_86,PMI_20,TRANSDET_WHOLE_0.434,TRANSDET_CORTEX_0.75,HYBDATE_9.7.2006,BRAINBANK_F""""",""
"GSE15222","""""GENDER_male,AGE_86,PMI_3,TRANSDET_WHOLE_0.434,TRANSDET_CORTEX_0.749,HYBDATE_6.27.2006,BRAINBANK_A""""",""
"GSE15222","""""GENDER_male,AGE_86,PMI_7,TRANSDET_WHOLE_0.445,TRANSDET_CORTEX_0.769,HYBDATE_3.9.2006,BRAINBANK_N""""",""
"GSE15222","""""GENDER_male,AGE_86,PMI_7.8,TRANSDET_WHOLE_0.43,TRANSDET_CORTEX_0.743,HYBDATE_6.27.2006,BRAINBANK_I""""",""
"GSE15222","""""GENDER_male,AGE_87,PMI_2,TRANSDET_WHOLE_0.479,TRANSDET_CORTEX_0.826,HYBDATE_6.22.2006,BRAINBANK_M""""",""
"GSE15222","""""GENDER_male,AGE_87,PMI_3.5,TRANSDET_WHOLE_0.46,TRANSDET_CORTEX_0.794,HYBDATE_6.22.2006,BRAINBANK_Q""""",""
"GSE15222","""""GENDER_male,AGE_87,PMI_4,TRANSDET_WHOLE_0.367,TRANSDET_CORTEX_0.632,HYBDATE_6.8.2006,BRAINBANK_I""""",""
"GSE15222","""""GENDER_male,AGE_88,PMI_10,TRANSDET_WHOLE_0.481,TRANSDET_CORTEX_0.829,HYBDATE_2.22.2006,BRAINBANK_E""""",""
"GSE15222","""""GENDER_male,AGE_88,PMI_5,TRANSDET_WHOLE_0.485,TRANSDET_CORTEX_0.835,HYBDATE_6.22.2006,BRAINBANK_M""""",""
"GSE15222","""""GENDER_male,AGE_89,PMI_30,TRANSDET_WHOLE_0.466,TRANSDET_CORTEX_0.804,HYBDATE_3.9.2006,BRAINBANK_N""""",""
"GSE15222","""""GENDER_male,AGE_90,PMI_6,TRANSDET_WHOLE_0.455,TRANSDET_CORTEX_0.783,HYBDATE_9.7.2006,BRAINBANK_N""""",""
"GSE15222","""""GENDER_male,AGE_90,PMI_7,TRANSDET_WHOLE_0.463,TRANSDET_CORTEX_0.796,HYBDATE_6.22.2006,BRAINBANK_Q""""",""
"GSE15222","""""GENDER_male,AGE_90,PMI_7.42,TRANSDET_WHOLE_0.465,TRANSDET_CORTEX_0.8,HYBDATE_9.7.2006,BRAINBANK_C""""",""
"GSE15222","""""GENDER_male,AGE_91,PMI_16,TRANSDET_WHOLE_0.488,TRANSDET_CORTEX_0.835,HYBDATE_2.22.2006,BRAINBANK_R""""",""
"GSE15222","""""GENDER_male,AGE_91,PMI_7.68,TRANSDET_WHOLE_0.49,TRANSDET_CORTEX_0.839,HYBDATE_6.22.2006,BRAINBANK_C""""",""
"GSE15222","""""GENDER_male,AGE_94,PMI_2,TRANSDET_WHOLE_0.443,TRANSDET_CORTEX_0.764,HYBDATE_6.27.2006,BRAINBANK_Q""""",""
"GSE15222","""""GENDER_male,AGE_94,PMI_2,TRANSDET_WHOLE_0.454,TRANSDET_CORTEX_0.784,HYBDATE_8.31.2006,BRAINBANK_A""""",""
"GSE15222","""""GENDER_male,AGE_94,PMI_4.75,TRANSDET_WHOLE_0.449,TRANSDET_CORTEX_0.773,HYBDATE_6.22.2006,BRAINBANK_Q""""",""
"GSE15222","""""GENDER_male,AGE_96,PMI_5.5,TRANSDET_WHOLE_0.474,TRANSDET_CORTEX_0.817,HYBDATE_6.22.2006,BRAINBANK_C""""",""
"GSE15222","""""GENDER_male,AGE_96,PMI_6,TRANSDET_WHOLE_0.483,TRANSDET_CORTEX_0.829,HYBDATE_2.22.2006,BRAINBANK_K""""",""
"GSE15222","""""GENDER_male,AGE_97,PMI_7,TRANSDET_WHOLE_0.475,TRANSDET_CORTEX_0.817,HYBDATE_3.9.2006,BRAINBANK_F""""",""
"GSE15222","""""age","97"""" | 101.1"""" | 84"""" | 95.3"""" | 97.6"""" | 102.3"""" | 87"""" | 77"""" | 92.5"""" | 93"""" | 93.9"""" | 90"""" | 75"""" | 92"""" | 83.6"""" | 88.9"""" | 89"""" | 74.8"""" | 79.6"""" | 80.6"""" | 97.3"""" | 89.7"""" | 90.1"""" | 90.7"""" | 78"""" | 80"""" | 79"""" | 88"""" | 86"""" | 74"""" | 72"""" | 81"""" | 68"""" | 82"""" | 83"""" | 73"""" | 94"""" | 76"""" | 91"""" | 83.7"""" | 71"""" | NA"""" | 69"""" | 85"""" | 96"""" | 81.9"""" | 73.1"""" | 86.4"""" | 86.5"""""
"GSE15222","""""gender","Female"""" | Male"""""
"GSE15222","""""pmi","14"""" | 017:40"""" | 3:25"""" | 006:45"""" | 009:55"""" | 003:40"""" | 2.67"""" | NA"""" | 4:20"""" | """" | 002:00"""" | 005:10"""" | 4"""" | 7.5"""" | 8.25"""" | 007:45"""" | 015:30"""" | 004:10"""" | 011 :06"""" | 010:00"""" | 010:30"""" | 011 :35"""" | 004:20"""" | 3.5"""" | 11.83"""" | 17.5"""" | 7"""" | 20"""" | 19"""" | 3:37"""" | 6"""" | 15"""" | 4.5"""" | 5.75"""" | 7.8"""" | 2"""" | 12"""" | 004:30"""" | 2:56"""" | 2:30"""" | 4:34"""" | 10"""" | 8"""" | 6:00"""" | 4:30"""" | 16.25"""" | 3"""" | 3.75"""" | 2.33"""" | 4:00"""" | 6.3"""" | 2.25"""" | 8.42"""" | 4.33"""" | 5.25"""" | 3.25"""" | 7.75"""" | 2.66"""" | 10.5"""" | 4.8"""" | 21"""" | 1.33"""" | 9.17"""" | 6.17"""" | 1.97"""" | 7.33"""" | 3.28"""" | 3.67"""" | 11"""" | 9"""" | 27.5"""" | 6.5"""" | 9.5"""" | 18"""" | 5"""" | 13.5"""" | 001:10"""" | 4.75"""" | 015:45"""" | 014:15"""" | 001:15"""" | 003:24"""" | 026:54"""" | 10.83"""""
"GSE15222","""""tissue","Alzheimer's Disease frozen cortical tissue"""""
"GSE29378","""""age(years)","66"""" | 81"""" | 72"""" | 86"""" | 90"""" | 88"""" | 61"""" | 72.6"""" | 67.2"""" | 68"""" | 74"""" | 83"""" | 73"""" | 70"""" | 85"""" | 79"""" | 80"""" | 85.4"""" | 75"""" | 84.6"""" | 84"""""
"GSE29378","""""apoegenotype(alleles)","NA"""" | 3,3"""" | 3,4"""" | 2,3"""" | 4,4"""""
"GSE29378","""""braakstage(0-6)","NA"""" | 2"""" | 1"""" | 5"""" | 6"""" | 4"""""
"GSE29378","""""brainbank","VA"""" | OHSU"""""
"GSE29378","""""chipnumber(batch)","5298416043"""" | 5298416027"""" | 5298416040"""" | 5298416060"""" | 5298416058"""" | 5298416003"""""
"GSE29378","""""diseaseduration(years)","NA"""" | 11"""" | 8"""" | 5"""" | 10"""" | 9"""" | 15"""""
"GSE29378","""""gender","Male"""" | Female"""""
"GSE29378","""""locationonchip","A"""" | B"""" | C"""" | E"""" | F"""" | G"""" | H"""" | I"""" | J"""" | K"""" | L"""" | D"""""
"GSE29378","""""plaquescore(0-3)","2"""" | 1"""" | NA"""" | 3"""" | 0"""""
"GSE29378","""""postmorteminterval(hours)","12.3"""" | 6"""" | 14"""" | 24"""" | 12"""" | 4.5"""" | 17.3"""" | 7.5"""" | 3.5"""" | 3"""" | 9.5"""" | 23"""" | 19"""" | 8"""" | 15"""" | 5.25"""" | NA"""" | 5"""" | 17.7"""" | 12.5"""" | 18"""" | 2"""" | 5.5"""" | 13.5"""" | 4"""" | 7"""" | 10.5"""" | 22.8"""""
"GSE29378","""""regioninhippocampus","CA3"""" | CA1"""""
"GSE29378","""""subjectnumber","4147"""" | 1385"""" | 3795"""" | 1761"""" | 704"""" | 1013"""" | 3740"""" | 1716"""" | 4125"""" | 1440"""" | 1388"""" | 1580"""" | 1167"""" | 881"""" | 1294"""" | 1731"""" | 1064"""" | 993"""" | 1720"""" | 962"""" | 588"""" | 4155"""" | 4159"""" | 1376"""" | 862"""" | 1380"""" | 1673"""" | 3777"""" | 827"""" | 926"""" | 4152"""" | 3912"""" | 4098"""""
"GSE33000","""""sample type","reference"""""
"GSE33000","""""tissue","prefrontal cortex brain"""""
"GSE36980","""""Sex","M"""" | F"""""
"GSE36980","""""age","84"""" | 105"""" | 88"""" | 91"""" | 95"""" | 92"""" | 101"""" | 94"""" | 89"""" | 100"""" | 99"""" | 83"""" | 90"""" | 80"""" | 77"""" | 87"""" | 86"""" | 55"""" | 72"""" | 82"""" | 78"""" | 74"""" | 81"""" | 75"""" | 65"""" | 71"""" | 54"""""
"GSE36980","""""tissue","Frontal cortex"""" | Temporal cortex"""" | Hippocampus"""""
"GSE44770","""""age","NA"""""
"GSE44770","""""gender","NA"""""
"GSE44770","""""tissue","brain"""""
"GSE48350","""""""""",""
"GSE48350","""""age (yrs)","76"""" | 86"""" | 82"""" | 85"""" | 90"""" | 91"""" | 87"""" | 94"""" | 60"""" | 74"""" | 79"""" | 80"""" | 95"""" | 88"""" | 96"""" | 84"""" | 45"""" | 99"""" | 92"""" | 83"""" | 28"""" | 97"""" | 34"""" | 44"""" | 37"""" | 70"""" | 64"""" | 21"""" | 69"""" | 40"""" | 52"""" | 75"""" | 26"""" | 20"""" | 36"""" | 48"""" | 30"""" | 33"""" | 22"""" | 42"""" | 47"""" | 66"""""
"GSE48350","""""apoe genotype","3,3"""" | 4,4"""" | 3,4"""" | 2,4"""""
"GSE48350","""""braak stage","V"""" | VI"""" | IV"""" | III"""" | V-VI"""" | II"""" | no info"""" | I"""""
"GSE48350","""""brain region","postcentral gyrus"""" | superior frontal gyrus"""" | hippocampus"""" | entorhinal cortex"""" | post-central gyrus"""""
"GSE48350","""""gender","female"""" | male"""""
"GSE48350","""""individual","10, C"""" | 105, C"""" | 106, C"""" | 108, C"""" | 109, C"""" | 111, C"""" | 12, AA"""" | 14, C"""" | 15, C"""" | 16-07, C"""" | 17, C"""" | 18, C"""" | 2, C"""" | 21, C"""" | 26, C"""" | 27, C"""" | 28, C"""" | 29, C"""" | 30, C"""" | 34, C"""" | 35, AA"""" | 38, C"""" | 40, C"""" | 40-04, C"""" | 42, C"""" | 45, C"""" | 46, C"""" | 47, C"""" | 52, C"""" | 53, C"""" | 54, C"""" | 59, C"""" | 66, C"""" | 67, C"""" | 68, C"""" | 71, C"""" | 72, C"""" | 73, C"""" | 76, C"""" | 77, C"""" | 78, C"""" | 79, AA"""" | 8, C"""" | 80, AA"""" | 81, AA"""" | 82, AA"""" | 83, C"""" | 84, AA"""" | 85, C"""" | 86, AA"""" | 87, C"""" | 88, AA"""" | 93, C"""" | 94, C"""" | 96, C"""" | 98, C"""" | 63, C"""""
"GSE48350","""""mmse","3"""" | 9"""" | 0"""" | 26"""" | 17"""" | 20"""" | no info"""" | 11"""" | 22"""" | 19"""" | 12"""" | 15"""" | 6"""" | 23"""" | 4"""" | 18"""" | 27"""""
"GSE5281","""""Age","63 years"""" | 85 years"""" | 80 years"""" | 102 years"""" | 79 years"""" | 76 years"""" | 83 years"""" | 88 years"""" | 82 years"""" | 69 years"""" | 78 years"""" | 85 days"""" | 73 years"""" | 86 years"""" | 93 years"""" | 84 years"""" | 91 years"""" | 81 years"""" | 75 years"""" | 68 years"""" | 70.8 years"""" | 72 years"""" | 87 years"""" | 95 years"""" | 77 years"""" | 81.3 years"""""
"GSE5281","""""Bio-Source Name","EC control 1"""" | EC control 2"""" | EC control 3"""" | EC control 4"""" | EC control 5"""" | EC control 6"""" | EC control 7"""" | EC control 8"""" | EC control 9"""" | EC control 10"""" | EC control 11"""" | EC control 12"""" | EC control 13"""" | HIP control 1"""" | HIP control 2"""" | HIP control 3"""" | HIP control 4"""" | HIP control 5"""" | HIP control 6"""" | HIP control 7"""" | HIP control 8"""" | HIP control 9"""" | HIP control 10"""" | HIP control 11"""" | HIP control 12"""" | HIP control 13"""" | MTG control 1"""" | MTG control 2"""" | MTG control 3"""" | MTG control 4"""" | MTG control 5"""" | MTG control 6"""" | MTG control 7"""" | MTG control 8"""" | MTG control 9"""" | MTG control 10"""" | MTG control 11"""" | MTG control 12"""" | SFG control 1"""" | SFG control 2"""" | SFG control 3"""" | SFG control 4"""" | SFG control 5"""" | SFG control 6"""" | SFG control 7"""" | SFG control 8"""" | SFG control 9"""" | SFG control 10"""" | SFG control 11"""" | VCX control 1"""" | VCX control 2"""" | VCX control 3"""" | VCX control 4"""" | VCX control 5"""" | VCX control 6"""" | VCX control 7"""" | VCX control 8"""" | VCX control 9"""" | VCX control 10"""" | VCX control 11"""" | VCX control 12"""" | EC_affected_1"""" | EC_affected_2"""" | EC_affected_3"""" | EC_affected_4"""" | EC_affected_5"""" | EC_affected_6"""" | EC_affected_7"""" | EC_affected_10"""" | PC_affected_2"""" | PC_affected_3"""" | PC_affected_4"""" | PC_affected_5"""" | PC_affected_6"""" | PC_affected_7"""" | PC_affected_8"""" | PC_affected_9"""" | SFG_affected_1"""" | SFG_affected_2"""" | SFG_affected_3"""" | SFG_affected_4"""" | SFG_affected_5"""" | SFG_affected_6"""" | SFG_affected_7"""" | SFG_affected_8"""" | SFG_affected_9"""" | SFG_affected_10"""" | SFG_affected_11"""" | SFG_affected_12"""" | SFG_affected_13"""" | SFG_affected_14"""" | SFG_affected_15"""" | SFG_affected_16"""" | SFG_affected_17"""" | SFG_affected_18"""" | VCX_affected_1"""" | VCX_affected_2"""" | VCX_affected_3"""" | VCX_affected_4"""" | VCX_affected_5"""" | VCX_affected_6"""" | VCX_affected_7"""" | VCX_affected_8"""" | VCX_affected_10"""" | VCX_affected_13"""""
"GSE5281","""""Cell Type","layer III neurons """" | pyramidal neuron """""
"GSE5281","""""Developmental Stage","Adult """""
"GSE5281","""""Disease State","normal """" | Alzheimer's Disease """""
"GSE5281","""""Ethnicity","Caucasian """" | unknown """""
"GSE5281","""""Genetic Variation","None """""
"GSE5281","""""Organ Region","Entorhinal Cortex """" | hippocampus """" | Medial Temporal Gyrus """" | Superior Frontal Gyrus """" | Primary Visual Cortex """" | Posterior Singulate """""
"GSE5281","""""Organ/Tissue Type","brain """""
"GSE5281","""""Organism","Human """""
"GSE5281","""""Sample Amount","10 ug"""" | 10 ng"""""
"GSE5281","""""Sex","male """" | female """""
"GSE5281","""""age","85 years"""" | 80 years"""" | 102 years"""" | 63 years"""" | 79 years"""" | 76 years"""" | 83 years"""" | 88 years"""" | 82 years"""" | 73 years"""" | 69 years"""" | 78 years"""" | 86 years"""" | 97 years"""" | 72 years"""" | 75 years"""" | 70 years"""" | 77 years"""" | 81 years"""" | 87 years"""" | >90 years"""" | 68 years"""" | 74 years"""""
"GSE5281","""""bio-source name","PC control 1"""" | PC control 2"""" | PC control 3"""" | PC control 4"""" | PC control 5"""" | PC control 6"""" | PC control 7"""" | PC control 8"""" | PC control 9"""" | PC control 10"""" | PC control 11"""" | PC control 12"""" | PC control 13"""" | EC_affected_8"""" | EC_affected_9"""" | HIP_affected_1"""" | HIP_affected_2"""" | HIP_affected_3"""" | HIP_affected_4"""" | HIP_affected_5"""" | HIP_affected_6"""" | HIP_affected_7"""" | HIP_affected_8"""" | HIP_affected_9"""" | HIP_affected_10"""" | MTG_affected_1"""" | MTG_affected_2"""" | MTG_affected_3"""" | MTG_affected_4"""" | MTG_affected_5"""" | MTG_affected_6"""" | MTG_affected_7"""" | MTG_affected_8"""" | MTG_affected_9"""" | MTG_affected_10"""" | MTG_affected_11"""" | MTG_affected_12"""" | MTG_affected_13"""" | MTG_affected_14"""" | MTG_affected_15"""" | MTG_affected_16"""" | PC_affected_1"""" | SFG_affected_19"""" | SFG_affected_20"""" | SFG_affected_21"""" | SFG_affected_22"""" | SFG_affected_23"""" | VCX_affected_9"""" | VCX_affected_11"""" | VCX_affected_12"""" | VCX_affected_14"""" | VCX_affected_15"""" | VCX_affected_16"""" | VCX_affected_17"""" | VCX_affected_18"""" | VCX_affected_19"""""
"GSE5281","""""cell type","layer III neurons """" | pyramidal neuron """""
"GSE5281","""""developmental stage","Adult """""
"GSE5281","""""disease state","normal """" | Alzheimer's Disease """""
"GSE5281","""""ethnicity","Caucasian """" | unknown """""
"GSE5281","""""genetic variation","None """""
"GSE5281","""""organ region","Posterior Cingulate """" | Posterior Singulate """" | Posterior cingulate """" | Entorhinal Cortex """" | hippocampus """" | Medial Temporal Gyrus """" | Superior Frontal Gyrus """" | Primary Visual Cortex """""
"GSE5281","""""organ/tissue type","brain """""
"GSE5281","""""organism","Human """""
"GSE5281","""""sample amount","10 ug"""" | 10 ng"""""
"GSE5281","""""sex","male """" | female """""
"GSE66351","""""Sex","F"""" | M"""""
"GSE66351","""""age","78"""" | 76"""" | 75"""" | 85"""" | 94"""" | 18"""" | 88"""" | 81"""" | 77"""" | 83"""" | 19"""" | 87"""" | 71"""" | 63"""" | 93"""" | 70"""" | 73"""" | 90"""" | 82"""" | 80"""" | 65"""" | 67"""" | 74"""" | 53"""" | 57"""" | 46"""" | 50"""" | 55"""" | 59"""" | 89"""" | 61"""" | 68"""" | 62"""" | 97"""" | 60"""" | 54"""" | 79"""""
"GSE66351","""""braak_stage","6"""" | 4"""" | 0"""" | 3"""" | NA"""" | 5"""" | 2"""" | 1"""""
"GSE66351","""""brain_region","Occipital cortex"""" | Frontal cortex"""" | Temporal cortex"""""
"GSE66351","""""cell type","Glia"""" | Neuron"""" | bulk"""""
"GSE66351","""""diagnosis","AD"""" | CTRL"""""
"GSE66351","""""donor_id","Dnr01"""" | Dnr02"""" | Dnr03"""" | Dnr04"""" | Dnr05"""" | Dnr06"""" | Dnr10"""" | Dnr11"""" | Dnr12"""" | Dnr13"""" | Dnr14"""" | Dnr15"""" | Dnr16"""" | Dnr17"""" | Dnr18"""" | Dnr19"""" | Dnr20"""" | 2014.002"""" | 2014.003"""" | 2014.004"""" | 2014.005"""" | 2014.006"""" | 2015.007"""" | 2015.008"""" | 2015.009"""" | 2015.011"""" | 2015.012"""" | 2015.013"""" | 2015.014"""" | 2015.015"""" | 2015.016"""" | RZ021"""" | RZ051"""" | RZ052"""" | RZ055"""" | RZ057"""" | RZ058"""" | RZ059"""" | RZ063"""" | RZ065"""" | RZ067"""" | RZ068"""" | RZ069"""" | RZ070"""" | RZ076"""" | RZ077"""" | RZ079"""" | RZ081"""" | RZ082"""" | RZ084"""" | RZ085"""" | RZ089"""" | RZ090"""" | RZ092"""" | RZ098"""" | RZ099"""" | RZ104"""" | RZ109"""" | RZ119"""" | RZ121"""" | RZ122"""" | RZ133"""" | RZ140"""" | RZ143"""" | RZ144"""" | RZ145"""" | RZ146"""" | RZ147"""" | RZ148"""" | RZ149"""" | RZ155"""" | RZ160"""" | RZ162"""" | RZ163"""" | RZ170"""" | RZ171"""" | RZ181"""" | RZ244"""" | RZ256"""" | RZ261"""" | RZ262"""" | RZ296"""" | RZ302"""" | RZ307"""" | RZ323"""" | RZ339"""" | RZ340"""" | RZ342"""" | RZ369"""" | RZ375"""" | RZ391"""" | RZ413"""" | RZ433"""" | RZ459"""" | RZ016"""" | RZ468"""""
"GSE66351","""""sentrix_id","8918692108"""" | 8918692120"""" | 8221932039"""" | 9297953052"""" | 9247377057"""" | 9247377036"""" | 3998919115"""" | 3998919116"""" | 3998920130"""" | 5854945043"""" | 5854945045"""" | 5854945056"""" | 5854945057"""" | 5854945010"""" | 5854945021"""" | 5854945020"""" | 5854945006"""" | 5900438023"""" | 5900438003"""" | 5854945005"""" | 5854945011"""""
"GSE66351","""""sentrix_position","R01C02"""" | R01C01"""" | R02C02"""" | R02C01"""" | R03C02"""" | R03C01"""" | R04C02"""" | R04C01"""" | R05C02"""" | R05C01"""" | R06C02"""" | R06C01"""""
"GSE97760","""""disease","healthy"""" | advanced Alzheimer's disease"""""
"GSE97760","""""gender","Female"""""
"GSE97760","""""tissue","whole blood"""""
"GSE109887","source_name_ch1","""""middle temporal gyrus, AD"""" | """"middle temporal gyrus, Control"""""
"GSE109887","title","""""MTG_AD_rep1"""" | """"MTG_AD_rep2"""" | """"MTG_AD_rep3"""" | """"MTG_AD_rep4"""" | """"MTG_AD_rep5"""" | """"MTG_AD_rep6"""" | """"MTG_AD_rep7"""" | """"MTG_Control_rep8"""" | """"MTG_AD_rep9"""" | """"MTG_Control_rep10"""" | """"MTG_AD_rep11"""" | """"MTG_Control_rep12"""" | """"MTG_AD_rep13"""" | """"MTG_AD_rep14"""" | """"MTG_AD_rep15"""" | """"MTG_AD_rep16"""" | """"MTG_AD_rep17"""" | """"MTG_Control_rep18"""" | """"MTG_AD_rep19"""" | """"MTG_AD_rep20"""" | """"MTG_AD_rep21"""" | """"MTG_Control_rep22"""" | """"MTG_Control_rep23"""" | """"MTG_Control_rep24"""" | """"MTG_Control_rep25"""" | """"MTG_AD_rep26"""" | """"MTG_Control_rep27"""" | """"MTG_AD_rep28"""" | """"MTG_AD_rep29"""" | """"MTG_Control_rep30"""" | """"MTG_AD_rep31"""" | """"MTG_Control_rep32"""" | """"MTG_Control_rep33"""" | """"MTG_AD_rep34"""" | """"MTG_Control_rep35"""" | """"MTG_Control_rep36"""" | """"MTG_AD_rep37"""" | """"MTG_Control_rep38"""" | """"MTG_AD_rep39"""" | """"MTG_AD_rep40"""" | """"MTG_AD_rep41"""" | """"MTG_AD_rep42"""" | """"MTG_AD_rep43"""" | """"MTG_AD_rep44"""" | """"MTG_AD_rep45"""" | """"MTG_AD_rep46"""" | """"MTG_AD_rep47"""" | """"MTG_AD_rep48"""" | """"MTG_AD_rep49"""" | """"MTG_Control_rep50"""" | """"MTG_AD_rep51"""" | """"MTG_Control_rep52"""" | """"MTG_AD_rep53"""" | """"MTG_AD_rep54"""" | """"MTG_Control_rep55"""" | """"MTG_Control_rep56"""" | """"MTG_AD_rep57"""" | """"MTG_AD_rep58"""" | """"MTG_Control_rep59"""" | """"MTG_Control_rep60"""" | """"MTG_Control_rep61"""" | """"MTG_Control_rep62"""" | """"MTG_Control_rep63"""" | """"MTG_Control_rep64"""" | """"MTG_Control_rep65"""" | """"MTG_Control_rep66"""" | """"MTG_AD_rep67"""" | """"MTG_Control_rep68"""" | """"MTG_Control_rep69"""" | """"MTG_Control_rep70"""" | """"MTG_AD_rep71"""" | """"MTG_AD_rep72"""" | """"MTG_AD_rep73"""" | """"MTG_Control_rep74"""" | """"MTG_AD_rep75"""" | """"MTG_AD_rep76"""" | """"MTG_Control_rep77"""" | """"MTG_AD_rep78"""""
"GSE118553","source_name_ch1","""""Temporal_Cortex"""" | """"Cerebellum"""" | """"Frontal_Cortex"""" | """"Entorhinal_Cortex"""""
"GSE118553","title","""""Temporal_Cortex AD (9371242065_I)"""" | """"Cerebellum AD (9344744094_C)"""" | """"Frontal_Cortex AD (9345344027_D)"""" | """"Entorhinal_Cortex AD (9371242082_K)"""" | """"Temporal_Cortex control (9344744089_I)"""" | """"Frontal_Cortex control (9344744043_I)"""" | """"Entorhinal_Cortex control (9216457002_B)"""" | """"Cerebellum control (9031356073_B)"""" | """"Temporal_Cortex control (9031356085_B)"""" | """"Entorhinal_Cortex control (9031356088_B)"""" | """"Frontal_Cortex control (9031356076_B)"""" | """"Entorhinal_Cortex AD (9371242065_J)"""" | """"Entorhinal_Cortex control (9216457002_A)"""" | """"Entorhinal_Cortex control (9031356088_A)"""" | """"Temporal_Cortex control (9031356085_A)"""" | """"Cerebellum control (9031356073_A)"""" | """"Frontal_Cortex control (9031356076_A)"""" | """"Entorhinal_Cortex control (9216457028_I)"""" | """"Entorhinal_Cortex AD (9371242065_D)"""" | """"Frontal_Cortex AD (9344744094_L)"""" | """"Temporal_Cortex AsymAD (9031356081_L)"""" | """"Entorhinal_Cortex AsymAD (9031356094_L)"""" | """"Frontal_Cortex AsymAD (9031356077_L)"""" | """"Cerebellum AsymAD (9031356072_L)"""" | """"Temporal_Cortex AsymAD (9031292037_L)"""" | """"Frontal_Cortex AsymAD (9031356097_K)"""" | """"Temporal_Cortex AsymAD (9031356091_K)"""" | """"Entorhinal_Cortex AsymAD (9216457022_K)"""" | """"Entorhinal_Cortex AsymAD (9216457027_K)"""" | """"Cerebellum AsymAD (9031356084_K)"""" | """"Frontal_Cortex AD (9344744094_G)"""" | """"Entorhinal_Cortex AD (9371242065_B)"""" | """"Temporal_Cortex AD (9031356085_F)"""" | """"Frontal_Cortex AD (9031356076_F)"""" | """"Cerebellum AD (9031356073_F)"""" | """"Entorhinal_Cortex AsymAD (9345344031_A)"""" | """"Frontal_Cortex AsymAD (9344744089_F)"""" | """"Temporal_Cortex AsymAD (9345344009_A)"""" | """"Frontal_Cortex AD (9031356076_E)"""" | """"Cerebellum AD (9031356073_E)"""" | """"Temporal_Cortex AD (9031356085_E)"""" | """"Entorhinal_Cortex AD (9031356088_E)"""" | """"Entorhinal_Cortex AD (9216457002_E)"""" | """"Frontal_Cortex AD (9031356077_E)"""" | """"Temporal_Cortex AD (9031356081_E)"""" | """"Cerebellum AD (9031356072_E)"""" | """"Temporal_Cortex AD (9031292037_E)"""" | """"Cerebellum AD (9031356069_F)"""" | """"Temporal_Cortex AD (9031292027_F)"""" | """"Frontal_Cortex control (9216457020_H)"""" | """"Temporal_Cortex control (9031356081_A)"""" | """"Frontal_Cortex control (9031356077_A)"""" | """"Entorhinal_Cortex control (9031356094_A)"""" | """"Temporal_Cortex control (9031292037_A)"""" | """"Cerebellum control (9031356072_A)"""" | """"Frontal_Cortex AsymAD (9031356052_K)"""" | """"Temporal_Cortex AsymAD (9031292027_K)"""" | """"Cerebellum AsymAD (9031356069_K)"""" | """"Entorhinal_Cortex AsymAD (9031356102_K)"""" | """"Frontal_Cortex AsymAD (9031356076_I)"""" | """"Cerebellum AsymAD (9031356073_I)"""" | """"Entorhinal_Cortex AsymAD (9216457002_I)"""" | """"Entorhinal_Cortex AsymAD (9031356088_I)"""" | """"Temporal_Cortex AsymAD (9031356085_I)"""" | """"Temporal_Cortex control (9344744052_I)"""" | """"Entorhinal_Cortex control (9216457027_B)"""" | """"Temporal_Cortex control (9031356091_B)"""" | """"Cerebellum control (9031356084_B)"""" | """"Frontal_Cortex control (9031356097_B)"""" | """"Entorhinal_Cortex control (9216457022_B)"""" | """"Entorhinal_Cortex control (9031356102_C)"""" | """"Temporal_Cortex control (9031356074_C)"""" | """"Cerebellum control (9031356069_C)"""" | """"Temporal_Cortex control (9031292027_C)"""" | """"Frontal_Cortex control (9031356052_C)"""" | """"Entorhinal_Cortex AsymAD (9031356094_K)"""" | """"Temporal_Cortex AsymAD (9031292037_K)"""" | """"Temporal_Cortex AsymAD (9031356081_K)"""" | """"Frontal_Cortex AsymAD (9031356077_K)"""" | """"Cerebellum AsymAD (9031356072_K)"""" | """"Temporal_Cortex AD (9371242065_E)"""" | """"Frontal_Cortex AD (9345344027_K)"""" | """"Entorhinal_Cortex AD (9371242082_G)"""" | """"Cerebellum AD (9344744089_G)"""" | """"Temporal_Cortex AD (9371242082_L)"""" | """"Frontal_Cortex AsymAD (9344744094_K)"""" | """"Temporal_Cortex AsymAD (9345344009_J)"""" | """"Cerebellum AsymAD (9344744001_J)"""" | """"Cerebellum AsymAD (9344732094_F)"""" | """"Entorhinal_Cortex AsymAD (9345344014_L)"""" | """"Temporal_Cortex AsymAD (9345344002_A)"""" | """"Cerebellum AsymAD (9257302083_F)"""" | """"Frontal_Cortex AsymAD (9344744043_J)"""" | """"Frontal_Cortex control (9344744001_K)"""" | """"Entorhinal_Cortex AsymAD (9031356102_I)"""" | """"Frontal_Cortex AsymAD (9031356052_I)"""" | """"Cerebellum AsymAD (9031356069_I)"""" | """"Frontal_Cortex AD (9345344014_G)"""" | """"Cerebellum AD (9344744043_G)"""" | """"Entorhinal_Cortex AD (9371242073_B)"""" | """"Temporal_Cortex AD (9345725025_B)"""" | """"Temporal_Cortex AD (9345725010_G)"""" | """"Frontal_Cortex AD (9345344002_E)"""" | """"Entorhinal_Cortex AD (9371242066_K)"""" | """"Cerebellum AD (9344744014_C)"""" | """"Temporal_Cortex AD (9345725010_J)"""" | """"Entorhinal_Cortex AD (9371242066_L)"""" | """"Cerebellum control (9031356073_D)"""" | """"Entorhinal_Cortex control (9216457002_D)"""" | """"Frontal_Cortex control (9031356076_D)"""" | """"Entorhinal_Cortex control (9031356088_D)"""" | """"Temporal_Cortex control (9031356085_D)"""" | """"Frontal_Cortex AsymAD (9344744052_J)"""" | """"Temporal_Cortex AsymAD (9345344002_J)"""" | """"Entorhinal_Cortex AsymAD (9345344027_H)"""" | """"Cerebellum AD (9344744001_G)"""" | """"Temporal_Cortex AD (9345725010_F)"""" | """"Frontal_Cortex AsymAD (9344744089_J)"""" | """"Temporal_Cortex AsymAD (9345344009_F)"""" | """"Cerebellum AsymAD (9344744001_F)"""" | """"Frontal_Cortex AD (9345344002_K)"""" | """"Temporal_Cortex AD (9345725010_B)"""" | """"Temporal_Cortex control (9031292027_A)"""" | """"Entorhinal_Cortex AD (9371242073_F)"""" | """"Frontal_Cortex AD (9345344014_K)"""" | """"Temporal_Cortex AD (9345725025_F)"""" | """"Cerebellum AD (9344744052_C)"""" | """"Cerebellum AD (9344744043_E)"""" | """"Entorhinal_Cortex AD (9371242073_K)"""" | """"Frontal_Cortex AD (9345344014_E)"""" | """"Temporal_Cortex AD (9345725010_E)"""" | """"Entorhinal_Cortex control (9216457002_C)"""" | """"Temporal_Cortex control (9031356085_C)"""" | """"Entorhinal_Cortex control (9031356088_C)"""" | """"Frontal_Cortex control (9031356076_C)"""" | """"Temporal_Cortex AD (9345725025_K)"""" | """"Entorhinal_Cortex AD (9371242073_I)"""" | """"Cerebellum AD (9344744043_C)"""" | """"Frontal_Cortex AD (9345344009_D)"""" | """"Temporal_Cortex control (9031292027_B)"""" | """"Temporal_Cortex control (9031356074_B)"""" | """"Cerebellum control (9216457020_F)"""" | """"Entorhinal_Cortex control (9031356102_B)"""" | """"Cerebellum control (9031356069_B)"""" | """"Frontal_Cortex control (9031356052_B)"""" | """"Frontal_Cortex control (9344744014_B)"""" | """"Temporal_Cortex control (9344744052_B)"""" | """"Entorhinal_Cortex AsymAD (9216457027_L)"""" | """"Frontal_Cortex AsymAD (9031356097_L)"""" | """"Entorhinal_Cortex AsymAD (9216457022_L)"""" | """"Entorhinal_Cortex AsymAD (9345725010_L)"""" | """"Entorhinal_Cortex AD (9371242066_A)"""" | """"Temporal_Cortex AD (9345344031_G)"""" | """"Frontal_Cortex AD (9344744102_G)"""" | """"Temporal_Cortex control (9344744052_D)"""" | """"Cerebellum AD (9031356069_H)"""" | """"Frontal_Cortex AsymAD (9344744094_B)"""" | """"Temporal_Cortex AsymAD (9345344009_L)"""" | """"Cerebellum AsymAD (9344744001_L)"""" | """"Entorhinal_Cortex AsymAD (9345344031_L)"""" | """"Temporal_Cortex AsymAD (9031356091_J)"""" | """"Frontal_Cortex AsymAD (9031356097_J)"""" | """"Entorhinal_Cortex AsymAD (9216457027_J)"""" | """"Entorhinal_Cortex AsymAD (9216457022_J)"""" | """"Cerebellum AsymAD (9031356084_J)"""" | """"Temporal_Cortex AD (9345725025_L)"""" | """"Entorhinal_Cortex AD (9371242073_L)"""" | """"Cerebellum AD (9344744089_A)"""" | """"Frontal_Cortex AD (9345344027_E)"""" | """"Frontal_Cortex control (9344744043_K)"""" | """"Temporal_Cortex control (9344744089_K)"""" | """"Frontal_Cortex AsymAD (9344744094_F)"""" | """"Temporal_Cortex AsymAD (9345344014_C)"""" | """"Cerebellum AsymAD (9344744014_H)"""" | """"Frontal_Cortex AsymAD (9216457020_L)"""" | """"Frontal_Cortex AsymAD (9216457028_L)"""" | """"Cerebellum AsymAD (9216457020_D)"""" | """"Entorhinal_Cortex AsymAD (9216457028_H)"""" | """"Temporal_Cortex AsymAD (9216457028_D)"""" | """"Entorhinal_Cortex AD (9371242066_B)"""" | """"Frontal_Cortex AD (9345344002_G)"""" | """"Temporal_Cortex AD (9345725010_I)"""" | """"Temporal_Cortex AD (9216457028_C)"""" | """"Cerebellum AD (9216457020_C)"""" | """"Cerebellum AD (9257302083_C)"""" | """"Frontal_Cortex AD (9344744102_I)"""" | """"Entorhinal_Cortex AD (9371242066_C)"""" | """"Temporal_Cortex AD (9345344031_I)"""" | """"Cerebellum AD (9344732094_C)"""" | """"Frontal_Cortex AD (9344744102_C)"""" | """"Entorhinal_Cortex AD (9371242065_H)"""" | """"Cerebellum AD (9344744014_A)"""" | """"Frontal_Cortex AD (9345344009_E)"""" | """"Entorhinal_Cortex AD (9371242066_J)"""" | """"Temporal_Cortex AD (9345725010_H)"""" | """"Entorhinal_Cortex control (9216457022_A)"""" | """"Temporal_Cortex control (9031356091_A)"""" | """"Entorhinal_Cortex control (9216457027_A)"""" | """"Cerebellum control (9031356084_A)"""" | """"Frontal_Cortex control (9031356097_A)"""" | """"Entorhinal_Cortex AD (9371242065_F)"""" | """"Frontal_Cortex AD (9344744102_A)"""" | """"Temporal_Cortex AD (9031356085_G)"""" | """"Frontal_Cortex AD (9216457020_J)"""" | """"Temporal_Cortex AD (9216457028_B)"""" | """"Cerebellum AD (9216457020_B)"""" | """"Cerebellum AD (9344744089_E)"""" | """"Entorhinal_Cortex AD (9371242082_E)"""" | """"Frontal_Cortex AD (9345344027_I)"""" | """"Temporal_Cortex AD (9371242065_C)"""" | """"Temporal_Cortex AD (9371242082_J)"""" | """"Frontal_Cortex AD (9345344002_I)"""" | """"Cerebellum AD (9344744001_A)"""" | """"Temporal_Cortex AD (9345725010_K)"""" | """"Entorhinal_Cortex AD (9371242066_D)"""" | """"Frontal_Cortex AD (9031356097_H)"""" | """"Cerebellum AD (9031356084_H)"""" | """"Temporal_Cortex AD (9031356091_H)"""" | """"Frontal_Cortex AD (9345344014_D)"""" | """"Cerebellum AD (9344744052_G)"""" | """"Temporal_Cortex AD (9345725025_J)"""" | """"Entorhinal_Cortex AD (9371242073_J)"""" | """"Temporal_Cortex AD (9345344031_K)"""" | """"Frontal_Cortex AD (9344744102_K)"""" | """"Entorhinal_Cortex AD (9371242066_E)"""" | """"Cerebellum AsymAD (9344732094_J)"""" | """"Entorhinal_Cortex AsymAD (9345344027_C)"""" | """"Temporal_Cortex AsymAD (9345344002_F)"""" | """"Frontal_Cortex AsymAD (9344744052_F)"""" | """"Cerebellum AsymAD (9257302083_J)"""" | """"Entorhinal_Cortex AsymAD (9031356102_J)"""" | """"Cerebellum AsymAD (9031356069_J)"""" | """"Frontal_Cortex AsymAD (9031356052_J)"""" | """"Entorhinal_Cortex AD (9371242066_G)"""" | """"Cerebellum AD (9344732094_G)"""" | """"Cerebellum AD (9257302083_G)"""" | """"Temporal_Cortex AD (9345344031_B)"""" | """"Frontal_Cortex AD (9344744102_B)"""" | """"Temporal_Cortex AD (9031356091_E)"""" | """"Entorhinal_Cortex AD (9216457027_G)"""" | """"Frontal_Cortex AD (9031356052_E)"""" | """"Cerebellum AD (9031356069_E)"""" | """"Temporal_Cortex AD (9031292027_E)"""" | """"Temporal_Cortex AD (9031356074_E)"""" | """"Entorhinal_Cortex AD (9216457022_G)"""" | """"Frontal_Cortex AsymAD (9031356077_J)"""" | """"Cerebellum AsymAD (9031356072_J)"""" | """"Temporal_Cortex AsymAD (9031356081_J)"""" | """"Entorhinal_Cortex AsymAD (9031356094_J)"""" | """"Temporal_Cortex AsymAD (9031292037_J)"""" | """"Frontal_Cortex AD (9344744102_D)"""" | """"Entorhinal_Cortex AD (9371242066_I)"""" | """"Temporal_Cortex AD (9345344031_D)"""" | """"Cerebellum AD (9344744094_E)"""" | """"Entorhinal_Cortex AD (9371242082_B)"""" | """"Temporal_Cortex AD (9371242065_K)"""" | """"Frontal_Cortex AD (9345344031_E)"""" | """"Temporal_Cortex AD (9031356091_G)"""" | """"Cerebellum AD (9031356084_G)"""" | """"Frontal_Cortex control (9344744001_D)"""" | """"Temporal_Cortex control (9344744043_D)"""" | """"Entorhinal_Cortex control (9344744094_I)"""" | """"Cerebellum control (9344732094_K)"""" | """"Cerebellum control (9257302083_K)"""" | """"Cerebellum AD (9031356084_F)"""" | """"Temporal_Cortex AD (9031356091_F)"""" | """"Temporal_Cortex AsymAD (9345344002_C)"""" | """"Frontal_Cortex AsymAD (9344744043_L)"""" | """"Cerebellum AsymAD (9344732094_H)"""" | """"Cerebellum AsymAD (9257302083_H)"""" | """"Temporal_Cortex control (9031292037_D)"""" | """"Temporal_Cortex control (9031356081_D)"""" | """"Cerebellum control (9031356072_D)"""" | """"Frontal_Cortex control (9031356077_D)"""" | """"Entorhinal_Cortex AsymAD (9345344031_H)"""" | """"Temporal_Cortex AsymAD (9345344009_H)"""" | """"Frontal_Cortex AsymAD (9344744089_L)"""" | """"Cerebellum AsymAD (9344744001_H)"""" | """"Temporal_Cortex AsymAD (9031356081_I)"""" | """"Cerebellum AsymAD (9031356072_I)"""" | """"Frontal_Cortex AsymAD (9031356077_I)"""" | """"Temporal_Cortex AsymAD (9031292037_I)"""" | """"Entorhinal_Cortex AsymAD (9031356094_I)"""" | """"Frontal_Cortex AsymAD (9031356076_K)"""" | """"Temporal_Cortex AsymAD (9031356085_K)"""" | """"Entorhinal_Cortex AsymAD (9031356088_K)"""" | """"Cerebellum AsymAD (9031356073_K)"""" | """"Entorhinal_Cortex AsymAD (9216457002_K)"""" | """"Temporal_Cortex AD (9371242065_G)"""" | """"Entorhinal_Cortex AD (9371242082_I)"""" | """"Cerebellum AD (9344744094_A)"""" | """"Frontal_Cortex AD (9345344027_B)"""" | """"Entorhinal_Cortex AsymAD (9345725025_A)"""" | """"Frontal_Cortex AsymAD (9344744102_J)"""" | """"Cerebellum AsymAD (9344744043_F)"""" | """"Temporal_Cortex AD (9031356081_H)"""" | """"Cerebellum AD (9031356072_H)"""" | """"Frontal_Cortex AD (9031356077_H)"""" | """"Temporal_Cortex control (9031292037_B)"""" | """"Cerebellum control (9031356072_B)"""" | """"Frontal_Cortex control (9031356077_B)"""" | """"Temporal_Cortex control (9031356081_B)"""" | """"Entorhinal_Cortex control (9031356094_B)"""" | """"Entorhinal_Cortex AD (9371242073_G)"""" | """"Temporal_Cortex AD (9345725025_I)"""" | """"Cerebellum AD (9344744043_A)"""" | """"Frontal_Cortex AD (9345344009_B)"""" | """"Temporal_Cortex control (9216457028_A)"""" | """"Entorhinal_Cortex control (9031356094_D)"""" | """"Cerebellum control (9216457020_A)"""" | """"Temporal_Cortex AD (9345725025_H)"""" | """"Frontal_Cortex AD (9345344014_B)"""" | """"Entorhinal_Cortex AD (9371242073_H)"""" | """"Cerebellum AD (9344744052_E)"""" | """"Temporal_Cortex AD (9031292037_G)"""" | """"Temporal_Cortex AD (9031356081_G)"""" | """"Cerebellum AD (9031356072_G)"""" | """"Frontal_Cortex AD (9031356077_G)"""" | """"Entorhinal_Cortex AsymAD (9031356102_L)"""" | """"Frontal_Cortex AsymAD (9031356052_L)"""" | """"Temporal_Cortex AsymAD (9031292027_L)"""" | """"Cerebellum AsymAD (9031356069_L)"""" | """"Cerebellum AsymAD (9216457020_G)"""" | """"Entorhinal_Cortex control (9216457027_D)"""" | """"Entorhinal_Cortex control (9216457022_D)"""" | """"Cerebellum control (9031356084_D)"""" | """"Frontal_Cortex control (9031356097_D)"""" | """"Temporal_Cortex control (9031356091_D)"""" | """"Cerebellum AsymAD (9031356073_J)"""" | """"Frontal_Cortex AsymAD (9031356076_J)"""" | """"Temporal_Cortex AsymAD (9031356085_J)"""" | """"Entorhinal_Cortex AsymAD (9031356088_J)"""" | """"Entorhinal_Cortex AsymAD (9216457002_J)"""" | """"Temporal_Cortex AD (9345725025_D)"""" | """"Cerebellum AD (9344744052_A)"""" | """"Frontal_Cortex AD (9345344014_I)"""" | """"Entorhinal_Cortex AD (9371242073_D)"""" | """"Cerebellum AsymAD (9344732094_L)"""" | """"Entorhinal_Cortex AsymAD (9345344027_F)"""" | """"Cerebellum AsymAD (9257302083_L)"""" | """"Temporal_Cortex AsymAD (9345344002_H)"""" | """"Frontal_Cortex AsymAD (9344744052_H)"""" | """"Cerebellum AD (9344744001_E)"""" | """"Temporal_Cortex AD (9345725010_D)"""" | """"Frontal_Cortex AD (9345344002_B)"""" | """"Entorhinal_Cortex AD (9371242066_F)"""" | """"Temporal_Cortex control (9031292027_D)"""" | """"Cerebellum control (9031356069_D)"""" | """"Frontal_Cortex control (9031356052_D)"""" | """"Temporal_Cortex control (9216457028_E)"""" | """"Temporal_Cortex AD (9345725025_G)"""" | """"Entorhinal_Cortex AD (9371242073_E)"""" | """"Frontal_Cortex AD (9345344009_K)"""" | """"Temporal_Cortex AD (9031292037_F)"""" | """"Cerebellum AD (9031356072_F)"""" | """"Temporal_Cortex AD (9031356081_F)"""" | """"Entorhinal_Cortex AsymAD (9345344027_L)"""" | """"Frontal_Cortex AsymAD (9344744052_L)"""" | """"Temporal_Cortex AsymAD (9345344002_L)"""" | """"Entorhinal_Cortex AD (9371242073_C)"""" | """"Frontal_Cortex AD (9345344009_I)"""" | """"Temporal_Cortex AD (9345725025_E)"""" | """"Cerebellum control (9344732094_I)"""" | """"Cerebellum control (9257302083_I)"""" | """"Temporal_Cortex control (9344744043_B)"""" | """"Temporal_Cortex AsymAD (9345344009_C)"""" | """"Entorhinal_Cortex AsymAD (9345344031_C)"""" | """"Frontal_Cortex AsymAD (9344744089_H)"""" | """"Entorhinal_Cortex AsymAD (9216457027_I)"""" | """"Frontal_Cortex AsymAD (9031356097_I)"""" | """"Cerebellum AsymAD (9031356084_I)"""" | """"Temporal_Cortex AsymAD (9031356091_I)"""" | """"Entorhinal_Cortex AsymAD (9216457022_I)"""" | """"Entorhinal_Cortex AsymAD (9216457002_L)"""" | """"Frontal_Cortex AsymAD (9031356076_L)"""" | """"Entorhinal_Cortex AsymAD (9031356088_L)"""" | """"Temporal_Cortex AsymAD (9031356085_L)"""" | """"Cerebellum AsymAD (9031356073_L)"""" | """"Cerebellum AD (9344744089_C)"""" | """"Entorhinal_Cortex AD (9371242082_A)"""" | """"Temporal_Cortex AD (9371242082_H)"""" | """"Temporal_Cortex AD (9371242065_A)"""" | """"Frontal_Cortex AD (9345344027_G)"""" | """"Frontal_Cortex AsymAD (9344744094_D)"""" | """"Temporal_Cortex AsymAD (9345344014_A)"""" | """"Entorhinal_Cortex AsymAD (9345725010_A)"""" | """"Cerebellum AsymAD (9344744014_F)"""" | """"Frontal_Cortex control (9344744001_I)"""" | """"Entorhinal_Cortex control (9216457027_C)"""" | """"Cerebellum control (9031356084_C)"""" | """"Temporal_Cortex control (9031356091_C)"""" | """"Frontal_Cortex control (9031356097_C)"""" | """"Entorhinal_Cortex control (9216457022_C)"""" | """"Temporal_Cortex control (9031356081_C)"""" | """"Cerebellum control (9031356072_C)"""" | """"Frontal_Cortex control (9031356077_C)"""" | """"Entorhinal_Cortex control (9031356094_C)"""" | """"Cerebellum control (9257302083_D)"""" | """"Cerebellum control (9344732094_D)"""" | """"Temporal_Cortex control (9344744052_K)"""" | """"Frontal_Cortex control (9344744014_K)"""""
"GSE125583","source_name_ch1","""""RNA from fusiform gyrus"""""
"GSE125583","title","""""AD 04-45"""" | """"AD 11-73"""" | """"AD 10-11"""" | """"AD 11-20"""" | """"AD 11-92"""" | """"AD 08-34"""" | """"AD 11-11"""" | """"AD 11-01"""" | """"AD 05-23"""" | """"AD 03-34"""" | """"AD 12-58"""" | """"AD 05-15"""" | """"CON 08-40"""" | """"AD 11-27"""" | """"AD 09-14"""" | """"CON 04-30"""" | """"CON 03-28"""" | """"AD 06-04"""" | """"AD 11-23"""" | """"CON 10-26"""" | """"AD 12-37"""" | """"CON 04-38"""" | """"AD 04-02"""" | """"AD 13-41"""" | """"AD 10-47"""" | """"AD 10-45"""" | """"AD 12-57"""" | """"CON 05-16"""" | """"AD 09-03"""" | """"AD 09-18"""" | """"AD 02-05"""" | """"CON 06-15"""" | """"AD 11-35"""" | """"AD 07-45"""" | """"AD 08-82"""" | """"CON 01-46"""" | """"CON 11-43"""" | """"AD 01-49"""" | """"AD 11-19"""" | """"AD 13-07"""" | """"AD 10-55"""" | """"AD 12-69"""" | """"AD 09-42"""" | """"AD 06-46"""" | """"AD 10-67"""" | """"AD 13-01"""" | """"CON 02-24"""" | """"AD 10-87"""" | """"AD 10-44"""" | """"AD 04-16"""" | """"AD 00-17"""" | """"AD 06-60"""" | """"AD 11-13"""" | """"AD 03-57"""" | """"CON 03-10"""" | """"AD 07-39"""" | """"CON 07-26"""" | """"AD 00-12"""" | """"AD 11-97"""" | """"AD 09-02"""" | """"AD 03-32"""" | """"CON 02-04"""" | """"AD 99-21"""" | """"AD 13-26"""" | """"AD 11-21"""" | """"AD 04-33"""" | """"AD 10-04"""" | """"CON 09-34"""" | """"AD 05-57"""" | """"CON 03-58"""" | """"AD 08-51"""" | """"AD 12-24"""" | """"AD 05-43"""" | """"CON 08-77"""" | """"CON 98-32"""" | """"AD 09-39"""" | """"CON 11-05"""" | """"AD 11-40"""" | """"AD 11-77"""" | """"CON 11-28"""" | """"AD 07-27"""" | """"AD 10-05"""" | """"AD 00-50"""" | """"CON 99-23"""" | """"AD 05-05"""" | """"AD 08-18"""" | """"AD 07-57"""" | """"CON 05-28"""" | """"AD 02-19"""" | """"CON 10-73"""" | """"AD 04-58"""" | """"AD 05-51"""" | """"AD 03-02"""" | """"CON 12-44"""" | """"AD 03-54"""" | """"CON 01-31"""" | """"AD 11-78"""" | """"AD 11-101"""" | """"AD 08-59"""" | """"AD 98-09"""" | """"AD 07-50"""" | """"AD 05-52"""" | """"AD 03-38"""" | """"CON 13-49"""" | """"CON 02-12"""" | """"AD 13-04"""" | """"AD 13-16"""" | """"AD 99-35"""" | """"AD 09-11"""" | """"AD 03-14"""" | """"CON 06-68"""" | """"AD 07-34"""" | """"AD 03-37"""" | """"AD 99-60"""" | """"CON 11-87"""" | """"AD 99-03"""" | """"AD 08-62"""" | """"CON 05-36"""" | """"CON 04-62"""" | """"AD 99-07"""" | """"AD 12-64"""" | """"CON 10-58"""" | """"AD 99-06"""" | """"CON 98-33"""" | """"AD 10-68"""" | """"AD 03-35"""" | """"AD 00-54"""" | """"AD 07-15"""" | """"AD 07-71"""" | """"AD 00-46"""" | """"AD 98-26"""" | """"CON 10-42"""" | """"CON 99-29"""" | """"AD 09-09"""" | """"AD 11-49"""" | """"CON 03-41"""" | """"AD 03-07"""" | """"AD 00-37"""" | """"AD 04-28"""" | """"AD 11-89"""" | """"AD 08-54"""" | """"CON 08-55"""" | """"CON 10-94"""" | """"AD 09-22"""" | """"AD 05-39"""" | """"AD 11-66"""" | """"CON 13-43"""" | """"CON 08-35"""" | """"AD 11-85"""" | """"CON 02-38"""" | """"AD 11-72"""" | """"AD 12-63"""" | """"AD 99-11"""" | """"AD 11-48"""" | """"AD 10-79"""" | """"AD 09-16"""" | """"AD 12-48"""" | """"AD 13-31"""" | """"AD 13-38"""" | """"AD 13-32"""" | """"AD 10-80"""" | """"AD 10-41"""" | """"AD 09-01"""" | """"CON 00-30"""" | """"AD 99-34"""" | """"AD 08-37"""" | """"AD 13-48"""" | """"CON 06-61"""" | """"AD 10-93"""" | """"AD 12-71"""" | """"CON 06-08"""" | """"AD 08-20"""" | """"CON 11-102"""" | """"CON 97-19"""" | """"AD 00-01"""" | """"AD 07-12"""" | """"CON 07-58"""" | """"CON 04-64"""" | """"AD 08-46"""" | """"AD 12-61"""" | """"AD 05-25"""" | """"CON 11-15"""" | """"AD 01-32"""" | """"AD 11-51"""" | """"CON 08-90"""" | """"AD 01-27"""" | """"AD 11-105"""" | """"AD 10-36"""" | """"AD 08-26"""" | """"AD 03-56"""" | """"AD 12-65"""" | """"AD 07-24"""" | """"AD 98-07"""" | """"CON 08-83"""" | """"CON 05-61"""" | """"AD 09-36"""" | """"AD 11-56"""" | """"AD 04-50"""" | """"AD 99-18"""" | """"CON 07-10"""" | """"AD 99-12"""" | """"AD 04-09"""" | """"AD 11-10"""" | """"AD 07-08"""" | """"AD 03-30"""" | """"AD 06-39"""" | """"AD 11-42"""" | """"CON 08-44"""" | """"AD 09-51"""" | """"AD 99-48"""" | """"CON 03-50"""" | """"CON 09-31"""" | """"AD 98-06"""" | """"AD 13-23"""" | """"AD 04-32"""" | """"AD 13-50"""" | """"AD 10-77"""" | """"AD 04-55"""" | """"CON 10-63"""" | """"AD 99-53"""" | """"AD 10-92"""" | """"CON 07-72"""" | """"AD 04-44"""" | """"AD 98-30"""" | """"CON 07-37"""" | """"CON 06-19"""" | """"CON 09-20"""" | """"AD 99-36"""" | """"AD 03-21"""" | """"AD 08-09"""" | """"AD 12-02"""" | """"AD 03-04"""" | """"AD 03-62"""" | """"AD 11-108"""" | """"AD 01-30"""" | """"AD 08-29"""" | """"AD 13-15"""" | """"AD 11-03"""" | """"AD 10-66"""" | """"AD 05-40"""" | """"AD 12-45"""" | """"AD 04-43"""" | """"CON 01-51"""" | """"AD 10-53"""" | """"CON 09-44"""" | """"AD 06-54"""" | """"AD 10-18"""" | """"AD 11-02"""" | """"AD 11-65"""" | """"AD 08-22"""" | """"AD 13-42"""" | """"CON 07-04"""" | """"AD 04-54"""" | """"AD 00-39"""" | """"AD 10-86"""" | """"AD 04-37"""" | """"AD 11-99"""" | """"AD 11-14"""" | """"AD 10-75"""" | """"AD 04-42"""" | """"AD 98-15"""" | """"AD 13-06"""" | """"AD 03-19"""" | """"AD 98-05"""" | """"AD 00-28"""" | """"AD 09-54"""" | """"AD 03-27"""" | """"AD 11-38"""" | """"CON 10-74"""" | """"AD 10-23"""" | """"AD 04-29"""" | """"AD 13-10"""" | """"CON 04-05"""" | """"AD 03-36"""" | """"AD 07-42"""" | """"CON 05-10"""" | """"AD 11-75"""" | """"AD 98-40"""" | """"AD 03-59"""" | """"CON 00-14"""" | """"AD 07-64"""" | """"CON 10-10"""" | """"CON 11-60"""" | """"CON 08-23"""" | """"AD 04-60"""" | """"AD 03-05"""" | """"AD 13-45"""" | """"AD 07-38"""" | """"AD 08-45"""""
"GSE132903","source_name_ch1","""""middle_temporal_gyrus"""""
"GSE132903","title","""""middle_temporal_gyrus_ND_1_08-81"""" | """"middle_temporal_gyrus_ND_2_08-85"""" | """"middle_temporal_gyrus_ND_4_08-72"""" | """"middle_temporal_gyrus_ND_5_08-83"""" | """"middle_temporal_gyrus_ND_6_97-53"""" | """"middle_temporal_gyrus_ND_7_98-19"""" | """"middle_temporal_gyrus_ND_8_97-46"""" | """"middle_temporal_gyrus_ND_9_97-17"""" | """"middle_temporal_gyrus_ND_10_97-19"""" | """"middle_temporal_gyrus_ND_11_97-45"""" | """"middle_temporal_gyrus_ND_12_97-03"""" | """"middle_temporal_gyrus_ND_25_99-04"""" | """"middle_temporal_gyrus_ND_26_99-27"""" | """"middle_temporal_gyrus_ND_27_92-10"""" | """"middle_temporal_gyrus_ND_28_92-14"""" | """"middle_temporal_gyrus_ND_29_92-32"""" | """"middle_temporal_gyrus_ND_30_93-07"""" | """"middle_temporal_gyrus_ND_31_95-02"""" | """"middle_temporal_gyrus_ND_32_96-44"""" | """"middle_temporal_gyrus_ND_33_96-39"""" | """"middle_temporal_gyrus_ND_34_96-30"""" | """"middle_temporal_gyrus_ND_36_96-22"""" | """"middle_temporal_gyrus_ND_37_96-28"""" | """"middle_temporal_gyrus_ND_38_96-32"""" | """"middle_temporal_gyrus_ND_39_96-35"""" | """"middle_temporal_gyrus_ND_40_96-16"""" | """"middle_temporal_gyrus_ND_41_05-14"""" | """"middle_temporal_gyrus_ND_42_06-68"""" | """"middle_temporal_gyrus_ND_43_04-52"""" | """"middle_temporal_gyrus_ND_44_04-38"""" | """"middle_temporal_gyrus_ND_45_06-02"""" | """"middle_temporal_gyrus_ND_46_06-03"""" | """"middle_temporal_gyrus_ND_47_06-13"""" | """"middle_temporal_gyrus_ND_48_06-53"""" | """"middle_temporal_gyrus_ND_49_04-62"""" | """"middle_temporal_gyrus_ND_50_05-18"""" | """"middle_temporal_gyrus_ND_51_06-35"""" | """"middle_temporal_gyrus_ND_52_06-57"""" | """"middle_temporal_gyrus_ND_53_04-30"""" | """"middle_temporal_gyrus_ND_54_06-32"""" | """"middle_temporal_gyrus_ND_55_06-49"""" | """"middle_temporal_gyrus_ND_56_06-61"""" | """"middle_temporal_gyrus_ND_57_05-36"""" | """"middle_temporal_gyrus_ND_58_06-15"""" | """"middle_temporal_gyrus_ND_59_06-21"""" | """"middle_temporal_gyrus_ND_60_05-20"""" | """"middle_temporal_gyrus_ND_61_04-31"""" | """"middle_temporal_gyrus_ND_62_04-64"""" | """"middle_temporal_gyrus_ND_63_05-28"""" | """"middle_temporal_gyrus_ND_64_06-63"""" | """"middle_temporal_gyrus_ND_65_07-70"""" | """"middle_temporal_gyrus_ND_66_07-18"""" | """"middle_temporal_gyrus_ND_67_08-44"""" | """"middle_temporal_gyrus_ND_68_07-46"""" | """"middle_temporal_gyrus_ND_69_08-04"""" | """"middle_temporal_gyrus_ND_70_08-35"""" | """"middle_temporal_gyrus_ND_71_07-11"""" | """"middle_temporal_gyrus_ND_72_07-30"""" | """"middle_temporal_gyrus_ND_73_08-40"""" | """"middle_temporal_gyrus_ND_74_08-55"""" | """"middle_temporal_gyrus_ND_75_02-24"""" | """"middle_temporal_gyrus_ND_76_03-17"""" | """"middle_temporal_gyrus_ND_77_03-28"""" | """"middle_temporal_gyrus_ND_78_04-19"""" | """"middle_temporal_gyrus_ND_79_03-15"""" | """"middle_temporal_gyrus_ND_80_03-41"""" | """"middle_temporal_gyrus_ND_81_00-49"""" | """"middle_temporal_gyrus_ND_82_02-04"""" | """"middle_temporal_gyrus_ND_83_02-12"""" | """"middle_temporal_gyrus_ND_84_00-53"""" | """"middle_temporal_gyrus_ND_85_01-36"""" | """"middle_temporal_gyrus_ND_86_00-38"""" | """"middle_temporal_gyrus_ND_87_03-11"""" | """"middle_temporal_gyrus_ND_88_03-47"""" | """"middle_temporal_gyrus_ND_89_04-05"""" | """"middle_temporal_gyrus_ND_90_99-31"""" | """"middle_temporal_gyrus_ND_91_02-06"""" | """"middle_temporal_gyrus_ND_92_02-08"""" | """"middle_temporal_gyrus_ND_93_03-58"""" | """"middle_temporal_gyrus_ND_94_99-58"""" | """"middle_temporal_gyrus_ND_95_03-66"""" | """"middle_temporal_gyrus_AD_96_02-41"""" | """"middle_temporal_gyrus_AD_97_03-04"""" | """"middle_temporal_gyrus_AD_98_02-28"""" | """"middle_temporal_gyrus_AD_99_03-18"""" | """"middle_temporal_gyrus_AD_100_03-21"""" | """"middle_temporal_gyrus_AD_101_03-27"""" | """"middle_temporal_gyrus_AD_102_01-45"""" | """"middle_temporal_gyrus_AD_103_01-48"""" | """"middle_temporal_gyrus_AD_104_01-53"""" | """"middle_temporal_gyrus_AD_105_08-45"""" | """"middle_temporal_gyrus_AD_106_08-20"""" | """"middle_temporal_gyrus_AD_107_07-50"""" | """"middle_temporal_gyrus_AD_108_07-69"""" | """"middle_temporal_gyrus_AD_109_07-34"""" | """"middle_temporal_gyrus_AD_110_08-89"""" | """"middle_temporal_gyrus_AD_111_08-06"""" | """"middle_temporal_gyrus_AD_112_07-64"""" | """"middle_temporal_gyrus_AD_113_07-57"""" | """"middle_temporal_gyrus_AD_114_08-05"""" | """"middle_temporal_gyrus_AD_115_07-54"""" | """"middle_temporal_gyrus_AD_116_07-21"""" | """"middle_temporal_gyrus_AD_118_08-82"""" | """"middle_temporal_gyrus_AD_119_07-49"""" | """"middle_temporal_gyrus_AD_120_08-69"""" | """"middle_temporal_gyrus_AD_121_07-15"""" | """"middle_temporal_gyrus_AD_122_08-10"""" | """"middle_temporal_gyrus_AD_123_07-27"""" | """"middle_temporal_gyrus_AD_124_07-29"""" | """"middle_temporal_gyrus_AD_126_08-48"""" | """"middle_temporal_gyrus_AD_127_08-01"""" | """"middle_temporal_gyrus_AD_128_08-29"""" | """"middle_temporal_gyrus_AD_129_08-30"""" | """"middle_temporal_gyrus_AD_130_08-37"""" | """"middle_temporal_gyrus_AD_131_02-39"""" | """"middle_temporal_gyrus_AD_132_01-32"""" | """"middle_temporal_gyrus_AD_133_02-35"""" | """"middle_temporal_gyrus_AD_134_03-14"""" | """"middle_temporal_gyrus_AD_135_03-34"""" | """"middle_temporal_gyrus_AD_136_01-16"""" | """"middle_temporal_gyrus_AD_137_01-28"""" | """"middle_temporal_gyrus_AD_138_02-07"""" | """"middle_temporal_gyrus_AD_183_97-24"""" | """"middle_temporal_gyrus_AD_139_02-09"""" | """"middle_temporal_gyrus_AD_140_02-19"""" | """"middle_temporal_gyrus_AD_141_03-32"""" | """"middle_temporal_gyrus_AD_142_03-36"""" | """"middle_temporal_gyrus_AD_143_01-07"""" | """"middle_temporal_gyrus_AD_144_00-35"""" | """"middle_temporal_gyrus_AD_145_00-54"""" | """"middle_temporal_gyrus_AD_146_00-28"""" | """"middle_temporal_gyrus_AD_147_00-10"""" | """"middle_temporal_gyrus_AD_149_99-61"""" | """"middle_temporal_gyrus_AD_184_04-33"""" | """"middle_temporal_gyrus_AD_150_00-08"""" | """"middle_temporal_gyrus_AD_151_99-21"""" | """"middle_temporal_gyrus_AD_152_01-11"""" | """"middle_temporal_gyrus_AD_153_98-28"""" | """"middle_temporal_gyrus_AD_154_00-04"""" | """"middle_temporal_gyrus_AD_155_00-13"""" | """"middle_temporal_gyrus_AD_156_00-33"""" | """"middle_temporal_gyrus_AD_157_00-50"""" | """"middle_temporal_gyrus_AD_158_99-15"""" | """"middle_temporal_gyrus_AD_159_99-48"""" | """"middle_temporal_gyrus_AD_160_99-13"""" | """"middle_temporal_gyrus_AD_161_05-37"""" | """"middle_temporal_gyrus_AD_162_06-52"""" | """"middle_temporal_gyrus_AD_163_05-39"""" | """"middle_temporal_gyrus_AD_164_06-37"""" | """"middle_temporal_gyrus_AD_165_04-49"""" | """"middle_temporal_gyrus_AD_166_05-52"""" | """"middle_temporal_gyrus_AD_167_06-67"""" | """"middle_temporal_gyrus_AD_168_04-16"""" | """"middle_temporal_gyrus_AD_169_04-28"""" | """"middle_temporal_gyrus_AD_170_04-06"""" | """"middle_temporal_gyrus_AD_171_05-01"""" | """"middle_temporal_gyrus_AD_172_03-40"""" | """"middle_temporal_gyrus_AD_173_03-54"""" | """"middle_temporal_gyrus_AD_174_05-25"""" | """"middle_temporal_gyrus_AD_175_98-12"""" | """"middle_temporal_gyrus_AD_185_05-19"""" | """"middle_temporal_gyrus_ND_186_95-30"""" | """"middle_temporal_gyrus_ND_187_95-36"""" | """"middle_temporal_gyrus_ND_188_95-38"""" | """"middle_temporal_gyrus_ND_189_95-03"""" | """"middle_temporal_gyrus_AD_190_99-24"""" | """"middle_temporal_gyrus_AD_191_07-02"""" | """"middle_temporal_gyrus_AD_192_03-19"""" | """"middle_temporal_gyrus_AD_193_01-33"""" | """"middle_temporal_gyrus_AD_194_05-57"""" | """"middle_temporal_gyrus_AD_195_08-59"""" | """"middle_temporal_gyrus_AD_196_99-06"""" | """"middle_temporal_gyrus_AD_197_00-47"""" | """"middle_temporal_gyrus_AD_198_01-13"""" | """"middle_temporal_gyrus_AD_199_98-18"""" | """"middle_temporal_gyrus_ND_200_94-35"""" | """"middle_temporal_gyrus_AD_176_96-04"""" | """"middle_temporal_gyrus_AD_177_97-39"""" | """"middle_temporal_gyrus_AD_178_97-48"""" | """"middle_temporal_gyrus_AD_179_98-07"""" | """"middle_temporal_gyrus_AD_180_96-21"""" | """"middle_temporal_gyrus_AD_181_98-10"""" | """"middle_temporal_gyrus_AD_182_95-31"""" | """"middle_temporal_gyrus_ND_13_96-45"""" | """"middle_temporal_gyrus_ND_19_98-33"""" | """"middle_temporal_gyrus_ND_14_97-09"""" | """"middle_temporal_gyrus_ND_20_99-29"""" | """"middle_temporal_gyrus_ND_15_97-10"""" | """"middle_temporal_gyrus_ND_21_99-22"""" | """"middle_temporal_gyrus_ND_16_97-02"""" | """"middle_temporal_gyrus_ND_22_99-02"""" | """"middle_temporal_gyrus_ND_17_97-14"""" | """"middle_temporal_gyrus_ND_23_98-22"""" | """"middle_temporal_gyrus_ND_18_97-37"""" | """"middle_temporal_gyrus_ND_24_98-32"""""
"GSE15222","source_name_ch1","""""neuropathologically normal frozen temporal cortex"""" | """"neuropathologically normal frozen frontal cortex"""" | """"neuropathologically normal frozen frontal temporal cortex"""" | """"neuropathologically normal frozen parietal cortex"""" | """"neuropathologically normal frozen unknown cortex"""" | """"neuropathologically normal frozen unknown region cortex"""" | """"Alzheimer's Disease frozen cortical tissue"""""
"GSE15222","title","""""WGACON-1"""" | """"WGACON-6"""" | """"WGACON-7"""" | """"WGACON-9"""" | """"WGACON-11"""" | """"WGACON-12"""" | """"WGACON-15"""" | """"WGACON-17"""" | """"WGACON-18"""" | """"WGACON-20"""" | """"WGACON-22"""" | """"WGACON-25"""" | """"WGACON-26"""" | """"WGACON-29"""" | """"WGACON-30"""" | """"WGACON-31"""" | """"WGACON-32"""" | """"WGACON-33"""" | """"WGACON-34"""" | """"WGACON-35"""" | """"WGACON-36"""" | """"WGACON-37"""" | """"WGACON-38"""" | """"WGACON-40"""" | """"WGACON-42"""" | """"WGACON-43"""" | """"WGACON-44"""" | """"WGACON-45"""" | """"WGACON-47"""" | """"WGACON-48"""" | """"WGACON-49"""" | """"WGACON-50"""" | """"WGACON-51"""" | """"WGACON-52"""" | """"WGACON-54"""" | """"WGACON-55"""" | """"WGACON-56"""" | """"WGACON-57"""" | """"WGACON-58"""" | """"WGACON-60"""" | """"WGACON-61"""" | """"WGACON-62"""" | """"WGACON-64"""" | """"WGACON-65"""" | """"WGACON-67"""" | """"WGACON-68"""" | """"WGACON-70"""" | """"WGACON-72"""" | """"WGACON-73"""" | """"WGACON-75"""" | """"WGACON-77"""" | """"WGACON-79"""" | """"WGACON-80"""" | """"WGACON-82"""" | """"WGACON-83"""" | """"WGACON-84"""" | """"WGACON-85"""" | """"WGACON-86"""" | """"WGACON-87"""" | """"WGACON-89"""" | """"WGACON-90"""" | """"WGACON-91"""" | """"WGACON-94"""" | """"WGACON-95"""" | """"WGACON-96"""" | """"WGACON-97"""" | """"WGACON-98"""" | """"WGACON-99"""" | """"WGACON-100"""" | """"WGACON-102"""" | """"WGACON-103"""" | """"WGACON-104"""" | """"WGACON-106"""" | """"WGACON-109"""" | """"WGACON-111"""" | """"WGACON-112"""" | """"WGACON-113"""" | """"WGACON-114"""" | """"WGACON-115"""" | """"WGACON-117"""" | """"WGACON-118"""" | """"WGACON-119"""" | """"WGACON-122"""" | """"WGACON-123"""" | """"WGACON-124"""" | """"WGACON-125"""" | """"WGACON-127"""" | """"WGACON-128"""" | """"WGACON-130"""" | """"WGACON-131"""" | """"WGACON-134"""" | """"WGACON-135"""" | """"WGACON-136"""" | """"WGACON-137"""" | """"WGACON-139"""" | """"WGACON-140"""" | """"WGACON-141"""" | """"WGACON-142"""" | """"WGACON-143"""" | """"WGACON-145"""" | """"WGACON-147"""" | """"WGACON-148"""" | """"WGACON-150"""" | """"WGACON-151"""" | """"WGACON-153"""" | """"WGACON-154"""" | """"WGACON-155"""" | """"WGACON-156"""" | """"WGACON-158"""" | """"WGACON-160"""" | """"WGACON-161"""" | """"WGACON-162"""" | """"WGACON-163"""" | """"WGACON-172"""" | """"WGACON-173"""" | """"WGACON-174"""" | """"WGACON-175"""" | """"WGACON-176"""" | """"WGACON-177"""" | """"WGACON-178"""" | """"WGACON-179"""" | """"WGACON-180"""" | """"WGACON-181"""" | """"WGACON-186"""" | """"WGACON-188"""" | """"WGACON-189"""" | """"WGACON-190"""" | """"WGACON-191"""" | """"WGACON-193"""" | """"WGACON-196"""" | """"WGACON-198"""" | """"WGACON-199"""" | """"WGACON-201"""" | """"WGACON-202"""" | """"WGACON-203"""" | """"WGACON-204"""" | """"WGACON-205"""" | """"WGACON-206"""" | """"WGACON-207"""" | """"WGACON-208"""" | """"WGACON-210"""" | """"WGACON-213"""" | """"WGACON-214"""" | """"WGACON-217"""" | """"WGACON-218"""" | """"WGACON-219"""" | """"WGACON-221"""" | """"WGACON-223"""" | """"WGACON-225"""" | """"WGACON-226"""" | """"WGACON-228"""" | """"WGACON-230"""" | """"WGACON-231"""" | """"WGACON-232"""" | """"WGACON-233"""" | """"WGACON-234"""" | """"WGACON-235"""" | """"WGACON-236"""" | """"WGACON-237"""" | """"WGACON-240"""" | """"WGACON-241"""" | """"WGACON-242"""" | """"WGACON-243"""" | """"WGACON-244"""" | """"WGACON-245"""" | """"WGACON-246"""" | """"WGACON-249"""" | """"WGACON-250"""" | """"WGACON-251"""" | """"WGACON-252"""" | """"WGACON-253"""" | """"WGACON-254"""" | """"WGACON-255"""" | """"WGACON-256"""" | """"WGACON-257"""" | """"WGACON-259"""" | """"WGACON-260"""" | """"WGACON-261"""" | """"WGACON-263"""" | """"WGACON-264"""" | """"WGACON-265"""" | """"WGACON-267"""" | """"WGACON-268"""" | """"WGACON-270"""" | """"WGACON-273"""" | """"WGACON-274"""" | """"WGACON-277"""" | """"WGAAD-278"""" | """"WGAAD-86"""" | """"WGAAD-418"""" | """"WGAAD-66"""" | """"WGAAD-79"""" | """"WGAAD-49"""" | """"WGAAD-398"""" | """"WGAAD-474"""" | """"WGAAD-459"""" | """"WGAAD-426"""" | """"WGAAD-65"""" | """"WGAAD-61"""" | """"WGAAD-90"""" | """"WGAAD-397"""" | """"WGAAD-383"""" | """"WGAAD-380"""" | """"WGAAD-381"""" | """"WGAAD-68"""" | """"WGAAD-52"""" | """"WGAAD-51"""" | """"WGAAD-44"""" | """"WGAAD-53"""" | """"WGAAD-54"""" | """"WGAAD-83"""" | """"WGAAD-43"""" | """"WGAAD-72"""" | """"WGAAD-80"""" | """"WGAAD-50"""" | """"WGAAD-239"""" | """"WGAAD-242"""" | """"WGAAD-245"""" | """"WGAAD-247"""" | """"WGAAD-477"""" | """"WGAAD-446"""" | """"WGAAD-481"""" | """"WGAAD-460"""" | """"WGAAD-232"""" | """"WGAAD-234"""" | """"WGAAD-260"""" | """"WGAAD-261"""" | """"WGAAD-436"""" | """"WGAAD-184"""" | """"WGAAD-264"""" | """"WGAAD-384"""" | """"WGAAD-248"""" | """"WGAAD-249"""" | """"WGAAD-230"""" | """"WGAAD-231"""" | """"WGAAD-396"""" | """"WGAAD-462"""" | """"WGAAD-442"""" | """"WGAAD-273"""" | """"WGAAD-274"""" | """"WGAAD-275"""" | """"WGAAD-46"""" | """"WGAAD-423"""" | """"WGAAD-421"""" | """"WGAAD-422"""" | """"WGAAD-425"""" | """"WGAAD-263"""" | """"WGAAD-268"""" | """"WGAAD-269"""" | """"WGAAD-437"""" | """"WGAAD-431"""" | """"WGAAD-441"""" | """"WGAAD-125"""" | """"WGAAD-289"""" | """"WGAAD-127"""" | """"WGAAD-128"""" | """"WGAAD-190"""" | """"WGAAD-191"""" | """"WGAAD-192"""" | """"WGAAD-193"""" | """"WGAAD-78"""" | """"WGAAD-282"""" | """"WGAAD-284"""" | """"WGAAD-287"""" | """"WGAAD-126"""" | """"WGAAD-293"""" | """"WGAAD-295"""" | """"WGAAD-140"""" | """"WGAAD-123"""" | """"WGAAD-124"""" | """"WGAAD-132"""" | """"WGAAD-395"""" | """"WGAAD-385"""" | """"WGAAD-428"""" | """"WGAAD-417"""" | """"WGAAD-31"""" | """"WGAAD-144"""" | """"WGAAD-251"""" | """"WGAAD-377"""" | """"WGAAD-378"""" | """"WGAAD-130"""" | """"WGAAD-133"""" | """"WGAAD-135"""" | """"WGAAD-137"""" | """"WGAAD-401"""" | """"WGAAD-175"""" | """"WGAAD-179"""" | """"WGAAD-186"""" | """"WGAAD-262"""" | """"WGAAD-199"""" | """"WGAAD-200"""" | """"WGAAD-171"""" | """"WGAAD-166"""" | """"WGAAD-10"""" | """"WGAAD-402"""" | """"WGAAD-407"""" | """"WGAAD-202"""" | """"WGAAD-187"""" | """"WGAAD-201"""" | """"WGAAD-379"""" | """"WGAAD-411"""" | """"WGAAD-413"""" | """"WGAAD-35"""" | """"WGAAD-29"""" | """"WGAAD-25"""" | """"WGAAD-387"""" | """"WGAAD-236"""" | """"WGAAD-237"""" | """"WGAAD-238"""" | """"WGAAD-476"""" | """"WGAAD-347"""" | """"WGAAD-486"""" | """"WGAAD-375"""" | """"WGAAD-390"""" | """"WGAAD-399"""" | """"WGAAD-389"""" | """"WGAAD-28"""" | """"WGAAD-15"""" | """"WGAAD-24"""" | """"WGAAD-393"""" | """"WGAAD-382"""" | """"WGAAD-18"""" | """"WGAAD-20"""" | """"WGAAD-148"""" | """"WGAAD-156"""" | """"WGAAD-158"""" | """"WGAAD-165"""" | """"WGAAD-194"""" | """"WGAAD-195"""" | """"WGAAD-196"""" | """"WGAAD-329"""" | """"WGAAD-330"""" | """"WGAAD-340"""" | """"WGAAD-346"""" | """"WGAAD-271"""" | """"WGAAD-280"""" | """"WGAAD-272"""" | """"WGAAD-188"""" | """"WGAAD-189"""" | """"WGAAD-178"""" | """"WGAAD-243"""" | """"WGAAD-463"""" | """"WGAAD-444"""" | """"WGAAD-478"""" | """"WGAAD-480"""" | """"WGAAD-449"""" | """"WGAAD-456"""" | """"WGAAD-316"""" | """"WGAAD-117"""" | """"WGAAD-118"""" | """"WGAAD-104"""" | """"WGAAD-297"""" | """"WGAAD-304"""" | """"WGAAD-305"""" | """"WGAAD-71"""" | """"WGAAD-394"""" | """"WGAAD-62"""" | """"WGAAD-76"""" | """"WGAAD-69"""" | """"WGAAD-45"""" | """"WGAAD-89"""" | """"WGAAD-391"""" | """"WGAAD-386"""""
"GSE29378","source_name_ch1","""""hippocampus - CA3"""" | """"hippocampus - CA1"""""
"GSE29378","title","""""AD - #4147 - hippocampus CA3 - Male - 66yr"""" | """"Control - #1385 - hippocampus CA3 - Male - 81yr"""" | """"Control - #3795 - hippocampus CA1 - Female - 72yr"""" | """"Control - #1761 - hippocampus CA1 - Male - 86yr"""" | """"AD - #704 - hippocampus CA1 - Male - 81yr"""" | """"Control - #1013 - hippocampus CA3 - Male - 90yr"""" | """"Control - #3740 - hippocampus CA1 - Female - 88yr"""" | """"Control - #1716 - hippocampus CA3 - Male - 90yr"""" | """"AD - #4125 - hippocampus CA1 - Female - 61yr"""" | """"AD - #1440 - hippocampus CA3 - Male - 72yr"""" | """"AD - #4147 - hippocampus CA1 - Male - 66yr"""" | """"AD - #1388 - hippocampus CA1 - Male - 67yr"""" | """"AD - #1580 - hippocampus CA3 - Male - 90yr"""" | """"AD - #1167 - hippocampus CA3 - Male - 68yr"""" | """"Control - #881 - hippocampus CA1 - Male - 90yr"""" | """"AD - #1294 - hippocampus CA3 - Female - 90yr"""" | """"Control - #1731 - hippocampus CA1 - Female - 74yr"""" | """"Control - #1064 - hippocampus CA1 - Female - 83yr"""" | """"AD - #993 - hippocampus CA1 - Male - 83yr"""" | """"Control - #1720 - hippocampus CA1 - Male - 73yr"""" | """"Control - #1720 - hippocampus CA3 - Male - 73yr"""" | """"Control - #962 - hippocampus CA3 - Female - 70yr"""" | """"Control - #588 - hippocampus CA1 - Male - 85yr"""" | """"AD - #4155 - hippocampus CA3 - Female - 79yr"""" | """"AD - #1294 - hippocampus CA1 - Female - 90yr"""" | """"AD - #4159 - hippocampus CA1 - Female - 80yr"""" | """"Control - #1376 - hippocampus CA1 - Male - 85yr"""" | """"Control - #862 - hippocampus CA3 - Male - 75yr"""" | """"AD - #1380 - hippocampus CA1 - Female - 84yr"""" | """"Control - #881 - hippocampus CA3 - Male - 90yr"""" | """"Control - #3795 - hippocampus CA3 - Female - 72yr"""" | """"AD - #1673 - hippocampus CA3 - Male - 81yr"""" | """"AD - #1673 - hippocampus CA1 - Male - 81yr"""" | """"Control - #962 - hippocampus CA1 - Female - 70yr"""" | """"Control - #1013 - hippocampus CA1 - Male - 90yr"""" | """"AD - #1167 - hippocampus CA1 - Male - 68yr"""" | """"AD - #704 - hippocampus CA3 - Male - 81yr"""" | """"AD - #4155 - hippocampus CA1 - Female - 79yr"""" | """"Control - #3777 - hippocampus CA1 - Male - 84yr"""" | """"AD - #827 - hippocampus CA3 - Male - 90yr"""" | """"AD - #1388 - hippocampus CA3 - Male - 67yr"""" | """"Control - #862 - hippocampus CA1 - Male - 75yr"""" | """"Control - #1376 - hippocampus CA3 - Male - 85yr"""" | """"AD - #926 - hippocampus CA3 - Female - 79yr"""" | """"AD - #926 - hippocampus CA1 - Female - 79yr"""" | """"AD - #827 - hippocampus CA1 - Male - 90yr"""" | """"AD - #4152 - hippocampus CA1 - Female - 74yr"""" | """"Control - #3912 - hippocampus CA1 - Male - 80yr"""" | """"Control - #1761 - hippocampus CA3 - Male - 86yr"""" | """"Control - #588 - hippocampus CA3 - Male - 85yr"""" | """"Control - #3777 - hippocampus CA3 - Male - 84yr"""" | """"Control - #1385 - hippocampus CA1 - Male - 81yr"""" | """"AD - #1380 - hippocampus CA3 - Female - 84yr"""" | """"Control - #3740 - hippocampus CA3 - Female - 88yr"""" | """"Control - #3912 - hippocampus CA3 - Male - 80yr"""" | """"AD - #1440 - hippocampus CA1 - Male - 72yr"""" | """"Control - #1716 - hippocampus CA1 - Male - 90yr"""" | """"Control - #1064 - hippocampus CA3 - Female - 83yr"""" | """"AD - #4152 - hippocampus CA3 - Female - 74yr"""" | """"AD - #4098 - hippocampus CA3 - Female - 68yr"""" | """"AD - #4125 - hippocampus CA3 - Female - 61yr"""" | """"Control - #1731 - hippocampus CA3 - Female - 74yr"""" | """"AD - #4098 - hippocampus CA1 - Female - 68yr"""""
"GSE33000","source_name_ch1","""""HBTRC_PF_Pool_1"""" | """"HBTRC_PF_Pool_2"""" | """"HBTRC_PF_Pool_3"""" | """"HBTRC_PF_Pool_4"""" | """"HBTRC_PF_Pool_5"""" | """"HBTRC_PF_Pool_6"""" | """"HBTRC_PF_Pool_7"""" | """"HBTRC_PF_Pool_8"""" | """"HBTRC_PF_Pool_9"""" | """"HBTRC_PF_Pool_10"""" | """"HBTRC_PF_Pool_11"""" | """"HBTRC_PF_Pool_12"""" | """"HBTRC_PF_Pool_13"""" | """"HBTRC_PF_Pool_14"""" | """"HBTRC_PF_Pool_15"""" | """"HBTRC_PF_Pool_16"""" | """"HBTRC_PF_Pool_17"""" | """"HBTRC_PF_Pool_18"""" | """"HBTRC_PF_Pool_19"""" | """"HBTRC_PF_Pool_20"""" | """"HBTRC_PF_Pool_21"""" | """"HBTRC_PF_Pool_22"""" | """"HBTRC_PF_Pool_23"""" | """"HBTRC_PF_Pool_24"""" | """"HBTRC_PF_Pool_25"""" | """"HBTRC_PF_Pool_26"""" | """"HBTRC_PF_Pool_27"""" | """"HBTRC_PF_Pool_28"""" | """"HBTRC_PF_Pool_29"""" | """"HBTRC_PF_Pool_30"""" | """"HBTRC_PF_Pool_31"""" | """"HBTRC_PF_Pool_32"""" | """"HBTRC_PF_Pool_33"""" | """"HBTRC_PF_Pool_34"""" | """"HBTRC_PF_Pool_35"""" | """"HBTRC_PF_Pool_36"""" | """"HBTRC_PF_Pool_37"""" | """"HBTRC_PF_Pool_38"""" | """"HBTRC_PF_Pool_39"""" | """"HBTRC_PF_Pool_40"""" | """"HBTRC_PF_Pool_41"""" | """"HBTRC_PF_Pool_42"""" | """"HBTRC_PF_Pool_43"""" | """"HBTRC_PF_Pool_44"""" | """"HBTRC_PF_Pool_45"""" | """"HBTRC_PF_Pool_46"""" | """"HBTRC_PF_Pool_47"""" | """"HBTRC_PF_Pool_48"""" | """"HBTRC_PF_Pool_49"""" | """"HBTRC_PF_Pool_50"""" | """"HBTRC_PF_Pool_51"""" | """"HBTRC_PF_Pool_52"""" | """"HBTRC_PF_Pool_53"""" | """"HBTRC_PF_Pool_54"""" | """"HBTRC_PF_Pool_55"""" | """"HBTRC_PF_Pool_56"""" | """"HBTRC_PF_Pool_57"""" | """"HBTRC_PF_Pool_58"""" | """"HBTRC_PF_Pool_59"""" | """"HBTRC_PF_Pool_60"""" | """"HBTRC_PF_Pool_61"""" | """"HBTRC_PF_Pool_62"""" | """"HBTRC_PF_Pool_63"""" | """"HBTRC_PF_Pool_64"""" | """"HBTRC_PF_Pool_65"""" | """"HBTRC_PF_Pool_66"""" | """"HBTRC_PF_Pool_67"""" | """"HBTRC_PF_Pool_68"""" | """"HBTRC_PF_Pool_69"""" | """"HBTRC_PF_Pool_70"""" | """"HBTRC_PF_Pool_71"""" | """"HBTRC_PF_Pool_72"""" | """"HBTRC_PF_Pool_73"""" | """"HBTRC_PF_Pool_74"""" | """"HBTRC_PF_Pool_75"""" | """"HBTRC_PF_Pool_76"""" | """"HBTRC_PF_Pool_77"""" | """"HBTRC_PF_Pool_78"""" | """"HBTRC_PF_Pool_79"""" | """"HBTRC_PF_Pool_80"""" | """"HBTRC_PF_Pool_81"""" | """"HBTRC_PF_Pool_82"""" | """"HBTRC_PF_Pool_83"""" | """"HBTRC_PF_Pool_84"""" | """"HBTRC_PF_Pool_85"""" | """"HBTRC_PF_Pool_86"""" | """"HBTRC_PF_Pool_87"""" | """"HBTRC_PF_Pool_88"""" | """"HBTRC_PF_Pool_89"""" | """"HBTRC_PF_Pool_90"""" | """"HBTRC_PF_Pool_91"""" | """"HBTRC_PF_Pool_92"""" | """"HBTRC_PF_Pool_93"""" | """"HBTRC_PF_Pool_94"""" | """"HBTRC_PF_Pool_95"""" | """"HBTRC_PF_Pool_96"""" | """"HBTRC_PF_Pool_97"""" | """"HBTRC_PF_Pool_98"""" | """"HBTRC_PF_Pool_99"""" | """"HBTRC_PF_Pool_100"""" | """"HBTRC_PF_Pool_101"""" | """"HBTRC_PF_Pool_102"""" | """"HBTRC_PF_Pool_103"""" | """"HBTRC_PF_Pool_104"""" | """"HBTRC_PF_Pool_105"""" | """"HBTRC_PF_Pool_106"""" | """"HBTRC_PF_Pool_107"""" | """"HBTRC_PF_Pool_108"""" | """"HBTRC_PF_Pool_109"""" | """"HBTRC_PF_Pool_110"""" | """"HBTRC_PF_Pool_111"""" | """"HBTRC_PF_Pool_112"""" | """"HBTRC_PF_Pool_113"""" | """"HBTRC_PF_Pool_114"""" | """"HBTRC_PF_Pool_115"""" | """"HBTRC_PF_Pool_116"""" | """"HBTRC_PF_Pool_117"""" | """"HBTRC_PF_Pool_118"""" | """"HBTRC_PF_Pool_119"""" | """"HBTRC_PF_Pool_120"""" | """"HBTRC_PF_Pool_121"""" | """"HBTRC_PF_Pool_122"""" | """"HBTRC_PF_Pool_123"""" | """"HBTRC_PF_Pool_124"""" | """"HBTRC_PF_Pool_125"""" | """"HBTRC_PF_Pool_126"""" | """"HBTRC_PF_Pool_127"""" | """"HBTRC_PF_Pool_128"""" | """"HBTRC_PF_Pool_129"""" | """"HBTRC_PF_Pool_130"""" | """"HBTRC_PF_Pool_131"""" | """"HBTRC_PF_Pool_132"""" | """"HBTRC_PF_Pool_133"""" | """"HBTRC_PF_Pool_134"""" | """"HBTRC_PF_Pool_135"""" | """"HBTRC_PF_Pool_136"""" | """"HBTRC_PF_Pool_137"""" | """"HBTRC_PF_Pool_138"""" | """"HBTRC_PF_Pool_139"""" | """"HBTRC_PF_Pool_140"""" | """"HBTRC_PF_Pool_141"""" | """"HBTRC_PF_Pool_142"""" | """"HBTRC_PF_Pool_143"""" | """"HBTRC_PF_Pool_144"""" | """"HBTRC_PF_Pool_145"""" | """"HBTRC_PF_Pool_146"""" | """"HBTRC_PF_Pool_147"""" | """"HBTRC_PF_Pool_148"""" | """"HBTRC_PF_Pool_149"""" | """"HBTRC_PF_Pool_150"""" | """"HBTRC_PF_Pool_151"""" | """"HBTRC_PF_Pool_152"""" | """"HBTRC_PF_Pool_153"""" | """"HBTRC_PF_Pool_154"""" | """"HBTRC_PF_Pool_155"""" | """"HBTRC_PF_Pool_156"""" | """"HBTRC_PF_Pool_157"""" | """"HBTRC_PF_Pool_158"""" | """"HBTRC_PF_Pool_159"""" | """"HBTRC_PF_Pool_160"""" | """"HBTRC_PF_Pool_161"""" | """"HBTRC_PF_Pool_162"""" | """"HBTRC_PF_Pool_163"""" | """"HBTRC_PF_Pool_164"""" | """"HBTRC_PF_Pool_165"""" | """"HBTRC_PF_Pool_166"""" | """"HBTRC_PF_Pool_167"""" | """"HBTRC_PF_Pool_168"""" | """"HBTRC_PF_Pool_169"""" | """"HBTRC_PF_Pool_170"""" | """"HBTRC_PF_Pool_171"""" | """"HBTRC_PF_Pool_172"""" | """"HBTRC_PF_Pool_173"""" | """"HBTRC_PF_Pool_174"""" | """"HBTRC_PF_Pool_175"""" | """"HBTRC_PF_Pool_176"""" | """"HBTRC_PF_Pool_177"""" | """"HBTRC_PF_Pool_178"""" | """"HBTRC_PF_Pool_179"""" | """"HBTRC_PF_Pool_180"""" | """"HBTRC_PF_Pool_181"""" | """"HBTRC_PF_Pool_182"""" | """"HBTRC_PF_Pool_183"""" | """"HBTRC_PF_Pool_184"""" | """"HBTRC_PF_Pool_185"""" | """"HBTRC_PF_Pool_186"""" | """"HBTRC_PF_Pool_187"""" | """"HBTRC_PF_Pool_188"""" | """"HBTRC_PF_Pool_189"""" | """"HBTRC_PF_Pool_190"""" | """"HBTRC_PF_Pool_191"""" | """"HBTRC_PF_Pool_192"""" | """"HBTRC_PF_Pool_193"""" | """"HBTRC_PF_Pool_194"""" | """"HBTRC_PF_Pool_195"""" | """"HBTRC_PF_Pool_196"""" | """"HBTRC_PF_Pool_197"""" | """"HBTRC_PF_Pool_198"""" | """"HBTRC_PF_Pool_199"""" | """"HBTRC_PF_Pool_200"""" | """"HBTRC_PF_Pool_201"""" | """"HBTRC_PF_Pool_202"""" | """"HBTRC_PF_Pool_203"""" | """"HBTRC_PF_Pool_204"""" | """"HBTRC_PF_Pool_205"""" | """"HBTRC_PF_Pool_206"""" | """"HBTRC_PF_Pool_207"""" | """"HBTRC_PF_Pool_208"""" | """"HBTRC_PF_Pool_209"""" | """"HBTRC_PF_Pool_210"""" | """"HBTRC_PF_Pool_211"""" | """"HBTRC_PF_Pool_212"""" | """"HBTRC_PF_Pool_213"""" | """"HBTRC_PF_Pool_214"""" | """"HBTRC_PF_Pool_215"""" | """"HBTRC_PF_Pool_216"""" | """"HBTRC_PF_Pool_217"""" | """"HBTRC_PF_Pool_218"""" | """"HBTRC_PF_Pool_219"""" | """"HBTRC_PF_Pool_220"""" | """"HBTRC_PF_Pool_221"""" | """"HBTRC_PF_Pool_222"""" | """"HBTRC_PF_Pool_223"""" | """"HBTRC_PF_Pool_224"""" | """"HBTRC_PF_Pool_225"""" | """"HBTRC_PF_Pool_226"""" | """"HBTRC_PF_Pool_227"""" | """"HBTRC_PF_Pool_228"""" | """"HBTRC_PF_Pool_229"""" | """"HBTRC_PF_Pool_230"""" | """"HBTRC_PF_Pool_231"""" | """"HBTRC_PF_Pool_232"""" | """"HBTRC_PF_Pool_233"""" | """"HBTRC_PF_Pool_234"""" | """"HBTRC_PF_Pool_235"""" | """"HBTRC_PF_Pool_236"""" | """"HBTRC_PF_Pool_237"""" | """"HBTRC_PF_Pool_238"""" | """"HBTRC_PF_Pool_239"""" | """"HBTRC_PF_Pool_240"""" | """"HBTRC_PF_Pool_241"""" | """"HBTRC_PF_Pool_242"""" | """"HBTRC_PF_Pool_243"""" | """"HBTRC_PF_Pool_244"""" | """"HBTRC_PF_Pool_245"""" | """"HBTRC_PF_Pool_246"""" | """"HBTRC_PF_Pool_247"""" | """"HBTRC_PF_Pool_248"""" | """"HBTRC_PF_Pool_249"""" | """"HBTRC_PF_Pool_250"""" | """"HBTRC_PF_Pool_251"""" | """"HBTRC_PF_Pool_252"""" | """"HBTRC_PF_Pool_253"""" | """"HBTRC_PF_Pool_254"""" | """"HBTRC_PF_Pool_255"""" | """"HBTRC_PF_Pool_256"""" | """"HBTRC_PF_Pool_257"""" | """"HBTRC_PF_Pool_258"""" | """"HBTRC_PF_Pool_259"""" | """"HBTRC_PF_Pool_260"""" | """"HBTRC_PF_Pool_261"""" | """"HBTRC_PF_Pool_262"""" | """"HBTRC_PF_Pool_263"""" | """"HBTRC_PF_Pool_264"""" | """"HBTRC_PF_Pool_265"""" | """"HBTRC_PF_Pool_266"""" | """"HBTRC_PF_Pool_267"""" | """"HBTRC_PF_Pool_268"""" | """"HBTRC_PF_Pool_269"""" | """"HBTRC_PF_Pool_270"""" | """"HBTRC_PF_Pool_271"""" | """"HBTRC_PF_Pool_272"""" | """"HBTRC_PF_Pool_273"""" | """"HBTRC_PF_Pool_274"""" | """"HBTRC_PF_Pool_275"""" | """"HBTRC_PF_Pool_276"""" | """"HBTRC_PF_Pool_277"""" | """"HBTRC_PF_Pool_278"""" | """"HBTRC_PF_Pool_279"""" | """"HBTRC_PF_Pool_280"""" | """"HBTRC_PF_Pool_281"""" | """"HBTRC_PF_Pool_282"""" | """"HBTRC_PF_Pool_283"""" | """"HBTRC_PF_Pool_284"""" | """"HBTRC_PF_Pool_285"""" | """"HBTRC_PF_Pool_286"""" | """"HBTRC_PF_Pool_287"""" | """"HBTRC_PF_Pool_288"""" | """"HBTRC_PF_Pool_289"""" | """"HBTRC_PF_Pool_290"""" | """"HBTRC_PF_Pool_291"""" | """"HBTRC_PF_Pool_292"""" | """"HBTRC_PF_Pool_293"""" | """"HBTRC_PF_Pool_294"""" | """"HBTRC_PF_Pool_295"""" | """"HBTRC_PF_Pool_296"""" | """"HBTRC_PF_Pool_297"""" | """"HBTRC_PF_Pool_298"""" | """"HBTRC_PF_Pool_299"""" | """"HBTRC_PF_Pool_300"""" | """"HBTRC_PF_Pool_301"""" | """"HBTRC_PF_Pool_302"""" | """"HBTRC_PF_Pool_303"""" | """"HBTRC_PF_Pool_304"""" | """"HBTRC_PF_Pool_305"""" | """"HBTRC_PF_Pool_306"""" | """"HBTRC_PF_Pool_307"""" | """"HBTRC_PF_Pool_308"""" | """"HBTRC_PF_Pool_309"""" | """"HBTRC_PF_Pool_310"""" | """"HBTRC_PF_Pool_311"""" | """"HBTRC_PF_Pool_312"""" | """"HBTRC_PF_Pool_313"""" | """"HBTRC_PF_Pool_314"""" | """"HBTRC_PF_Pool_315"""" | """"HBTRC_PF_Pool_316"""" | """"HBTRC_PF_Pool_317"""" | """"HBTRC_PF_Pool_318"""" | """"HBTRC_PF_Pool_319"""" | """"HBTRC_PF_Pool_320"""" | """"HBTRC_PF_Pool_321"""" | """"HBTRC_PF_Pool_322"""" | """"HBTRC_PF_Pool_323"""" | """"HBTRC_PF_Pool_324"""" | """"HBTRC_PF_Pool_325"""" | """"HBTRC_PF_Pool_326"""" | """"HBTRC_PF_Pool_327"""" | """"HBTRC_PF_Pool_328"""" | """"HBTRC_PF_Pool_329"""" | """"HBTRC_PF_Pool_330"""" | """"HBTRC_PF_Pool_331"""" | """"HBTRC_PF_Pool_332"""" | """"HBTRC_PF_Pool_333"""" | """"HBTRC_PF_Pool_334"""" | """"HBTRC_PF_Pool_335"""" | """"HBTRC_PF_Pool_336"""" | """"HBTRC_PF_Pool_337"""" | """"HBTRC_PF_Pool_338"""" | """"HBTRC_PF_Pool_339"""" | """"HBTRC_PF_Pool_340"""" | """"HBTRC_PF_Pool_341"""" | """"HBTRC_PF_Pool_342"""" | """"HBTRC_PF_Pool_343"""" | """"HBTRC_PF_Pool_344"""" | """"HBTRC_PF_Pool_345"""" | """"HBTRC_PF_Pool_346"""" | """"HBTRC_PF_Pool_347"""" | """"HBTRC_PF_Pool_348"""" | """"HBTRC_PF_Pool_349"""" | """"HBTRC_PF_Pool_350"""" | """"HBTRC_PF_Pool_351"""" | """"HBTRC_PF_Pool_352"""" | """"HBTRC_PF_Pool_353"""" | """"HBTRC_PF_Pool_354"""" | """"HBTRC_PF_Pool_355"""" | """"HBTRC_PF_Pool_356"""" | """"HBTRC_PF_Pool_357"""" | """"HBTRC_PF_Pool_358"""" | """"HBTRC_PF_Pool_359"""" | """"HBTRC_PF_Pool_360"""" | """"HBTRC_PF_Pool_361"""" | """"HBTRC_PF_Pool_362"""" | """"HBTRC_PF_Pool_363"""" | """"HBTRC_PF_Pool_364"""" | """"HBTRC_PF_Pool_365"""" | """"HBTRC_PF_Pool_366"""" | """"HBTRC_PF_Pool_367"""" | """"HBTRC_PF_Pool_368"""" | """"HBTRC_PF_Pool_369"""" | """"HBTRC_PF_Pool_370"""" | """"HBTRC_PF_Pool_371"""" | """"HBTRC_PF_Pool_372"""" | """"HBTRC_PF_Pool_373"""" | """"HBTRC_PF_Pool_374"""" | """"HBTRC_PF_Pool_375"""" | """"HBTRC_PF_Pool_376"""" | """"HBTRC_PF_Pool_377"""" | """"HBTRC_PF_Pool_378"""" | """"HBTRC_PF_Pool_379"""" | """"HBTRC_PF_Pool_380"""" | """"HBTRC_PF_Pool_381"""" | """"HBTRC_PF_Pool_382"""" | """"HBTRC_PF_Pool_383"""" | """"HBTRC_PF_Pool_384"""" | """"HBTRC_PF_Pool_385"""" | """"HBTRC_PF_Pool_386"""" | """"HBTRC_PF_Pool_387"""" | """"HBTRC_PF_Pool_388"""" | """"HBTRC_PF_Pool_389"""" | """"HBTRC_PF_Pool_390"""" | """"HBTRC_PF_Pool_391"""" | """"HBTRC_PF_Pool_392"""" | """"HBTRC_PF_Pool_393"""" | """"HBTRC_PF_Pool_394"""" | """"HBTRC_PF_Pool_395"""" | """"HBTRC_PF_Pool_396"""" | """"HBTRC_PF_Pool_397"""" | """"HBTRC_PF_Pool_398"""" | """"HBTRC_PF_Pool_399"""" | """"HBTRC_PF_Pool_400"""" | """"HBTRC_PF_Pool_401"""" | """"HBTRC_PF_Pool_402"""" | """"HBTRC_PF_Pool_403"""" | """"HBTRC_PF_Pool_404"""" | """"HBTRC_PF_Pool_405"""" | """"HBTRC_PF_Pool_406"""" | """"HBTRC_PF_Pool_407"""" | """"HBTRC_PF_Pool_408"""" | """"HBTRC_PF_Pool_409"""" | """"HBTRC_PF_Pool_410"""" | """"HBTRC_PF_Pool_411"""" | """"HBTRC_PF_Pool_412"""" | """"HBTRC_PF_Pool_413"""" | """"HBTRC_PF_Pool_414"""" | """"HBTRC_PF_Pool_415"""" | """"HBTRC_PF_Pool_416"""" | """"HBTRC_PF_Pool_417"""" | """"HBTRC_PF_Pool_418"""" | """"HBTRC_PF_Pool_419"""" | """"HBTRC_PF_Pool_420"""" | """"HBTRC_PF_Pool_421"""" | """"HBTRC_PF_Pool_422"""" | """"HBTRC_PF_Pool_423"""" | """"HBTRC_PF_Pool_424"""" | """"HBTRC_PF_Pool_425"""" | """"HBTRC_PF_Pool_426"""" | """"HBTRC_PF_Pool_427"""" | """"HBTRC_PF_Pool_428"""" | """"HBTRC_PF_Pool_429"""" | """"HBTRC_PF_Pool_430"""" | """"HBTRC_PF_Pool_431"""" | """"HBTRC_PF_Pool_432"""" | """"HBTRC_PF_Pool_433"""" | """"HBTRC_PF_Pool_434"""" | """"HBTRC_PF_Pool_435"""" | """"HBTRC_PF_Pool_436"""" | """"HBTRC_PF_Pool_437"""" | """"HBTRC_PF_Pool_438"""" | """"HBTRC_PF_Pool_439"""" | """"HBTRC_PF_Pool_440"""" | """"HBTRC_PF_Pool_441"""" | """"HBTRC_PF_Pool_442"""" | """"HBTRC_PF_Pool_443"""" | """"HBTRC_PF_Pool_444"""" | """"HBTRC_PF_Pool_445"""" | """"HBTRC_PF_Pool_446"""" | """"HBTRC_PF_Pool_447"""" | """"HBTRC_PF_Pool_448"""" | """"HBTRC_PF_Pool_449"""" | """"HBTRC_PF_Pool_450"""" | """"HBTRC_PF_Pool_451"""" | """"HBTRC_PF_Pool_452"""" | """"HBTRC_PF_Pool_453"""" | """"HBTRC_PF_Pool_454"""" | """"HBTRC_PF_Pool_455"""" | """"HBTRC_PF_Pool_456"""" | """"HBTRC_PF_Pool_457"""" | """"HBTRC_PF_Pool_458"""" | """"HBTRC_PF_Pool_459"""" | """"HBTRC_PF_Pool_460"""" | """"HBTRC_PF_Pool_461"""" | """"HBTRC_PF_Pool_462"""" | """"HBTRC_PF_Pool_463"""" | """"HBTRC_PF_Pool_464"""" | """"HBTRC_PF_Pool_465"""" | """"HBTRC_PF_Pool_466"""" | """"HBTRC_PF_Pool_467"""" | """"HBTRC_PF_Pool_468"""" | """"HBTRC_PF_Pool_469"""" | """"HBTRC_PF_Pool_470"""" | """"HBTRC_PF_Pool_471"""" | """"HBTRC_PF_Pool_472"""" | """"HBTRC_PF_Pool_473"""" | """"HBTRC_PF_Pool_474"""" | """"HBTRC_PF_Pool_475"""" | """"HBTRC_PF_Pool_476"""" | """"HBTRC_PF_Pool_477"""" | """"HBTRC_PF_Pool_478"""" | """"HBTRC_PF_Pool_479"""" | """"HBTRC_PF_Pool_480"""" | """"HBTRC_PF_Pool_481"""" | """"HBTRC_PF_Pool_482"""" | """"HBTRC_PF_Pool_483"""" | """"HBTRC_PF_Pool_484"""" | """"HBTRC_PF_Pool_485"""" | """"HBTRC_PF_Pool_486"""" | """"HBTRC_PF_Pool_487"""" | """"HBTRC_PF_Pool_488"""" | """"HBTRC_PF_Pool_489"""" | """"HBTRC_PF_Pool_490"""" | """"HBTRC_PF_Pool_491"""" | """"HBTRC_PF_Pool_492"""" | """"HBTRC_PF_Pool_493"""" | """"HBTRC_PF_Pool_494"""" | """"HBTRC_PF_Pool_495"""" | """"HBTRC_PF_Pool_496"""" | """"HBTRC_PF_Pool_497"""" | """"HBTRC_PF_Pool_498"""" | """"HBTRC_PF_Pool_499"""" | """"HBTRC_PF_Pool_500"""" | """"HBTRC_PF_Pool_501"""" | """"HBTRC_PF_Pool_502"""" | """"HBTRC_PF_Pool_503"""" | """"HBTRC_PF_Pool_504"""" | """"HBTRC_PF_Pool_505"""" | """"HBTRC_PF_Pool_506"""" | """"HBTRC_PF_Pool_507"""" | """"HBTRC_PF_Pool_508"""" | """"HBTRC_PF_Pool_509"""" | """"HBTRC_PF_Pool_510"""" | """"HBTRC_PF_Pool_511"""" | """"HBTRC_PF_Pool_512"""" | """"HBTRC_PF_Pool_513"""" | """"HBTRC_PF_Pool_514"""" | """"HBTRC_PF_Pool_515"""" | """"HBTRC_PF_Pool_516"""" | """"HBTRC_PF_Pool_517"""" | """"HBTRC_PF_Pool_518"""" | """"HBTRC_PF_Pool_519"""" | """"HBTRC_PF_Pool_520"""" | """"HBTRC_PF_Pool_521"""" | """"HBTRC_PF_Pool_522"""" | """"HBTRC_PF_Pool_523"""" | """"HBTRC_PF_Pool_524"""" | """"HBTRC_PF_Pool_525"""" | """"HBTRC_PF_Pool_526"""" | """"HBTRC_PF_Pool_527"""" | """"HBTRC_PF_Pool_528"""" | """"HBTRC_PF_Pool_529"""" | """"HBTRC_PF_Pool_530"""" | """"HBTRC_PF_Pool_531"""" | """"HBTRC_PF_Pool_532"""" | """"HBTRC_PF_Pool_533"""" | """"HBTRC_PF_Pool_534"""" | """"HBTRC_PF_Pool_535"""" | """"HBTRC_PF_Pool_536"""" | """"HBTRC_PF_Pool_537"""" | """"HBTRC_PF_Pool_538"""" | """"HBTRC_PF_Pool_539"""" | """"HBTRC_PF_Pool_540"""" | """"HBTRC_PF_Pool_541"""" | """"HBTRC_PF_Pool_542"""" | """"HBTRC_PF_Pool_543"""" | """"HBTRC_PF_Pool_544"""" | """"HBTRC_PF_Pool_545"""" | """"HBTRC_PF_Pool_546"""" | """"HBTRC_PF_Pool_547"""" | """"HBTRC_PF_Pool_548"""" | """"HBTRC_PF_Pool_549"""" | """"HBTRC_PF_Pool_550"""" | """"HBTRC_PF_Pool_551"""" | """"HBTRC_PF_Pool_552"""" | """"HBTRC_PF_Pool_553"""" | """"HBTRC_PF_Pool_554"""" | """"HBTRC_PF_Pool_555"""" | """"HBTRC_PF_Pool_556"""" | """"HBTRC_PF_Pool_557"""" | """"HBTRC_PF_Pool_558"""" | """"HBTRC_PF_Pool_559"""" | """"HBTRC_PF_Pool_560"""" | """"HBTRC_PF_Pool_561"""" | """"HBTRC_PF_Pool_562"""" | """"HBTRC_PF_Pool_563"""" | """"HBTRC_PF_Pool_564"""" | """"HBTRC_PF_Pool_565"""" | """"HBTRC_PF_Pool_566"""" | """"HBTRC_PF_Pool_567"""" | """"HBTRC_PF_Pool_568"""" | """"HBTRC_PF_Pool_569"""" | """"HBTRC_PF_Pool_570"""" | """"HBTRC_PF_Pool_571"""" | """"HBTRC_PF_Pool_572"""" | """"HBTRC_PF_Pool_573"""" | """"HBTRC_PF_Pool_574"""" | """"HBTRC_PF_Pool_575"""" | """"HBTRC_PF_Pool_576"""" | """"HBTRC_PF_Pool_577"""" | """"HBTRC_PF_Pool_578"""" | """"HBTRC_PF_Pool_579"""" | """"HBTRC_PF_Pool_580"""" | """"HBTRC_PF_Pool_581"""" | """"HBTRC_PF_Pool_582"""" | """"HBTRC_PF_Pool_583"""" | """"HBTRC_PF_Pool_584"""" | """"HBTRC_PF_Pool_585"""" | """"HBTRC_PF_Pool_586"""" | """"HBTRC_PF_Pool_587"""" | """"HBTRC_PF_Pool_588"""" | """"HBTRC_PF_Pool_589"""" | """"HBTRC_PF_Pool_590"""" | """"HBTRC_PF_Pool_591"""" | """"HBTRC_PF_Pool_592"""" | """"HBTRC_PF_Pool_593"""" | """"HBTRC_PF_Pool_594"""" | """"HBTRC_PF_Pool_595"""" | """"HBTRC_PF_Pool_596"""" | """"HBTRC_PF_Pool_597"""" | """"HBTRC_PF_Pool_598"""" | """"HBTRC_PF_Pool_599"""" | """"HBTRC_PF_Pool_600"""" | """"HBTRC_PF_Pool_601"""" | """"HBTRC_PF_Pool_602"""" | """"HBTRC_PF_Pool_603"""" | """"HBTRC_PF_Pool_604"""" | """"HBTRC_PF_Pool_605"""" | """"HBTRC_PF_Pool_606"""" | """"HBTRC_PF_Pool_607"""" | """"HBTRC_PF_Pool_608"""" | """"HBTRC_PF_Pool_609"""" | """"HBTRC_PF_Pool_610"""" | """"HBTRC_PF_Pool_611"""" | """"HBTRC_PF_Pool_612"""" | """"HBTRC_PF_Pool_613"""" | """"HBTRC_PF_Pool_614"""" | """"HBTRC_PF_Pool_615"""" | """"HBTRC_PF_Pool_616"""" | """"HBTRC_PF_Pool_617"""" | """"HBTRC_PF_Pool_618"""" | """"HBTRC_PF_Pool_619"""" | """"HBTRC_PF_Pool_620"""" | """"HBTRC_PF_Pool_621"""" | """"HBTRC_PF_Pool_622"""" | """"HBTRC_PF_Pool_623"""" | """"HBTRC_PF_Pool_624"""""
"GSE33000","title","""""PFC_1"""" | """"PFC_2"""" | """"PFC_3"""" | """"PFC_4"""" | """"PFC_5"""" | """"PFC_6"""" | """"PFC_7"""" | """"PFC_8"""" | """"PFC_9"""" | """"PFC_10"""" | """"PFC_11"""" | """"PFC_12"""" | """"PFC_13"""" | """"PFC_14"""" | """"PFC_15"""" | """"PFC_16"""" | """"PFC_17"""" | """"PFC_18"""" | """"PFC_19"""" | """"PFC_20"""" | """"PFC_21"""" | """"PFC_22"""" | """"PFC_23"""" | """"PFC_24"""" | """"PFC_25"""" | """"PFC_26"""" | """"PFC_27"""" | """"PFC_28"""" | """"PFC_29"""" | """"PFC_30"""" | """"PFC_31"""" | """"PFC_32"""" | """"PFC_33"""" | """"PFC_34"""" | """"PFC_35"""" | """"PFC_36"""" | """"PFC_37"""" | """"PFC_38"""" | """"PFC_39"""" | """"PFC_40"""" | """"PFC_41"""" | """"PFC_42"""" | """"PFC_43"""" | """"PFC_44"""" | """"PFC_45"""" | """"PFC_46"""" | """"PFC_47"""" | """"PFC_48"""" | """"PFC_49"""" | """"PFC_50"""" | """"PFC_51"""" | """"PFC_52"""" | """"PFC_53"""" | """"PFC_54"""" | """"PFC_55"""" | """"PFC_56"""" | """"PFC_57"""" | """"PFC_58"""" | """"PFC_59"""" | """"PFC_60"""" | """"PFC_61"""" | """"PFC_62"""" | """"PFC_63"""" | """"PFC_64"""" | """"PFC_65"""" | """"PFC_66"""" | """"PFC_67"""" | """"PFC_68"""" | """"PFC_69"""" | """"PFC_70"""" | """"PFC_71"""" | """"PFC_72"""" | """"PFC_73"""" | """"PFC_74"""" | """"PFC_75"""" | """"PFC_76"""" | """"PFC_77"""" | """"PFC_78"""" | """"PFC_79"""" | """"PFC_80"""" | """"PFC_81"""" | """"PFC_82"""" | """"PFC_83"""" | """"PFC_84"""" | """"PFC_85"""" | """"PFC_86"""" | """"PFC_87"""" | """"PFC_88"""" | """"PFC_89"""" | """"PFC_90"""" | """"PFC_91"""" | """"PFC_92"""" | """"PFC_93"""" | """"PFC_94"""" | """"PFC_95"""" | """"PFC_96"""" | """"PFC_97"""" | """"PFC_98"""" | """"PFC_99"""" | """"PFC_100"""" | """"PFC_101"""" | """"PFC_102"""" | """"PFC_103"""" | """"PFC_104"""" | """"PFC_105"""" | """"PFC_106"""" | """"PFC_107"""" | """"PFC_108"""" | """"PFC_109"""" | """"PFC_110"""" | """"PFC_111"""" | """"PFC_112"""" | """"PFC_113"""" | """"PFC_114"""" | """"PFC_115"""" | """"PFC_116"""" | """"PFC_117"""" | """"PFC_118"""" | """"PFC_119"""" | """"PFC_120"""" | """"PFC_121"""" | """"PFC_122"""" | """"PFC_123"""" | """"PFC_124"""" | """"PFC_125"""" | """"PFC_126"""" | """"PFC_127"""" | """"PFC_128"""" | """"PFC_129"""" | """"PFC_130"""" | """"PFC_131"""" | """"PFC_132"""" | """"PFC_133"""" | """"PFC_134"""" | """"PFC_135"""" | """"PFC_136"""" | """"PFC_137"""" | """"PFC_138"""" | """"PFC_139"""" | """"PFC_140"""" | """"PFC_141"""" | """"PFC_142"""" | """"PFC_143"""" | """"PFC_144"""" | """"PFC_145"""" | """"PFC_146"""" | """"PFC_147"""" | """"PFC_148"""" | """"PFC_149"""" | """"PFC_150"""" | """"PFC_151"""" | """"PFC_152"""" | """"PFC_153"""" | """"PFC_154"""" | """"PFC_155"""" | """"PFC_156"""" | """"PFC_157"""" | """"PFC_158"""" | """"PFC_159"""" | """"PFC_160"""" | """"PFC_161"""" | """"PFC_162"""" | """"PFC_163"""" | """"PFC_164"""" | """"PFC_165"""" | """"PFC_166"""" | """"PFC_167"""" | """"PFC_168"""" | """"PFC_169"""" | """"PFC_170"""" | """"PFC_171"""" | """"PFC_172"""" | """"PFC_173"""" | """"PFC_174"""" | """"PFC_175"""" | """"PFC_176"""" | """"PFC_177"""" | """"PFC_178"""" | """"PFC_179"""" | """"PFC_180"""" | """"PFC_181"""" | """"PFC_182"""" | """"PFC_183"""" | """"PFC_184"""" | """"PFC_185"""" | """"PFC_186"""" | """"PFC_187"""" | """"PFC_188"""" | """"PFC_189"""" | """"PFC_190"""" | """"PFC_191"""" | """"PFC_192"""" | """"PFC_193"""" | """"PFC_194"""" | """"PFC_195"""" | """"PFC_196"""" | """"PFC_197"""" | """"PFC_198"""" | """"PFC_199"""" | """"PFC_200"""" | """"PFC_201"""" | """"PFC_202"""" | """"PFC_203"""" | """"PFC_204"""" | """"PFC_205"""" | """"PFC_206"""" | """"PFC_207"""" | """"PFC_208"""" | """"PFC_209"""" | """"PFC_210"""" | """"PFC_211"""" | """"PFC_212"""" | """"PFC_213"""" | """"PFC_214"""" | """"PFC_215"""" | """"PFC_216"""" | """"PFC_217"""" | """"PFC_218"""" | """"PFC_219"""" | """"PFC_220"""" | """"PFC_221"""" | """"PFC_222"""" | """"PFC_223"""" | """"PFC_224"""" | """"PFC_225"""" | """"PFC_226"""" | """"PFC_227"""" | """"PFC_228"""" | """"PFC_229"""" | """"PFC_230"""" | """"PFC_231"""" | """"PFC_232"""" | """"PFC_233"""" | """"PFC_234"""" | """"PFC_235"""" | """"PFC_236"""" | """"PFC_237"""" | """"PFC_238"""" | """"PFC_239"""" | """"PFC_240"""" | """"PFC_241"""" | """"PFC_242"""" | """"PFC_243"""" | """"PFC_244"""" | """"PFC_245"""" | """"PFC_246"""" | """"PFC_247"""" | """"PFC_248"""" | """"PFC_249"""" | """"PFC_250"""" | """"PFC_251"""" | """"PFC_252"""" | """"PFC_253"""" | """"PFC_254"""" | """"PFC_255"""" | """"PFC_256"""" | """"PFC_257"""" | """"PFC_258"""" | """"PFC_259"""" | """"PFC_260"""" | """"PFC_261"""" | """"PFC_262"""" | """"PFC_263"""" | """"PFC_264"""" | """"PFC_265"""" | """"PFC_266"""" | """"PFC_267"""" | """"PFC_268"""" | """"PFC_269"""" | """"PFC_270"""" | """"PFC_271"""" | """"PFC_272"""" | """"PFC_273"""" | """"PFC_274"""" | """"PFC_275"""" | """"PFC_276"""" | """"PFC_277"""" | """"PFC_278"""" | """"PFC_279"""" | """"PFC_280"""" | """"PFC_281"""" | """"PFC_282"""" | """"PFC_283"""" | """"PFC_284"""" | """"PFC_285"""" | """"PFC_286"""" | """"PFC_287"""" | """"PFC_288"""" | """"PFC_289"""" | """"PFC_290"""" | """"PFC_291"""" | """"PFC_292"""" | """"PFC_293"""" | """"PFC_294"""" | """"PFC_295"""" | """"PFC_296"""" | """"PFC_297"""" | """"PFC_298"""" | """"PFC_299"""" | """"PFC_300"""" | """"PFC_301"""" | """"PFC_302"""" | """"PFC_303"""" | """"PFC_304"""" | """"PFC_305"""" | """"PFC_306"""" | """"PFC_307"""" | """"PFC_308"""" | """"PFC_309"""" | """"PFC_310"""" | """"PFC_311"""" | """"PFC_312"""" | """"PFC_313"""" | """"PFC_314"""" | """"PFC_315"""" | """"PFC_316"""" | """"PFC_317"""" | """"PFC_318"""" | """"PFC_319"""" | """"PFC_320"""" | """"PFC_321"""" | """"PFC_322"""" | """"PFC_323"""" | """"PFC_324"""" | """"PFC_325"""" | """"PFC_326"""" | """"PFC_327"""" | """"PFC_328"""" | """"PFC_329"""" | """"PFC_330"""" | """"PFC_331"""" | """"PFC_332"""" | """"PFC_333"""" | """"PFC_334"""" | """"PFC_335"""" | """"PFC_336"""" | """"PFC_337"""" | """"PFC_338"""" | """"PFC_339"""" | """"PFC_340"""" | """"PFC_341"""" | """"PFC_342"""" | """"PFC_343"""" | """"PFC_344"""" | """"PFC_345"""" | """"PFC_346"""" | """"PFC_347"""" | """"PFC_348"""" | """"PFC_349"""" | """"PFC_350"""" | """"PFC_351"""" | """"PFC_352"""" | """"PFC_353"""" | """"PFC_354"""" | """"PFC_355"""" | """"PFC_356"""" | """"PFC_357"""" | """"PFC_358"""" | """"PFC_359"""" | """"PFC_360"""" | """"PFC_361"""" | """"PFC_362"""" | """"PFC_363"""" | """"PFC_364"""" | """"PFC_365"""" | """"PFC_366"""" | """"PFC_367"""" | """"PFC_368"""" | """"PFC_369"""" | """"PFC_370"""" | """"PFC_371"""" | """"PFC_372"""" | """"PFC_373"""" | """"PFC_374"""" | """"PFC_375"""" | """"PFC_376"""" | """"PFC_377"""" | """"PFC_378"""" | """"PFC_379"""" | """"PFC_380"""" | """"PFC_381"""" | """"PFC_382"""" | """"PFC_383"""" | """"PFC_384"""" | """"PFC_385"""" | """"PFC_386"""" | """"PFC_387"""" | """"PFC_388"""" | """"PFC_389"""" | """"PFC_390"""" | """"PFC_391"""" | """"PFC_392"""" | """"PFC_393"""" | """"PFC_394"""" | """"PFC_395"""" | """"PFC_396"""" | """"PFC_397"""" | """"PFC_398"""" | """"PFC_399"""" | """"PFC_400"""" | """"PFC_401"""" | """"PFC_402"""" | """"PFC_403"""" | """"PFC_404"""" | """"PFC_405"""" | """"PFC_406"""" | """"PFC_407"""" | """"PFC_408"""" | """"PFC_409"""" | """"PFC_410"""" | """"PFC_411"""" | """"PFC_412"""" | """"PFC_413"""" | """"PFC_414"""" | """"PFC_415"""" | """"PFC_416"""" | """"PFC_417"""" | """"PFC_418"""" | """"PFC_419"""" | """"PFC_420"""" | """"PFC_421"""" | """"PFC_422"""" | """"PFC_423"""" | """"PFC_424"""" | """"PFC_425"""" | """"PFC_426"""" | """"PFC_427"""" | """"PFC_428"""" | """"PFC_429"""" | """"PFC_430"""" | """"PFC_431"""" | """"PFC_432"""" | """"PFC_433"""" | """"PFC_434"""" | """"PFC_435"""" | """"PFC_436"""" | """"PFC_437"""" | """"PFC_438"""" | """"PFC_439"""" | """"PFC_440"""" | """"PFC_441"""" | """"PFC_442"""" | """"PFC_443"""" | """"PFC_444"""" | """"PFC_445"""" | """"PFC_446"""" | """"PFC_447"""" | """"PFC_448"""" | """"PFC_449"""" | """"PFC_450"""" | """"PFC_451"""" | """"PFC_452"""" | """"PFC_453"""" | """"PFC_454"""" | """"PFC_455"""" | """"PFC_456"""" | """"PFC_457"""" | """"PFC_458"""" | """"PFC_459"""" | """"PFC_460"""" | """"PFC_461"""" | """"PFC_462"""" | """"PFC_463"""" | """"PFC_464"""" | """"PFC_465"""" | """"PFC_466"""" | """"PFC_467"""" | """"PFC_468"""" | """"PFC_469"""" | """"PFC_470"""" | """"PFC_471"""" | """"PFC_472"""" | """"PFC_473"""" | """"PFC_474"""" | """"PFC_475"""" | """"PFC_476"""" | """"PFC_477"""" | """"PFC_478"""" | """"PFC_479"""" | """"PFC_480"""" | """"PFC_481"""" | """"PFC_482"""" | """"PFC_483"""" | """"PFC_484"""" | """"PFC_485"""" | """"PFC_486"""" | """"PFC_487"""" | """"PFC_488"""" | """"PFC_489"""" | """"PFC_490"""" | """"PFC_491"""" | """"PFC_492"""" | """"PFC_493"""" | """"PFC_494"""" | """"PFC_495"""" | """"PFC_496"""" | """"PFC_497"""" | """"PFC_498"""" | """"PFC_499"""" | """"PFC_500"""" | """"PFC_501"""" | """"PFC_502"""" | """"PFC_503"""" | """"PFC_504"""" | """"PFC_505"""" | """"PFC_506"""" | """"PFC_507"""" | """"PFC_508"""" | """"PFC_509"""" | """"PFC_510"""" | """"PFC_511"""" | """"PFC_512"""" | """"PFC_513"""" | """"PFC_514"""" | """"PFC_515"""" | """"PFC_516"""" | """"PFC_517"""" | """"PFC_518"""" | """"PFC_519"""" | """"PFC_520"""" | """"PFC_521"""" | """"PFC_522"""" | """"PFC_523"""" | """"PFC_524"""" | """"PFC_525"""" | """"PFC_526"""" | """"PFC_527"""" | """"PFC_528"""" | """"PFC_529"""" | """"PFC_530"""" | """"PFC_531"""" | """"PFC_532"""" | """"PFC_533"""" | """"PFC_534"""" | """"PFC_535"""" | """"PFC_536"""" | """"PFC_537"""" | """"PFC_538"""" | """"PFC_539"""" | """"PFC_540"""" | """"PFC_541"""" | """"PFC_542"""" | """"PFC_543"""" | """"PFC_544"""" | """"PFC_545"""" | """"PFC_546"""" | """"PFC_547"""" | """"PFC_548"""" | """"PFC_549"""" | """"PFC_550"""" | """"PFC_551"""" | """"PFC_552"""" | """"PFC_553"""" | """"PFC_554"""" | """"PFC_555"""" | """"PFC_556"""" | """"PFC_557"""" | """"PFC_558"""" | """"PFC_559"""" | """"PFC_560"""" | """"PFC_561"""" | """"PFC_562"""" | """"PFC_563"""" | """"PFC_564"""" | """"PFC_565"""" | """"PFC_566"""" | """"PFC_567"""" | """"PFC_568"""" | """"PFC_569"""" | """"PFC_570"""" | """"PFC_571"""" | """"PFC_572"""" | """"PFC_573"""" | """"PFC_574"""" | """"PFC_575"""" | """"PFC_576"""" | """"PFC_577"""" | """"PFC_578"""" | """"PFC_579"""" | """"PFC_580"""" | """"PFC_581"""" | """"PFC_582"""" | """"PFC_583"""" | """"PFC_584"""" | """"PFC_585"""" | """"PFC_586"""" | """"PFC_587"""" | """"PFC_588"""" | """"PFC_589"""" | """"PFC_590"""" | """"PFC_591"""" | """"PFC_592"""" | """"PFC_593"""" | """"PFC_594"""" | """"PFC_595"""" | """"PFC_596"""" | """"PFC_597"""" | """"PFC_598"""" | """"PFC_599"""" | """"PFC_600"""" | """"PFC_601"""" | """"PFC_602"""" | """"PFC_603"""" | """"PFC_604"""" | """"PFC_605"""" | """"PFC_606"""" | """"PFC_607"""" | """"PFC_608"""" | """"PFC_609"""" | """"PFC_610"""" | """"PFC_611"""" | """"PFC_612"""" | """"PFC_613"""" | """"PFC_614"""" | """"PFC_615"""" | """"PFC_616"""" | """"PFC_617"""" | """"PFC_618"""" | """"PFC_619"""" | """"PFC_620"""" | """"PFC_621"""" | """"PFC_622"""" | """"PFC_623"""" | """"PFC_624"""""
"GSE36980","source_name_ch1","""""Frontal cortex of AD brain"""" | """"Frontal cortex of non-AD brain"""" | """"Temporal cortex of AD brain"""" | """"Temporal cortex of non-AD brain"""" | """"Hippocampus of of AD brain"""" | """"Hippocampus of of non-AD brain"""""
"GSE36980","title","""""AD_FC, biological rep1"""" | """"AD_FC, biological rep2"""" | """"AD_FC, biological rep3"""" | """"AD_FC, biological rep4"""" | """"AD_FC, biological rep5"""" | """"AD_FC, biological rep6"""" | """"AD_FC, biological rep7"""" | """"AD_FC, biological rep8"""" | """"AD_FC, biological rep9"""" | """"AD_FC, biological rep10"""" | """"AD_FC, biological rep11"""" | """"AD_FC, biological rep12"""" | """"AD_FC, biological rep13"""" | """"AD_FC, biological rep14"""" | """"AD_FC, biological rep15"""" | """"non-AD_FC, biological rep1"""" | """"non-AD_FC, biological rep2"""" | """"non-AD_FC, biological rep3"""" | """"non-AD_FC, biological rep4"""" | """"non-AD_FC, biological rep5"""" | """"non-AD_FC, biological rep6"""" | """"non-AD_FC, biological rep7"""" | """"non-AD_FC, biological rep8"""" | """"non-AD_FC, biological rep9"""" | """"non-AD_FC, biological rep10"""" | """"non-AD_FC, biological rep11"""" | """"non-AD_FC, biological rep12"""" | """"non-AD_FC, biological rep13"""" | """"non-AD_FC, biological rep14"""" | """"non-AD_FC, biological rep15"""" | """"non-AD_FC, biological rep16"""" | """"non-AD_FC, biological rep17"""" | """"non-AD_FC, biological rep18"""" | """"AD_TC, biological rep1"""" | """"AD_TC, biological rep2"""" | """"AD_TC, biological rep3"""" | """"AD_TC, biological rep4"""" | """"AD_TC, biological rep5"""" | """"AD_TC, biological rep6"""" | """"AD_TC, biological rep7"""" | """"AD_TC, biological rep8"""" | """"AD_TC, biological rep9"""" | """"AD_TC, biological rep10"""" | """"non-AD_TC, biological rep1"""" | """"non-AD_TC, biological rep2"""" | """"non-AD_TC, biological rep3"""" | """"non-AD_TC, biological rep4"""" | """"non-AD_TC, biological rep5"""" | """"non-AD_TC, biological rep6"""" | """"non-AD_TC, biological rep7"""" | """"non-AD_TC, biological rep8"""" | """"non-AD_TC, biological rep9"""" | """"non-AD_TC, biological rep10"""" | """"non-AD_TC, biological rep11"""" | """"non-AD_TC, biological rep12"""" | """"non-AD_TC, biological rep13"""" | """"non-AD_TC, biological rep14"""" | """"non-AD_TC, biological rep15"""" | """"non-AD_TC, biological rep16"""" | """"non-AD_TC, biological rep17"""" | """"non-AD_TC, biological rep18"""" | """"non-AD_TC, biological rep19"""" | """"AD_HI, biological rep1"""" | """"AD_HI, biological rep2"""" | """"AD_HI, biological rep3"""" | """"AD_HI, biological rep4"""" | """"AD_HI, biological rep5"""" | """"AD_HI, biological rep6"""" | """"AD_HI, biological rep7"""" | """"non-AD_HI, biological rep1"""" | """"non-AD_HI, biological rep2"""" | """"non-AD_HI, biological rep3"""" | """"non-AD_HI, biological rep4"""" | """"non-AD_HI, biological rep5"""" | """"non-AD_HI, biological rep6"""" | """"non-AD_HI, biological rep7"""" | """"non-AD_HI, biological rep8"""" | """"non-AD_HI, biological rep9"""" | """"non-AD_HI, biological rep10"""" | """"AD_HI, biological rep8"""""
"GSE44770","source_name_ch1","""""HBTRC_PF_Pool"""""
"GSE44770","title","""""1_PFC"""" | """"2_PFC"""" | """"3_PFC"""" | """"4_PFC"""" | """"5_PFC"""" | """"6_PFC"""" | """"7_PFC"""" | """"8_PFC"""" | """"9_PFC"""" | """"10_PFC"""" | """"11_PFC"""" | """"12_PFC"""" | """"13_PFC"""" | """"14_PFC"""" | """"15_PFC"""" | """"16_PFC"""" | """"17_PFC"""" | """"18_PFC"""" | """"19_PFC"""" | """"20_PFC"""" | """"21_PFC"""" | """"22_PFC"""" | """"23_PFC"""" | """"24_PFC"""" | """"25_PFC"""" | """"26_PFC"""" | """"27_PFC"""" | """"28_PFC"""" | """"29_PFC"""" | """"30_PFC"""" | """"31_PFC"""" | """"32_PFC"""" | """"33_PFC"""" | """"34_PFC"""" | """"35_PFC"""" | """"36_PFC"""" | """"37_PFC"""" | """"38_PFC"""" | """"39_PFC"""" | """"40_PFC"""" | """"41_PFC"""" | """"42_PFC"""" | """"43_PFC"""" | """"44_PFC"""" | """"45_PFC"""" | """"46_PFC"""" | """"47_PFC"""" | """"48_PFC"""" | """"49_PFC"""" | """"50_PFC"""" | """"51_PFC"""" | """"52_PFC"""" | """"53_PFC"""" | """"54_PFC"""" | """"55_PFC"""" | """"56_PFC"""" | """"57_PFC"""" | """"58_PFC"""" | """"59_PFC"""" | """"60_PFC"""" | """"61_PFC"""" | """"62_PFC"""" | """"63_PFC"""" | """"64_PFC"""" | """"65_PFC"""" | """"66_PFC"""" | """"67_PFC"""" | """"68_PFC"""" | """"69_PFC"""" | """"70_PFC"""" | """"71_PFC"""" | """"72_PFC"""" | """"73_PFC"""" | """"74_PFC"""" | """"75_PFC"""" | """"76_PFC"""" | """"77_PFC"""" | """"78_PFC"""" | """"79_PFC"""" | """"80_PFC"""" | """"81_PFC"""" | """"82_PFC"""" | """"83_PFC"""" | """"84_PFC"""" | """"85_PFC"""" | """"86_PFC"""" | """"87_PFC"""" | """"88_PFC"""" | """"89_PFC"""" | """"90_PFC"""" | """"91_PFC"""" | """"92_PFC"""" | """"93_PFC"""" | """"94_PFC"""" | """"95_PFC"""" | """"96_PFC"""" | """"97_PFC"""" | """"98_PFC"""" | """"99_PFC"""" | """"100_PFC"""" | """"101_PFC"""" | """"102_PFC"""" | """"103_PFC"""" | """"104_PFC"""" | """"105_PFC"""" | """"106_PFC"""" | """"107_PFC"""" | """"108_PFC"""" | """"109_PFC"""" | """"110_PFC"""" | """"111_PFC"""" | """"112_PFC"""" | """"113_PFC"""" | """"114_PFC"""" | """"115_PFC"""" | """"116_PFC"""" | """"117_PFC"""" | """"118_PFC"""" | """"119_PFC"""" | """"120_PFC"""" | """"121_PFC"""" | """"122_PFC"""" | """"123_PFC"""" | """"124_PFC"""" | """"125_PFC"""" | """"126_PFC"""" | """"127_PFC"""" | """"128_PFC"""" | """"129_PFC"""" | """"130_PFC"""" | """"131_PFC"""" | """"132_PFC"""" | """"133_PFC"""" | """"134_PFC"""" | """"135_PFC"""" | """"136_PFC"""" | """"137_PFC"""" | """"138_PFC"""" | """"139_PFC"""" | """"140_PFC"""" | """"141_PFC"""" | """"142_PFC"""" | """"143_PFC"""" | """"144_PFC"""" | """"145_PFC"""" | """"146_PFC"""" | """"147_PFC"""" | """"148_PFC"""" | """"149_PFC"""" | """"150_PFC"""" | """"151_PFC"""" | """"152_PFC"""" | """"153_PFC"""" | """"154_PFC"""" | """"155_PFC"""" | """"156_PFC"""" | """"157_PFC"""" | """"158_PFC"""" | """"159_PFC"""" | """"160_PFC"""" | """"161_PFC"""" | """"162_PFC"""" | """"163_PFC"""" | """"164_PFC"""" | """"165_PFC"""" | """"166_PFC"""" | """"167_PFC"""" | """"168_PFC"""" | """"169_PFC"""" | """"170_PFC"""" | """"171_PFC"""" | """"172_PFC"""" | """"173_PFC"""" | """"174_PFC"""" | """"175_PFC"""" | """"176_PFC"""" | """"177_PFC"""" | """"178_PFC"""" | """"179_PFC"""" | """"180_PFC"""" | """"181_PFC"""" | """"182_PFC"""" | """"183_PFC"""" | """"184_PFC"""" | """"185_PFC"""" | """"186_PFC"""" | """"187_PFC"""" | """"188_PFC"""" | """"189_PFC"""" | """"190_PFC"""" | """"191_PFC"""" | """"192_PFC"""" | """"193_PFC"""" | """"194_PFC"""" | """"195_PFC"""" | """"196_PFC"""" | """"197_PFC"""" | """"198_PFC"""" | """"199_PFC"""" | """"200_PFC"""" | """"201_PFC"""" | """"202_PFC"""" | """"203_PFC"""" | """"204_PFC"""" | """"205_PFC"""" | """"206_PFC"""" | """"207_PFC"""" | """"208_PFC"""" | """"209_PFC"""" | """"210_PFC"""" | """"211_PFC"""" | """"212_PFC"""" | """"213_PFC"""" | """"214_PFC"""" | """"215_PFC"""" | """"216_PFC"""" | """"217_PFC"""" | """"218_PFC"""" | """"219_PFC"""" | """"220_PFC"""" | """"221_PFC"""" | """"222_PFC"""" | """"223_PFC"""" | """"224_PFC"""" | """"225_PFC"""" | """"226_PFC"""" | """"227_PFC"""" | """"228_PFC"""" | """"229_PFC"""" | """"230_PFC"""""
"GSE48350","source_name_ch1","""""brain, postcentral gyrus, female, 91 years"""" | """"brain, superior frontal gyrus, female, 91 years"""" | """"brain, hippocampus, female, 96 years"""" | """"brain, hippocampus, male, 82 years"""" | """"brain, hippocampus, male, 84 years"""" | """"brain, hippocampus, female, 87 years"""" | """"brain, hippocampus, female, 82 years"""" | """"brain, entorhinal cortex, male, 45 years"""" | """"brain, hippocampus, male, 45 years"""" | """"brain, postcentral gyrus, male, 45 years"""" | """"brain, superior frontal gyrus, male, 45 years"""" | """"brain, entorhinal cortex, male, 95 years"""" | """"brain, hippocampus, male, 95 years"""" | """"brain, postcentral gyrus, male, 95 years"""" | """"brain, superior frontal gyrus, male, 95 years"""" | """"brain, entorhinal cortex, male, 80 years"""" | """"brain, hippocampus, male, 80 years"""" | """"brain, postcentral gyrus, male, 80 years"""" | """"brain, hippocampus, male, 91 years"""" | """"brain, entorhinal cortex, female, 45 years"""" | """"brain, hippocampus, female, 45 years"""" | """"brain, superior frontal gyrus, female, 45 years"""" | """"brain, entorhinal cortex, female, 74 years"""" | """"brain, hippocampus, female, 74 years"""" | """"brain, superior frontal gyrus, female, 74 years"""" | """"brain, entorhinal cortex, female, 99 years"""" | """"brain, hippocampus, female, 99 years"""" | """"brain, postcentral gyrus, female, 99 years"""" | """"brain, superior frontal gyrus, female, 99 years"""" | """"brain, postcentral gyrus, female, 74 years"""" | """"brain, postcentral gyrus, female, 92 years"""" | """"brain, superior frontal gyrus, female, 92 years"""" | """"brain, entorhinal cortex, male, 83 years"""" | """"brain, hippocampus, male, 83 years"""" | """"brain, postcentral gyrus, male, 83 years"""" | """"brain, superior frontal gyrus, male, 83 years"""" | """"brain, entorhinal cortex, male, 28 years"""" | """"brain, hippocampus, male, 28 years"""" | """"brain, postcentral gyrus, male, 28 years"""" | """"brain, superior frontal gyrus, male, 28 years"""" | """"brain, entorhinal cortex, male, 97 years"""" | """"brain, hippocampus, male, 97 years"""" | """"brain, postcentral gyrus, male, 97 years"""" | """"brain, superior frontal gyrus, male, 97 years"""" | """"brain, entorhinal cortex, female, 34 years"""" | """"brain, hippocampus, female, 34 years"""" | """"brain, postcentral gyrus, female, 34 years"""" | """"brain, superior frontal gyrus, female, 34 years"""" | """"brain, postcentral gyrus, female, 90 years"""" | """"brain, hippocampus, female, 91 years"""" | """"brain, entorhinal cortex, female, 44 years"""" | """"brain, superior frontal gyrus, female, 44 years"""" | """"brain, entorhinal cortex, female, 37 years"""" | """"brain, hippocampus, female, 37 years"""" | """"brain, postcentral gyrus, female, 37 years"""" | """"brain, superior frontal gyrus, female, 37 years"""" | """"brain, entorhinal cortex, male, 85 years"""" | """"brain, hippocampus, male, 85 years"""" | """"brain, postcentral gyrus, male, 85 years"""" | """"brain, superior frontal gyrus, male, 85 years"""" | """"brain, entorhinal cortex, female, 70 years"""" | """"brain, hippocampus, female, 70 years"""" | """"brain, postcentral gyrus, female, 70 years"""" | """"brain, superior frontal gyrus, female, 70 years"""" | """"brain, entorhinal cortex, female, 64 years"""" | """"brain, hippocampus, female, 64 years"""" | """"brain, postcentral gyrus, female, 64 years"""" | """"brain, superior frontal gyrus, female, 64 years"""" | """"brain, postcentral gyrus, male, 70 years"""" | """"brain, superior frontal gyrus, male, 70 years"""" | """"brain, entorhinal cortex, female, 85 years"""" | """"brain, postcentral gyrus, female, 85 years"""" | """"brain, superior frontal gyrus, female, 85 years"""" | """"brain, entorhinal cortex, male, 21 years"""" | """"brain, postcentral gyrus, male, 21 years"""" | """"brain, superior frontal gyrus, male, 21 years"""" | """"brain, hippocampus, male, 69 years"""" | """"brain, postcentral gyrus, male, 69 years"""" | """"brain, entorhinal cortex, male, 40 years"""" | """"brain, postcentral gyrus, male, 40 years"""" | """"brain, superior frontal gyrus, male, 40 years"""" | """"brain, entorhinal cortex, male, 52 years"""" | """"brain, hippocampus, male, 52 years"""" | """"brain, postcentral gyrus, male, 52 years"""" | """"brain, superior frontal gyrus, male, 52 years"""" | """"brain, postcentral gyrus, male, 75 years"""" | """"brain, superior frontal gyrus, male, 75 years"""" | """"brain, entorhinal cortex, male, 86 years"""" | """"brain, hippocampus, male, 86 years"""" | """"brain, postcentral gyrus, male, 86 years"""" | """"brain, superior frontal gyrus, male, 86 years"""" | """"brain, entorhinal cortex, female, 26 years"""" | """"brain, hippocampus, female, 26 years"""" | """"brain, postcentral gyrus, female, 26 years"""" | """"brain, superior frontal gyrus, female, 26 years"""" | """"brain, entorhinal cortex, male, 20 years"""" | """"brain, hippocampus, male, 20 years"""" | """"brain, postcentral gyrus, male, 20 years"""" | """"brain, superior frontal gyrus, male, 20 years"""" | """"brain, postcentral gyrus, female, 36 years"""" | """"brain, superior frontal gyrus, female, 36 years"""" | """"brain, entorhinal cortex, male, 69 years"""" | """"brain, superior frontal gyrus, male, 69 years"""" | """"brain, hippocampus, female, 44 years"""" | """"brain, postcentral gyrus, female, 44 years"""" | """"brain, entorhinal cortex, female, 48 years"""" | """"brain, hippocampus, female, 48 years"""" | """"brain, postcentral gyrus, female, 48 years"""" | """"brain, superior frontal gyrus, female, 48 years"""" | """"brain, entorhinal cortex, female, 30 years"""" | """"brain, hippocampus, female, 30 years"""" | """"brain, superior frontal gyrus, female, 30 years"""" | """"brain, entorhinal cortex, male, 33 years"""" | """"brain, hippocampus, male, 33 years"""" | """"brain, postcentral gyrus, male, 33 years"""" | """"brain, superior frontal gyrus, male, 33 years"""" | """"brain, entorhinal cortex, male, 22 years"""" | """"brain, hippocampus, male, 22 years"""" | """"brain, postcentral gyrus, male, 22 years"""" | """"brain, superior frontal gyrus, male, 22 years"""" | """"brain, entorhinal cortex, male, 42 years"""" | """"brain, hippocampus, male, 42 years"""" | """"brain, postcentral gyrus, male, 42 years"""" | """"brain, superior frontal gyrus, male, 42 years"""" | """"brain, entorhinal cortex, female, 47 years"""" | """"brain, hippocampus, female, 47 years"""" | """"brain, postcentral gyrus, female, 47 years"""" | """"brain, superior frontal gyrus, female, 47 years"""" | """"brain, entorhinal cortex, female, 91 years"""" | """"brain, entorhinal cortex, male, 75 years"""" | """"brain, hippocampus, male, 75 years"""" | """"brain, entorhinal cortex, female, 82 years"""" | """"brain, postcentral gyrus, female, 82 years"""" | """"brain, superior frontal gyrus, female, 82 years"""" | """"brain, superior frontal gyrus, male, 66 years"""" | """"brain, superior frontal gyrus, male, 80 years"""" | """"entorhinal cortex_female_AD"""" | """"entorhinal cortex_male_AD"""" | """"hippocampus_female_AD"""" | """"hippocampus_male_AD"""" | """"post-central gyrus_female_AD"""" | """"post-central gyrus_male_AD"""" | """"superior frontal gyrus_female_AD"""" | """"superior frontal gyrus_male_AD"""""
"GSE48350","title","""""PostcentralGyrus_female_91yrs_indiv10"""" | """"SuperiorFrontalGyrus_female_91yrs_indiv10"""" | """"Hippocampus_female_96yrs_indiv105"""" | """"Hippocampus_male_82yrs_indiv106"""" | """"Hippocampus_male_84yrs_indiv108"""" | """"Hippocampus_female_87yrs_indiv109"""" | """"Hippocampus_female_82yrs_indiv111"""" | """"EntorhinalCortex_male_45yrs_indiv12"""" | """"Hippocampus_male_45yrs_indiv12"""" | """"PostcentralGyrus_male_45yrs_indiv12"""" | """"SuperiorFrontalGyrus_male_45yrs_indiv12"""" | """"EntorhinalCortex_male_95yrs_indiv14"""" | """"Hippocampus_male_95yrs_indiv14"""" | """"PostcentralGyrus_male_95yrs_indiv14"""" | """"SuperiorFrontalGyrus_male_95yrs_indiv14"""" | """"EntorhinalCortex_male_80yrs_indiv15"""" | """"Hippocampus_male_80yrs_indiv15"""" | """"PostcentralGyrus_male_80yrs_indiv15"""" | """"Hippocampus_male_91yrs_indiv16-07"""" | """"EntorhinalCortex_female_45yrs_indiv17"""" | """"Hippocampus_female_45yrs_indiv17"""" | """"SuperiorFrontalGyrus_female_45yrs_indiv17"""" | """"EntorhinalCortex_female_74yrs_indiv18"""" | """"Hippocampus_female_74yrs_indiv18"""" | """"SuperiorFrontalGyrus_female_74yrs_indiv18"""" | """"EntorhinalCortex_female_99yrs_indiv2"""" | """"Hippocampus_female_99yrs_indiv2"""" | """"PostcentralGyrus_female_99yrs_indiv2"""" | """"SuperiorFrontalGyrus_female_99yrs_indiv2"""" | """"EntorhinalCortex_female_74yrs_indiv21"""" | """"Hippocampus_female_74yrs_indiv21"""" | """"PostcentralGyrus_female_74yrs_indiv21"""" | """"SuperiorFrontalGyrus_female_74yrs_indiv21"""" | """"PostcentralGyrus_female_92yrs_indiv26"""" | """"SuperiorFrontalGyrus_female_92yrs_indiv26"""" | """"PostcentralGyrus_female_91yrs_indiv27"""" | """"SuperiorFrontalGyrus_female_91yrs_indiv27"""" | """"EntorhinalCortex_male_83yrs_indiv28"""" | """"Hippocampus_male_83yrs_indiv28"""" | """"PostcentralGyrus_male_83yrs_indiv28"""" | """"SuperiorFrontalGyrus_male_83yrs_indiv28"""" | """"EntorhinalCortex_male_28yrs_indiv29"""" | """"Hippocampus_male_28yrs_indiv29"""" | """"PostcentralGyrus_male_28yrs_indiv29"""" | """"SuperiorFrontalGyrus_male_28yrs_indiv29"""" | """"PostcentralGyrus_female_74yrs_indiv30"""" | """"SuperiorFrontalGyrus_female_74yrs_indiv30"""" | """"EntorhinalCortex_male_97yrs_indiv34"""" | """"Hippocampus_male_97yrs_indiv34"""" | """"PostcentralGyrus_male_97yrs_indiv34"""" | """"SuperiorFrontalGyrus_male_97yrs_indiv34"""" | """"EntorhinalCortex_female_34yrs_indiv35"""" | """"Hippocampus_female_34yrs_indiv35"""" | """"PostcentralGyrus_female_34yrs_indiv35"""" | """"SuperiorFrontalGyrus_female_34yrs_indiv35"""" | """"EntorhinalCortex_female_74yrs_indiv38"""" | """"Hippocampus_female_74yrs_indiv38"""" | """"PostcentralGyrus_female_74yrs_indiv38"""" | """"SuperiorFrontalGyrus_female_74yrs_indiv38"""" | """"PostcentralGyrus_female_90yrs_indiv40"""" | """"Hippocampus_female_91yrs_indiv40-04"""" | """"EntorhinalCortex_female_44yrs_indiv42"""" | """"SuperiorFrontalGyrus_female_44yrs_indiv42"""" | """"EntorhinalCortex_female_37yrs_indiv45"""" | """"Hippocampus_female_37yrs_indiv45"""" | """"PostcentralGyrus_female_37yrs_indiv45"""" | """"SuperiorFrontalGyrus_female_37yrs_indiv45"""" | """"EntorhinalCortex_male_85yrs_indiv46"""" | """"Hippocampus_male_85yrs_indiv46"""" | """"PostcentralGyrus_male_85yrs_indiv46"""" | """"SuperiorFrontalGyrus_male_85yrs_indiv46"""" | """"EntorhinalCortex_female_70yrs_indiv47"""" | """"Hippocampus_female_70yrs_indiv47"""" | """"PostcentralGyrus_female_70yrs_indiv47"""" | """"SuperiorFrontalGyrus_female_70yrs_indiv47"""" | """"EntorhinalCortex_female_64yrs_indiv52"""" | """"Hippocampus_female_64yrs_indiv52"""" | """"PostcentralGyrus_female_64yrs_indiv52"""" | """"SuperiorFrontalGyrus_female_64yrs_indiv52"""" | """"PostcentralGyrus_male_70yrs_indiv53"""" | """"SuperiorFrontalGyrus_male_70yrs_indiv53"""" | """"EntorhinalCortex_female_85yrs_indiv54"""" | """"PostcentralGyrus_female_85yrs_indiv54"""" | """"SuperiorFrontalGyrus_female_85yrs_indiv54"""" | """"SuperiorFrontalGyrus_female_91yrs_indiv59"""" | """"EntorhinalCortex_male_21yrs_indiv66"""" | """"PostcentralGyrus_male_21yrs_indiv66"""" | """"SuperiorFrontalGyrus_male_21yrs_indiv66"""" | """"Hippocampus_male_69yrs_indiv67"""" | """"PostcentralGyrus_male_69yrs_indiv67"""" | """"EntorhinalCortex_male_40yrs_indiv68"""" | """"PostcentralGyrus_male_40yrs_indiv68"""" | """"SuperiorFrontalGyrus_male_40yrs_indiv68"""" | """"EntorhinalCortex_male_52yrs_indiv71"""" | """"Hippocampus_male_52yrs_indiv71"""" | """"PostcentralGyrus_male_52yrs_indiv71"""" | """"SuperiorFrontalGyrus_male_52yrs_indiv71"""" | """"PostcentralGyrus_male_75yrs_indiv72"""" | """"SuperiorFrontalGyrus_male_75yrs_indiv72"""" | """"EntorhinalCortex_male_86yrs_indiv73"""" | """"Hippocampus_male_86yrs_indiv73"""" | """"PostcentralGyrus_male_86yrs_indiv73"""" | """"SuperiorFrontalGyrus_male_86yrs_indiv73"""" | """"EntorhinalCortex_female_26yrs_indiv76"""" | """"Hippocampus_female_26yrs_indiv76"""" | """"PostcentralGyrus_female_26yrs_indiv76"""" | """"SuperiorFrontalGyrus_female_26yrs_indiv76"""" | """"EntorhinalCortex_male_20yrs_indiv77"""" | """"Hippocampus_male_20yrs_indiv77"""" | """"PostcentralGyrus_male_20yrs_indiv77"""" | """"SuperiorFrontalGyrus_male_20yrs_indiv77"""" | """"EntorhinalCortex_male_20yrs_indiv78"""" | """"Hippocampus_male_20yrs_indiv78"""" | """"PostcentralGyrus_male_20yrs_indiv78"""" | """"SuperiorFrontalGyrus_male_20yrs_indiv78"""" | """"PostcentralGyrus_female_36yrs_indiv79"""" | """"SuperiorFrontalGyrus_female_36yrs_indiv79"""" | """"EntorhinalCortex_male_69yrs_indiv8"""" | """"Hippocampus_male_69yrs_indiv8"""" | """"PostcentralGyrus_male_69yrs_indiv8"""" | """"SuperiorFrontalGyrus_male_69yrs_indiv8"""" | """"EntorhinalCortex_female_44yrs_indiv80"""" | """"Hippocampus_female_44yrs_indiv80"""" | """"PostcentralGyrus_female_44yrs_indiv80"""" | """"SuperiorFrontalGyrus_female_44yrs_indiv80"""" | """"EntorhinalCortex_female_48yrs_indiv81"""" | """"Hippocampus_female_48yrs_indiv81"""" | """"PostcentralGyrus_female_48yrs_indiv81"""" | """"SuperiorFrontalGyrus_female_48yrs_indiv81"""" | """"EntorhinalCortex_female_30yrs_indiv82"""" | """"Hippocampus_female_30yrs_indiv82"""" | """"SuperiorFrontalGyrus_female_30yrs_indiv82"""" | """"EntorhinalCortex_male_20yrs_indiv83"""" | """"Hippocampus_male_20yrs_indiv83"""" | """"PostcentralGyrus_male_20yrs_indiv83"""" | """"SuperiorFrontalGyrus_male_20yrs_indiv83"""" | """"EntorhinalCortex_male_33yrs_indiv84"""" | """"Hippocampus_male_33yrs_indiv84"""" | """"PostcentralGyrus_male_33yrs_indiv84"""" | """"SuperiorFrontalGyrus_male_33yrs_indiv84"""" | """"EntorhinalCortex_male_22yrs_indiv85"""" | """"Hippocampus_male_22yrs_indiv85"""" | """"PostcentralGyrus_male_22yrs_indiv85"""" | """"SuperiorFrontalGyrus_male_22yrs_indiv85"""" | """"EntorhinalCortex_male_42yrs_indiv86"""" | """"Hippocampus_male_42yrs_indiv86"""" | """"PostcentralGyrus_male_42yrs_indiv86"""" | """"SuperiorFrontalGyrus_male_42yrs_indiv86"""" | """"EntorhinalCortex_male_45yrs_indiv87"""" | """"Hippocampus_male_45yrs_indiv87"""" | """"PostcentralGyrus_male_45yrs_indiv87"""" | """"SuperiorFrontalGyrus_male_45yrs_indiv87"""" | """"EntorhinalCortex_female_47yrs_indiv88"""" | """"Hippocampus_female_47yrs_indiv88"""" | """"PostcentralGyrus_female_47yrs_indiv88"""" | """"SuperiorFrontalGyrus_female_47yrs_indiv88"""" | """"EntorhinalCortex_male_69yrs_indiv93"""" | """"Hippocampus_male_69yrs_indiv93"""" | """"PostcentralGyrus_male_69yrs_indiv93"""" | """"SuperiorFrontalGyrus_male_69yrs_indiv93"""" | """"EntorhinalCortex_female_91yrs_indiv94"""" | """"Hippocampus_female_91yrs_indiv94"""" | """"PostcentralGyrus_female_91yrs_indiv94"""" | """"SuperiorFrontalGyrus_female_91yrs_indiv94"""" | """"EntorhinalCortex_male_75yrs_indiv96"""" | """"Hippocampus_male_75yrs_indiv96"""" | """"SuperiorFrontalGyrus_male_75yrs_indiv96"""" | """"EntorhinalCortex_female_82yrs_indiv98"""" | """"Hippocampus_female_82yrs_indiv98"""" | """"PostcentralGyrus_female_82yrs_indiv98"""" | """"SuperiorFrontalGyrus_female_82yrs_indiv98"""" | """"SuperiorFrontalGyrus_male_66yrs_indiv63"""" | """"SuperiorFrontalGyrus_male_80yrs_indiv15"""" | """"entorhinal cortex_female_76_AD_48"""" | """"entorhinal cortex_female_86_AD_15"""" | """"entorhinal cortex_female_82_AD_9"""" | """"entorhinal cortex_female_85_AD_24"""" | """"entorhinal cortex_female_90_AD_36"""" | """"entorhinal cortex_female_90_AD_6"""" | """"entorhinal cortex_female_90_AD_75"""" | """"entorhinal cortex_female_91_AD_11"""" | """"entorhinal cortex_male_76_AD_69"""" | """"entorhinal cortex_male_85_AD_51"""" | """"entorhinal cortex_male_85_AD_74"""" | """"entorhinal cortex_male_86_AD_92"""" | """"entorhinal cortex_male_87_AD_19"""" | """"entorhinal cortex_male_94_AD_5"""" | """"entorhinal cortex_male_94_AD_90"""" | """"hippocampus_female_60_AD_20"""" | """"hippocampus_female_74_AD_37"""" | """"hippocampus_female_76_AD_48"""" | """"hippocampus_female_79_AD_16"""" | """"hippocampus_female_86_AD_15"""" | """"hippocampus_female_85_AD_24"""" | """"hippocampus_female_90_AD_23"""" | """"hippocampus_female_90_AD_36"""" | """"hippocampus_female_90_AD_75"""" | """"hippocampus_female_91_AD_11"""" | """"hippocampus_male_76_AD_33"""" | """"hippocampus_male_76_AD_69"""" | """"hippocampus_male_79_AD_7"""" | """"hippocampus_male_80_AD_43"""" | """"hippocampus_male_85_AD_51"""" | """"hippocampus_male_86_AD_92"""" | """"hippocampus_male_87_AD_19"""" | """"hippocampus_male_94_AD_5"""" | """"hippocampus_male_94_AD_90"""" | """"post-central gyrus_female_60_AD_20"""" | """"post-central gyrus_female_74_AD_37"""" | """"post-central gyrus_female_76_AD_48"""" | """"post-central gyrus_female_86_AD_15"""" | """"post-central gyrus_female_82_AD_13"""" | """"post-central gyrus_female_82_AD_9"""" | """"post-central gyrus_female_85_AD_24"""" | """"post-central gyrus_female_85_AD_57"""" | """"post-central gyrus_female_90_AD_23"""" | """"post-central gyrus_female_90_AD_36"""" | """"post-central gyrus_female_90_AD_6"""" | """"post-central gyrus_female_90_AD_75"""" | """"post-central gyrus_female_91_AD_11"""" | """"post-central gyrus_female_94_AD_70"""" | """"post-central gyrus_female_95_AD_64"""" | """"post-central gyrus_male_76_AD_33"""" | """"post-central gyrus_male_76_AD_69"""" | """"post-central gyrus_male_79_AD_7"""" | """"post-central gyrus_male_85_AD_51"""" | """"post-central gyrus_male_85_AD_74"""" | """"post-central gyrus_male_86_AD_92"""" | """"post-central gyrus_male_87_AD_19"""" | """"post-central gyrus_male_94_AD_44"""" | """"post-central gyrus_male_94_AD_5"""" | """"post-central gyrus_male_94_AD_90"""" | """"superior frontal gyrus_female_74_AD_37"""" | """"superior frontal gyrus_female_76_AD_48"""" | """"superior frontal gyrus_female_86_AD_15"""" | """"superior frontal gyrus_female_82_AD_9"""" | """"superior frontal gyrus_female_85_AD_24"""" | """"superior frontal gyrus_female_85_AD_57"""" | """"superior frontal gyrus_female_88_AD_91"""" | """"superior frontal gyrus_female_90_AD_23"""" | """"superior frontal gyrus_female_90_AD_36"""" | """"superior frontal gyrus_female_90_AD_6"""" | """"superior frontal gyrus_female_90_AD_75"""" | """"superior frontal gyrus_female_91_AD_11"""" | """"superior frontal gyrus_female_94_AD_70"""" | """"superior frontal gyrus_female_95_AD_64"""" | """"superior frontal gyrus_male_76_AD_33"""" | """"superior frontal gyrus_male_85_AD_51"""" | """"superior frontal gyrus_male_85_AD_74"""" | """"superior frontal gyrus_male_86_AD_92"""" | """"superior frontal gyrus_male_94_AD_44"""" | """"superior frontal gyrus_male_94_AD_5"""" | """"superior frontal gyrus_male_94_AD_90"""""
"GSE5281","source_name_ch1","""""brain, Entorhinal Cortex"""" | """"brain, hippocampus"""" | """"brain, Medial Temporal Gyrus"""" | """"brain, Posterior Cingulate"""" | """"brain, Posterior cingulate"""" | """"brain, Superior Frontal Gyrus"""" | """"brain, Primary Visual Cortex"""" | """"brain, Hippocampus"""" | """"brain, Middle temporal gyrus"""" | """"brain, Posterior cingulate cortex"""" | """"brain, Superior frontal gyrus"""" | """"brain, Primary visual cortex"""""
"GSE5281","title","""""EC control 1"""" | """"EC control 2"""" | """"EC control 3"""" | """"EC control 4"""" | """"EC control 5"""" | """"EC control 6"""" | """"EC control 7"""" | """"EC control 8"""" | """"EC control 9"""" | """"EC control 10"""" | """"EC control 11"""" | """"EC control 12"""" | """"EC control 13"""" | """"HIP control 1"""" | """"HIP control 2"""" | """"HIP control 3"""" | """"HIP control 4"""" | """"HIP control 5"""" | """"HIP control 6"""" | """"HIP control 7"""" | """"HIP control 8"""" | """"HIP control 9"""" | """"HIP control 10"""" | """"HIP control 11"""" | """"HIP control 12"""" | """"HIP control 13"""" | """"MTG control 1"""" | """"MTG control 2"""" | """"MTG control 3"""" | """"MTG control 4"""" | """"MTG control 5"""" | """"MTG control 6"""" | """"MTG control 7"""" | """"MTG control 8"""" | """"MTG control 9"""" | """"MTG control 10"""" | """"MTG control 11"""" | """"MTG control 12"""" | """"PC control 1"""" | """"PC control 2"""" | """"PC control 3"""" | """"PC control 4"""" | """"PC control 5"""" | """"PC control 6"""" | """"PC control 7"""" | """"PC control 8"""" | """"PC control 9"""" | """"PC control 10"""" | """"PC control 11"""" | """"PC control 12"""" | """"PC control 13"""" | """"SFG control 1"""" | """"SFG control 2"""" | """"SFG control 3"""" | """"SFG control 4"""" | """"SFG control 5"""" | """"SFG control 6"""" | """"SFG control 7"""" | """"SFG control 8"""" | """"SFG control 9"""" | """"SFG control 10"""" | """"SFG control 11"""" | """"VCX control 1"""" | """"VCX control 2"""" | """"VCX control 3"""" | """"VCX control 4"""" | """"VCX control 5"""" | """"VCX control 6"""" | """"VCX control 7"""" | """"VCX control 8"""" | """"VCX control 9"""" | """"VCX control 10"""" | """"VCX control 11"""" | """"VCX control 12"""" | """"EC_affected_1"""" | """"EC_affected_2"""" | """"EC_affected_3"""" | """"EC_affected_4"""" | """"EC_affected_5"""" | """"EC_affected_6"""" | """"EC_affected_7"""" | """"EC_affected_8"""" | """"EC_affected_9"""" | """"EC_affected_10"""" | """"HIP_affected_1"""" | """"HIP_affected_2"""" | """"HIP_affected_3"""" | """"HIP_affected_4"""" | """"HIP_affected_5"""" | """"HIP_affected_6"""" | """"HIP_affected_7"""" | """"HIP_affected_8"""" | """"HIP_affected_9"""" | """"HIP_affected_10"""" | """"MTG_affected_1"""" | """"MTG_affected_2"""" | """"MTG_affected_3"""" | """"MTG_affected_4"""" | """"MTG_affected_5"""" | """"MTG_affected_6"""" | """"MTG_affected_7"""" | """"MTG_affected_8"""" | """"MTG_affected_9"""" | """"MTG_affected_10"""" | """"MTG_affected_11"""" | """"MTG_affected_12"""" | """"MTG_affected_13"""" | """"MTG_affected_14"""" | """"MTG_affected_15"""" | """"MTG_affected_16"""" | """"PC_affected_1"""" | """"PC_affected_2"""" | """"PC_affected_3"""" | """"PC_affected_4"""" | """"PC_affected_5"""" | """"PC_affected_6"""" | """"PC_affected_7"""" | """"PC_affected_8"""" | """"PC_affected_9"""" | """"SFG_affected_1"""" | """"SFG_affected_2"""" | """"SFG_affected_3"""" | """"SFG_affected_4"""" | """"SFG_affected_5"""" | """"SFG_affected_6"""" | """"SFG_affected_7"""" | """"SFG_affected_8"""" | """"SFG_affected_9"""" | """"SFG_affected_10"""" | """"SFG_affected_11"""" | """"SFG_affected_12"""" | """"SFG_affected_13"""" | """"SFG_affected_14"""" | """"SFG_affected_15"""" | """"SFG_affected_16"""" | """"SFG_affected_17"""" | """"SFG_affected_18"""" | """"SFG_affected_19"""" | """"SFG_affected_20"""" | """"SFG_affected_21"""" | """"SFG_affected_22"""" | """"SFG_affected_23"""" | """"VCX_affected_1"""" | """"VCX_affected_2"""" | """"VCX_affected_3"""" | """"VCX_affected_4"""" | """"VCX_affected_5"""" | """"VCX_affected_6"""" | """"VCX_affected_7"""" | """"VCX_affected_8"""" | """"VCX_affected_9"""" | """"VCX_affected_10"""" | """"VCX_affected_11"""" | """"VCX_affected_12"""" | """"VCX_affected_13"""" | """"VCX_affected_14"""" | """"VCX_affected_15"""" | """"VCX_affected_16"""" | """"VCX_affected_17"""" | """"VCX_affected_18"""" | """"VCX_affected_19"""""
"GSE66351","source_name_ch1","""""Occipital Cortex"""" | """"Frontal Cortex"""" | """"Temporal Cortex"""""
"GSE66351","title","""""Dnr01_F_78_AD_Glia"""" | """"Dnr01_F_78_AD_Neuron"""" | """"Dnr02_M_76_AD_Glia"""" | """"Dnr02_M_76_AD_Neuron"""" | """"Dnr03_F_75_AD_Glia"""" | """"Dnr03_F_75_AD_Neuron"""" | """"Dnr04_F_85_AD_Glia"""" | """"Dnr04_F_85_AD_Neuron"""" | """"Dnr05_M_94_AD_Glia"""" | """"Dnr05_M_94_AD_Neuron"""" | """"Dnr06_M_18_CTRL_Glia"""" | """"Dnr06_M_18_CTRL_Neuron"""" | """"Dnr10_F_88_AD_Glia"""" | """"Dnr10_F_88_AD_Neuron"""" | """"Dnr11_F_81_AD_Glia"""" | """"Dnr11_F_81_AD_Neuron"""" | """"Dnr12_F_77_AD_Glia"""" | """"Dnr12_F_77_AD_Neuron"""" | """"Dnr13_F_77_CTRL_Glia"""" | """"Dnr13_F_77_CTRL_Neuron"""" | """"Dnr14_F_77_CTRL_Glia"""" | """"Dnr14_F_77_CTRL_Neuron"""" | """"Dnr15_F_83_CTRL_Glia"""" | """"Dnr15_F_83_CTRL_Neuron"""" | """"Dnr16_F_88_CTRL_Glia"""" | """"Dnr16_F_88_CTRL_Neuron"""" | """"Dnr17_M_19_CTRL_Glia"""" | """"Dnr17_M_19_CTRL_Neuron"""" | """"Dnr18_M_87_CTRL_Glia"""" | """"Dnr18_M_87_CTRL_Neuron"""" | """"Dnr19_M_71_CTRL_Glia"""" | """"Dnr19_M_71_CTRL_Neuron"""" | """"Dnr20_M_75_CTRL_Glia"""" | """"Dnr20_M_75_CTRL_Neuron"""" | """"MUN.2014.002.CTRL.F.77.Glia"""" | """"MUN.2014.002.CTRL.F.77.Neuron"""" | """"MUN.2014.003.AD.M.76.Glia"""" | """"MUN.2014.003.AD.M.76.Neuron"""" | """"MUN.2014.004.AD.F.75.Glia"""" | """"MUN.2014.004.AD.F.75.Neuron"""" | """"MUN.2014.005.CTRL.M.71.Glia"""" | """"MUN.2014.005.CTRL.M.71.Neuron"""" | """"MUN.2014.006.CTRL.M.75.Glia"""" | """"MUN.2014.006.CTRL.M.75.Neuron"""" | """"MUN.2015.007.CTRL.M.63.Glia"""" | """"MUN.2015.007.CTRL.M.63.Neuron"""" | """"MUN.2015.008.CTRL.M.85.Glia"""" | """"MUN.2015.008.CTRL.M.85.Neuron"""" | """"MUN.2015.009.CTRL.F.85.Glia"""" | """"MUN.2015.009.CTRL.F.85.Neuron"""" | """"MUN.2015.011.CTRL.F.63.Glia"""" | """"MUN.2015.011.CTRL.F.63.Neuron"""" | """"MUN.2015.012.AD.F.78.Glia"""" | """"MUN.2015.012.AD.F.78.Neuron"""" | """"MUN.2015.013.AD.F.93.Glia"""" | """"MUN.2015.013.AD.F.93.Neuron"""" | """"MUN.2015.014.AD.M.70.Glia"""" | """"MUN.2015.014.AD.M.70.Neuron"""" | """"MUN.2015.015.AD.M.85.Glia"""" | """"MUN.2015.015.AD.M.85.Neuron"""" | """"MUN.2015.016.AD.F.73.Glia"""" | """"MUN.2015.016.AD.F.73.Neuron"""" | """"Ftl_RZ021_M81_AD"""" | """"Ftl_RZ051_M90_AD"""" | """"Ftl_RZ052_F82_AD5"""" | """"Ftl_RZ055_M80_AD5"""" | """"Ftl_RZ057_F88_CTRL2"""" | """"Ftl_RZ058_F77_CTRL2"""" | """"Ftl_RZ059_M75_CTRL2"""" | """"Ftl_RZ063_M73_AD6"""" | """"Ftl_RZ065_F65_AD6"""" | """"Ftl_RZ067_F67_AD6"""" | """"Ftl_RZ068_F93_AD6"""" | """"Ftl_RZ069_M74_AD6"""" | """"Ftl_RZ070_M53_CTRL0"""" | """"Ftl_RZ076_M18_CTRL0"""" | """"Ftl_RZ077_M57_CTRL1"""" | """"Ftl_RZ079_F75_CTRL4"""" | """"Ftl_RZ081_F76_CTRL4"""" | """"Ftl_RZ082_F46_CTRL1"""" | """"Ftl_RZ084_M50_CTRL0"""" | """"Ftl_RZ085_M63_CTRL1"""" | """"Ftl_RZ089_M53_CTRL0"""" | """"Ftl_RZ090_M53_CTRL1"""" | """"Ftl_RZ092_M71_CTRL1"""" | """"Ftl_RZ098_F73_AD"""" | """"Ftl_RZ099_F55_CTRL0"""" | """"Ftl_RZ104_M59_CTRL2"""" | """"Ftl_RZ109_F89_AD4"""" | """"Ftl_RZ119_M75_AD6"""" | """"Ftl_RZ121_M83_AD6"""" | """"Ftl_RZ122_F82_AD6"""" | """"Ftl_RZ133_M85_CTRL4"""" | """"Ftl_RZ140_M87_CTRL2"""" | """"Ftl_RZ143_M61_CTRL0"""" | """"Ftl_RZ144_F68_AD6"""" | """"Ftl_RZ145_F85_CTRL1"""" | """"Ftl_RZ146_M46_CTRL0"""" | """"Ftl_RZ147_F80_CTRL4"""" | """"Ftl_RZ148_F77_CTRL2"""" | """"Ftl_RZ149_F78_AD6"""" | """"Ftl_RZ155_F85_AD3"""" | """"Ftl_RZ160_M62_AD6"""" | """"Ftl_RZ162_F97_AD5"""" | """"Ftl_RZ163_F85_AD4"""" | """"Ftl_RZ170_F93_AD5"""" | """"Ftl_RZ171_F73_AD6"""" | """"Ftl_RZ181_F93_AD4"""" | """"Ftl_RZ244_F76_AD6"""" | """"Ftl_RZ256_M87_AD5"""" | """"Ftl_RZ261_F88_AD6"""" | """"Ftl_RZ262_F78_AD6"""" | """"Ftl_RZ296_M87_AD5"""" | """"Ftl_RZ302_M83_AD5"""" | """"Ftl_RZ307_F78_AD6"""" | """"Ftl_RZ323_M76_AD5"""" | """"Ftl_RZ339_M60_CTRL0"""" | """"Ftl_RZ340_M54_CTRL0"""" | """"Ftl_RZ342_F83_CTRL2"""" | """"Ftl_RZ369_F88_AD5"""" | """"Ftl_RZ375_M80_AD5"""" | """"Ftl_RZ391_F80_AD5"""" | """"Ftl_RZ413_M70_AD6"""" | """"Ftl_RZ433_F75_AD6"""" | """"Ftl_RZ459_F79_AD5"""" | """"Tmp_RZ016_M83_AD6"""" | """"Tmp_RZ021_M81_AD"""" | """"Tmp_RZ051_M90_AD"""" | """"Tmp_RZ052_F82_AD5"""" | """"Tmp_RZ055_M80_AD5"""" | """"Tmp_RZ057_F88_CTRL2"""" | """"Tmp_RZ058_F77_CTRL2"""" | """"Tmp_RZ059_M75_CTRL2"""" | """"Tmp_RZ063_M73_AD6"""" | """"Tmp_RZ065_F65_AD6"""" | """"Tmp_RZ067_F67_AD6"""" | """"Tmp_RZ068_F93_AD6"""" | """"Tmp_RZ069_M74_AD6"""" | """"Tmp_RZ070_M53_CTRL0"""" | """"Tmp_RZ076_M18_CTRL0"""" | """"Tmp_RZ077_M57_CTRL1"""" | """"Tmp_RZ079_F75_CTRL4"""" | """"Tmp_RZ081_F76_CTRL4"""" | """"Tmp_RZ082_F46_CTRL1"""" | """"Tmp_RZ084_M50_CTRL0"""" | """"Tmp_RZ085_M63_CTRL1"""" | """"Tmp_RZ089_M53_CTRL0"""" | """"Tmp_RZ090_M53_CTRL1"""" | """"Tmp_RZ092_M71_CTRL1"""" | """"Tmp_RZ098_F73_AD"""" | """"Tmp_RZ099_F55_CTRL0"""" | """"Tmp_RZ104_M59_CTRL2"""" | """"Tmp_RZ109_F89_AD4"""" | """"Tmp_RZ119_M75_AD6"""" | """"Tmp_RZ121_M83_AD6"""" | """"Tmp_RZ122_F82_AD6"""" | """"Tmp_RZ133_M85_CTRL4"""" | """"Tmp_RZ140_M87_CTRL2"""" | """"Tmp_RZ143_M61_CTRL0"""" | """"Tmp_RZ144_F68_AD6"""" | """"Tmp_RZ145_F85_CTRL1"""" | """"Tmp_RZ146_M46_CTRL0"""" | """"Tmp_RZ147_F80_CTRL4"""" | """"Tmp_RZ148_F77_CTRL2"""" | """"Tmp_RZ149_F78_AD6"""" | """"Tmp_RZ155_F85_AD3"""" | """"Tmp_RZ160_M62_AD6"""" | """"Tmp_RZ162_F97_AD5"""" | """"Tmp_RZ163_F85_AD4"""" | """"Tmp_RZ170_F93_AD5"""" | """"Tmp_RZ171_F73_AD6"""" | """"Tmp_RZ181_F93_AD4"""" | """"Tmp_RZ244_F76_AD6"""" | """"Tmp_RZ256_M87_AD5"""" | """"Tmp_RZ261_F88_AD6"""" | """"Tmp_RZ262_F78_AD6"""" | """"Tmp_RZ296_M87_AD5"""" | """"Tmp_RZ302_M83_AD5"""" | """"Tmp_RZ307_F78_AD6"""" | """"Tmp_RZ323_M76_AD5"""" | """"Tmp_RZ339_M60_CTRL0"""" | """"Tmp_RZ340_M54_CTRL0"""" | """"Tmp_RZ342_F83_CTRL2"""" | """"Tmp_RZ369_F88_AD5"""" | """"Tmp_RZ375_M80_AD5"""" | """"Tmp_RZ391_F80_AD5"""" | """"Tmp_RZ413_M70_AD6"""" | """"Tmp_RZ433_F75_AD6"""" | """"Tmp_RZ459_F79_AD5"""" | """"Tmp_RZ468_F85_AD6"""""
"GSE97760","source_name_ch1","""""Peripheral blood, replica 1"""" | """"Peripheral blood, replica 2"""" | """"Peripheral blood, replica 3"""" | """"Peripheral blood, replica 4"""" | """"Peripheral blood, replica 5"""" | """"Peripheral blood, replica 6"""" | """"Peripheral blood, replica 7"""" | """"Peripheral blood, replica 8"""" | """"Peripheral blood, replica 9"""" | """"Peripheral blood, replica 10"""""
"GSE97760","title","""""C01 (Control 1)"""" | """"C02 (Control 2)"""" | """"C03 (Control 3)"""" | """"C04 (Control 4)"""" | """"C05 (Control 5)"""" | """"C06 (Control 6)"""" | """"C07 (Control 7)"""" | """"C08 (Control 8)"""" | """"C09 (Control 9)"""" | """"C010 (Control 10)"""" | """"AP1 (Dementia 1)"""" | """"AP2 (Dementia 2)"""" | """"AP3 (Dementia 3)"""" | """"AP4 (Dementia 4)"""" | """"AP5 (Dementia 5)"""" | """"AP6 (Dementia 6)"""" | """"AP8 (Dementia 7)"""" | """"AP9 (Dementia 8)"""" | """"AP10 (Dementia 9)"""""
