"gene","module"
"1","green"
"10","grey"
"100","blue"
"1000","blue"
"10000","blue"
"100008589","grey"
"100009613","grey"
"100009676","turquoise"
"10001","blue"
"10002","grey"
"10003","grey"
"100033413","grey"
"100033414","grey"
"100033415","grey"
"100033416","turquoise"
"100033417","grey"
"100033418","grey"
"100033419","grey"
"100033420","grey"
"100033421","grey"
"100033422","grey"
"100033423","grey"
"100033424","grey"
"100033425","grey"
"100033426","grey"
"100033427","grey"
"100033428","grey"
"100033429","grey"
"100033430","grey"
"100033431","grey"
"100033432","grey"
"100033433","grey"
"100033434","grey"
"100033435","grey"
"100033436","grey"
"100033437","grey"
"100033438","grey"
"100033439","grey"
"100033440","grey"
"100033441","grey"
"100033442","grey"
"100033443","grey"
"100033444","grey"
"100033445","grey"
"100033446","grey"
"100033447","grey"
"100033448","grey"
"100033449","grey"
"100033450","grey"
"100033451","grey"
"100033453","grey"
"100033454","grey"
"100033455","grey"
"100033456","grey"
"100033458","grey"
"100033460","grey"
"100033603","grey"
"100033799","grey"
"100033800","grey"
"100033801","grey"
"100033802","grey"
"100033803","grey"
"100033804","grey"
"100033805","grey"
"100033806","grey"
"100033807","grey"
"100033808","grey"
"100033809","grey"
"100033810","grey"
"100033811","grey"
"100033812","grey"
"100033813","grey"
"100033814","grey"
"100033815","grey"
"100033816","grey"
"100033817","grey"
"100033818","grey"
"100033820","grey"
"100033821","grey"
"100033822","grey"
"100034743","grey"
"100036563","grey"
"100036564","grey"
"100036565","grey"
"100036566","blue"
"100036567","grey"
"100037417","turquoise"
"100038246","grey"
"10004","red"
"100048912","grey"
"100049076","grey"
"100049587","red"
"100049716","grey"
"10005","brown"
"10006","blue"
"10007","brown"
"100073347","yellow"
"10008","red"
"10009","turquoise"
"100093630","turquoise"
"100093631","turquoise"
"100093698","grey"
"1001","grey"
"10010","turquoise"
"100101117","grey"
"100101148","grey"
"100101266","grey"
"100101267","grey"
"100101467","black"
"100101490","blue"
"100101938","grey"
"10011","turquoise"
"100113378","grey"
"100113379","grey"
"100113380","grey"
"100113381","grey"
"100113382","grey"
"100113384","grey"
"100113386","brown"
"100113389","grey"
"100113391","grey"
"100113392","grey"
"100113393","grey"
"100113402","grey"
"100113403","yellow"
"100113404","grey"
"100113407","blue"
"100124412","grey"
"100124516","grey"
"100124533","grey"
"100124534","grey"
"100124535","grey"
"100124536","grey"
"100124537","grey"
"100124538","grey"
"100124539","grey"
"100124540","grey"
"100124700","grey"
"100125288","green"
"100125556","grey"
"100125918","grey"
"100126270","turquoise"
"100126296","grey"
"100126297","grey"
"100126299","grey"
"100126302","grey"
"100126303","grey"
"100126304","grey"
"100126306","grey"
"100126307","grey"
"100126308","grey"
"100126309","grey"
"100126310","grey"
"100126311","grey"
"100126313","grey"
"100126314","grey"
"100126315","grey"
"100126316","grey"
"100126317","grey"
"100126318","grey"
"100126320","grey"
"100126321","grey"
"100126325","blue"
"100126326","grey"
"100126327","grey"
"100126328","grey"
"100126329","grey"
"100126330","grey"
"100126331","grey"
"100126332","grey"
"100126333","grey"
"100126334","grey"
"100126335","grey"
"100126336","grey"
"100126337","grey"
"100126338","turquoise"
"100126339","grey"
"100126342","grey"
"100126343","grey"
"100126347","grey"
"100126348","grey"
"100126350","grey"
"100126351","grey"
"100126352","grey"
"100126355","grey"
"100126356","grey"
"100126447","grey"
"100126582","grey"
"100126584","grey"
"100126693","grey"
"100126780","grey"
"100126781","grey"
"100126784","yellow"
"100126791","grey"
"100126793","brown"
"100127206","grey"
"100127888","red"
"100127889","grey"
"100127967","grey"
"100127974","brown"
"100127983","blue"
"100128002","grey"
"100128006","grey"
"100128023","grey"
"100128025","grey"
"100128054","turquoise"
"100128055","turquoise"
"100128071","blue"
"100128076","grey"
"100128079","pink"
"100128081","blue"
"100128098","grey"
"100128108","grey"
"100128124","grey"
"100128126","grey"
"100128127","blue"
"100128139","grey"
"100128164","grey"
"100128176","turquoise"
"100128191","turquoise"
"100128233","grey"
"100128239","brown"
"100128252","grey"
"100128264","yellow"
"100128276","grey"
"100128285","yellow"
"100128288","yellow"
"100128292","turquoise"
"100128317","grey"
"100128325","grey"
"100128327","grey"
"100128338","grey"
"100128340","brown"
"100128361","grey"
"100128364","grey"
"100128374","grey"
"100128378","grey"
"100128385","grey"
"100128398","grey"
"100128420","grey"
"100128482","grey"
"100128494","turquoise"
"100128496","grey"
"100128505","grey"
"100128511","grey"
"100128531","yellow"
"100128553","grey"
"100128554","yellow"
"100128560","grey"
"100128568","grey"
"100128569","blue"
"100128573","grey"
"100128575","grey"
"100128590","grey"
"100128593","grey"
"100128594","grey"
"100128627","grey"
"100128640","grey"
"100128653","yellow"
"100128675","pink"
"100128682","grey"
"100128714","brown"
"100128731","green"
"100128750","grey"
"100128770","grey"
"100128782","grey"
"100128787","grey"
"100128788","grey"
"100128811","yellow"
"100128818","grey"
"100128822","grey"
"100128830","grey"
"100128881","grey"
"100128882","blue"
"100128885","grey"
"100128890","turquoise"
"100128893","grey"
"100128905","grey"
"100128908","grey"
"100128927","red"
"100128946","grey"
"100128966","grey"
"100128977","turquoise"
"100128988","grey"
"100128993","grey"
"100128998","grey"
"100129027","grey"
"100129034","magenta"
"100129046","purple"
"100129055","grey"
"100129066","grey"
"100129075","grey"
"100129083","red"
"100129094","grey"
"100129098","grey"
"100129128","turquoise"
"100129129","grey"
"100129138","grey"
"100129148","grey"
"100129175","grey"
"100129195","green"
"100129196","pink"
"100129203","grey"
"100129213","purple"
"100129215","grey"
"100129216","grey"
"100129223","yellow"
"100129250","green"
"100129269","grey"
"100129278","grey"
"100129307","grey"
"100129316","grey"
"100129345","grey"
"100129354","grey"
"100129361","grey"
"100129385","grey"
"100129387","grey"
"100129396","grey"
"100129405","grey"
"100129424","blue"
"100129427","grey"
"100129434","turquoise"
"100129455","grey"
"100129460","grey"
"100129461","grey"
"100129464","grey"
"100129473","pink"
"100129476","grey"
"100129480","grey"
"100129482","green"
"100129484","turquoise"
"100129503","grey"
"100129515","grey"
"100129516","brown"
"100129518","grey"
"100129520","grey"
"100129528","grey"
"100129534","grey"
"100129543","grey"
"100129550","grey"
"100129583","grey"
"100129597","grey"
"100129603","grey"
"100129617","tan"
"100129620","blue"
"100129636","grey"
"100129637","green"
"100129654","grey"
"100129662","grey"
"100129669","grey"
"100129697","grey"
"100129716","grey"
"100129722","greenyellow"
"100129726","brown"
"100129781","grey"
"100129792","black"
"100129794","grey"
"100129800","grey"
"100129827","grey"
"100129836","grey"
"100129842","turquoise"
"100129845","grey"
"100129858","grey"
"100129917","brown"
"100129924","grey"
"100129931","midnightblue"
"100129935","grey"
"100129940","grey"
"100129961","grey"
"100129973","green"
"10013","pink"
"100130015","brown"
"100130017","grey"
"100130075","grey"
"100130083","grey"
"100130086","grey"
"100130093","greenyellow"
"100130148","grey"
"100130155","blue"
"100130197","turquoise"
"100130207","grey"
"100130231","grey"
"100130238","brown"
"100130249","grey"
"100130256","grey"
"100130264","grey"
"100130274","grey"
"100130275","grey"
"100130285","grey"
"100130298","grey"
"100130301","grey"
"100130302","grey"
"100130311","yellow"
"100130331","grey"
"100130342","grey"
"100130348","green"
"100130357","grey"
"100130361","grey"
"100130370","grey"
"100130373","grey"
"100130386","grey"
"100130417","grey"
"100130418","grey"
"100130449","grey"
"100130451","grey"
"100130452","grey"
"100130458","grey"
"100130460","grey"
"100130476","grey"
"100130480","grey"
"100130502","grey"
"100130519","black"
"100130520","grey"
"100130522","tan"
"100130539","grey"
"100130548","turquoise"
"100130557","brown"
"100130581","grey"
"100130587","brown"
"100130613","grey"
"100130673","grey"
"100130691","grey"
"100130698","grey"
"100130700","grey"
"100130705","grey"
"100130717","green"
"100130733","grey"
"100130742","grey"
"100130744","grey"
"100130771","blue"
"100130776","yellow"
"100130827","grey"
"100130855","turquoise"
"100130872","brown"
"100130876","grey"
"100130880","grey"
"100130887","grey"
"100130889","grey"
"100130890","grey"
"100130894","magenta"
"100130899","grey"
"100130933","pink"
"100130934","grey"
"100130935","grey"
"100130938","grey"
"100130950","grey"
"100130954","grey"
"100130958","turquoise"
"100130964","grey"
"100130967","grey"
"100130987","grey"
"100130988","grey"
"100130992","grey"
"100131017","green"
"100131047","grey"
"100131060","grey"
"100131067","grey"
"100131089","blue"
"100131094","grey"
"100131096","pink"
"100131107","grey"
"100131117","grey"
"100131137","grey"
"100131138","grey"
"100131176","grey"
"100131187","brown"
"100131193","grey"
"100131205","grey"
"100131208","blue"
"100131211","grey"
"100131213","grey"
"100131234","grey"
"100131244","blue"
"100131257","grey"
"100131270","grey"
"100131289","yellow"
"100131303","grey"
"100131315","grey"
"100131320","grey"
"100131347","grey"
"100131366","grey"
"100131372","grey"
"100131378","grey"
"100131390","blue"
"100131395","blue"
"100131434","grey"
"100131439","grey"
"100131454","grey"
"100131472","grey"
"100131496","grey"
"100131530","pink"
"100131532","grey"
"100131539","grey"
"100131551","grey"
"100131561","grey"
"100131564","grey"
"100131608","grey"
"100131626","turquoise"
"100131635","grey"
"100131655","grey"
"100131691","yellow"
"100131726","grey"
"100131733","turquoise"
"100131755","magenta"
"100131801","turquoise"
"100131814","grey"
"100131816","grey"
"100131825","yellow"
"100131827","grey"
"100131897","black"
"100131902","cyan"
"100131980","grey"
"100131997","grey"
"100131998","yellow"
"100132004","grey"
"100132057","yellow"
"100132062","grey"
"100132074","grey"
"100132077","grey"
"100132078","grey"
"100132101","grey"
"100132103","grey"
"100132111","grey"
"100132116","grey"
"100132146","grey"
"100132154","grey"
"100132159","grey"
"100132163","green"
"100132169","grey"
"100132174","grey"
"100132202","grey"
"100132215","grey"
"100132247","grey"
"100132249","green"
"100132273","blue"
"100132285","grey"
"100132287","grey"
"100132288","grey"
"100132304","grey"
"100132341","turquoise"
"100132352","grey"
"100132354","yellow"
"100132356","grey"
"100132386","grey"
"100132403","grey"
"100132406","turquoise"
"100132417","grey"
"100132463","grey"
"100132476","grey"
"100132526","grey"
"100132529","grey"
"100132541","grey"
"100132565","grey"
"100132594","grey"
"100132596","grey"
"100132618","turquoise"
"100132677","grey"
"100132705","grey"
"100132707","brown"
"100132708","grey"
"100132724","grey"
"100132731","yellow"
"100132735","grey"
"100132741","grey"
"100132774","grey"
"100132781","grey"
"100132813","blue"
"100132815","yellow"
"100132831","grey"
"100132832","grey"
"100132874","grey"
"100132891","blue"
"100132911","salmon"
"100132916","grey"
"100132923","grey"
"100132948","grey"
"100132963","grey"
"100132967","grey"
"100132979","grey"
"100132987","grey"
"100132994","grey"
"100133036","grey"
"100133050","grey"
"100133077","yellow"
"100133091","yellow"
"100133121","grey"
"100133123","grey"
"100133144","grey"
"100133161","grey"
"100133172","grey"
"100133182","grey"
"100133204","grey"
"100133205","grey"
"100133220","grey"
"100133234","grey"
"100133286","black"
"100133301","grey"
"100133308","grey"
"100133311","grey"
"100133315","grey"
"100133331","grey"
"100133445","grey"
"100133461","grey"
"100133545","grey"
"100133612","grey"
"100133669","grey"
"100133746","midnightblue"
"100133920","grey"
"100133941","grey"
"100133957","blue"
"100133985","grey"
"100133991","turquoise"
"100134015","turquoise"
"100134040","grey"
"100134091","grey"
"100134229","brown"
"100134237","grey"
"100134259","brown"
"100134317","grey"
"100134368","grey"
"100134391","grey"
"100134423","grey"
"100134444","grey"
"100134713","grey"
"100134822","grey"
"100134868","grey"
"100134869","grey"
"100134934","green"
"100134938","grey"
"100137047","grey"
"100137049","green"
"10014","green"
"100141515","grey"
"100142659","grey"
"100144595","turquoise"
"100144596","grey"
"100144597","grey"
"100144602","yellow"
"100144603","grey"
"100144604","grey"
"100144748","grey"
"100147744","grey"
"100147773","grey"
"10015","turquoise"
"100151683","grey"
"100151684","grey"
"100158262","grey"
"10016","yellow"
"100169752","grey"
"100169760","grey"
"100169851","grey"
"100169890","green"
"100169989","grey"
"10017","brown"
"100170220","grey"
"100170221","grey"
"100170223","grey"
"100170226","grey"
"100170227","grey"
"100170228","grey"
"100170229","brown"
"100170765","grey"
"100170841","brown"
"10018","greenyellow"
"100187716","grey"
"100188847","grey"
"100188893","turquoise"
"100188917","grey"
"100188947","grey"
"100188949","grey"
"100188953","green"
"100188954","turquoise"
"100189589","blue"
"10019","red"
"100190938","brown"
"100190939","blue"
"100190940","grey"
"100190949","grey"
"100190986","grey"
"100191040","grey"
"100192204","grey"
"100192378","grey"
"100192379","blue"
"100192386","grey"
"100192420","grey"
"100192426","grey"
"1002","black"
"10020","turquoise"
"10021","brown"
"100216001","grey"
"100216479","grey"
"100216545","blue"
"100216546","turquoise"
"10022","grey"
"10023","grey"
"100233156","grey"
"100233209","red"
"10024","grey"
"100240734","grey"
"100240735","grey"
"10025","turquoise"
"10026","turquoise"
"100268168","grey"
"100270679","grey"
"100270680","grey"
"100270746","grey"
"100270804","grey"
"100271702","pink"
"100271715","yellow"
"100271722","blue"
"100271832","grey"
"100271835","grey"
"100271836","turquoise"
"100271846","grey"
"100271849","green"
"100271873","grey"
"100271874","grey"
"100271927","grey"
"100272147","green"
"100272216","grey"
"100272217","yellow"
"100272228","grey"
"100286844","green"
"100286906","grey"
"100286922","grey"
"100286938","grey"
"100286979","grey"
"100287010","grey"
"100287013","grey"
"100287015","grey"
"100287029","grey"
"100287036","grey"
"100287042","grey"
"100287072","grey"
"100287082","yellow"
"100287098","grey"
"100287102","grey"
"100287114","grey"
"100287144","grey"
"100287166","grey"
"100287171","blue"
"100287175","grey"
"100287177","black"
"100287216","turquoise"
"100287225","pink"
"100287226","grey"
"100287227","grey"
"100287238","grey"
"100287284","grey"
"100287290","blue"
"100287294","grey"
"100287314","grey"
"100287362","grey"
"100287366","grey"
"100287387","yellow"
"100287413","grey"
"100287467","grey"
"100287482","yellow"
"100287497","greenyellow"
"100287559","grey"
"100287569","greenyellow"
"100287592","grey"
"100287596","grey"
"100287610","grey"
"100287616","grey"
"100287632","grey"
"100287639","grey"
"100287651","grey"
"100287718","grey"
"100287722","turquoise"
"100287728","grey"
"100287765","turquoise"
"100287792","grey"
"100287808","yellow"
"100287814","grey"
"100287846","blue"
"100287852","grey"
"100287877","grey"
"100287879","grey"
"100287896","turquoise"
"100287898","grey"
"100287902","grey"
"100287922","grey"
"100287932","yellow"
"100287934","turquoise"
"100287944","turquoise"
"100287948","grey"
"100288069","grey"
"100288077","grey"
"100288079","grey"
"100288102","grey"
"100288122","grey"
"100288123","grey"
"100288142","grey"
"100288152","grey"
"100288162","grey"
"100288175","brown"
"100288181","grey"
"100288198","grey"
"100288287","grey"
"100288332","grey"
"100288346","turquoise"
"100288380","grey"
"100288413","grey"
"100288428","grey"
"100288432","grey"
"100288485","grey"
"100288486","grey"
"100288524","grey"
"100288570","grey"
"100288615","brown"
"100288637","grey"
"100288687","grey"
"100288695","grey"
"100288730","grey"
"100288748","grey"
"100288778","green"
"100288797","grey"
"100288798","grey"
"100288801","grey"
"100288805","grey"
"100288814","grey"
"100288831","grey"
"100288842","grey"
"100288846","blue"
"100288866","black"
"100288897","grey"
"100288910","grey"
"100288911","brown"
"100288974","grey"
"100289017","grey"
"100289019","grey"
"100289026","grey"
"100289087","grey"
"100289092","brown"
"100289097","blue"
"100289098","turquoise"
"100289124","grey"
"100289137","pink"
"100289178","grey"
"100289187","turquoise"
"100289211","grey"
"100289230","grey"
"100289255","grey"
"100289274","turquoise"
"100289333","grey"
"100289341","greenyellow"
"100289361","turquoise"
"100289373","grey"
"100289388","turquoise"
"100289410","grey"
"100289455","turquoise"
"100289473","grey"
"100289495","grey"
"100289509","yellow"
"100289511","turquoise"
"100289533","turquoise"
"100289561","grey"
"100289574","grey"
"100289580","grey"
"100289635","turquoise"
"100289650","blue"
"100289656","grey"
"100289673","grey"
"100289678","blue"
"100292680","grey"
"100292952","grey"
"100293211","grey"
"100293516","grey"
"100293534","grey"
"100293612","grey"
"100293704","grey"
"100293748","grey"
"100294033","green"
"100294145","blue"
"100294341","grey"
"100294362","turquoise"
"100294720","grey"
"1003","turquoise"
"100302112","grey"
"100302113","grey"
"100302114","grey"
"100302118","grey"
"100302119","grey"
"100302121","grey"
"100302122","grey"
"100302123","grey"
"100302124","grey"
"100302125","grey"
"100302127","grey"
"100302128","grey"
"100302129","grey"
"100302132","brown"
"100302133","grey"
"100302134","grey"
"100302135","grey"
"100302136","grey"
"100302137","grey"
"100302138","grey"
"100302139","grey"
"100302141","grey"
"100302143","turquoise"
"100302144","grey"
"100302145","grey"
"100302146","grey"
"100302147","grey"
"100302149","grey"
"100302150","grey"
"100302152","grey"
"100302153","grey"
"100302155","grey"
"100302156","grey"
"100302157","grey"
"100302158","grey"
"100302159","grey"
"100302161","grey"
"100302163","grey"
"100302164","grey"
"100302166","grey"
"100302167","grey"
"100302168","grey"
"100302170","grey"
"100302171","grey"
"100302174","grey"
"100302175","grey"
"100302178","grey"
"100302179","grey"
"100302181","grey"
"100302182","turquoise"
"100302183","green"
"100302184","grey"
"100302185","grey"
"100302188","grey"
"100302190","grey"
"100302191","grey"
"100302193","grey"
"100302195","grey"
"100302196","grey"
"100302197","turquoise"
"100302201","grey"
"100302202","grey"
"100302203","grey"
"100302208","grey"
"100302209","grey"
"100302210","brown"
"100302211","grey"
"100302212","grey"
"100302213","grey"
"100302214","grey"
"100302217","grey"
"100302218","grey"
"100302220","grey"
"100302221","grey"
"100302223","grey"
"100302224","turquoise"
"100302225","grey"
"100302226","grey"
"100302228","grey"
"100302229","turquoise"
"100302232","grey"
"100302234","grey"
"100302235","grey"
"100302236","brown"
"100302237","grey"
"100302240","turquoise"
"100302242","grey"
"100302243","grey"
"100302246","grey"
"100302250","grey"
"100302254","green"
"100302255","grey"
"100302256","grey"
"100302257","grey"
"100302258","grey"
"100302260","grey"
"100302261","grey"
"100302263","grey"
"100302268","grey"
"100302270","grey"
"100302273","grey"
"100302274","green"
"100302275","grey"
"100302276","grey"
"100302277","grey"
"100302279","grey"
"100302280","grey"
"100302281","grey"
"100302282","grey"
"100302283","grey"
"100302284","grey"
"100302285","grey"
"100302286","grey"
"100302288","grey"
"100302289","grey"
"100302292","grey"
"100302401","grey"
"100302526","grey"
"100302640","grey"
"100302650","grey"
"100302652","purple"
"100302691","grey"
"100302692","grey"
"100302736","brown"
"100302738","grey"
"100302739","red"
"100302740","grey"
"100302741","grey"
"100302742","grey"
"100302743","grey"
"100302746","grey"
"100303453","turquoise"
"100303491","salmon"
"100303728","grey"
"100303749","grey"
"100303755","grey"
"100306951","turquoise"
"100306975","grey"
"100309464","grey"
"100310812","grey"
"100310846","grey"
"100313769","grey"
"100313770","grey"
"100313771","grey"
"100313773","cyan"
"100313777","grey"
"100313778","grey"
"100313779","grey"
"100313780","grey"
"100313781","grey"
"100313824","grey"
"100313829","grey"
"100313830","grey"
"100313835","grey"
"100313837","grey"
"100313838","grey"
"100313840","grey"
"100313841","grey"
"100313842","grey"
"100313843","grey"
"100313886","grey"
"100313887","turquoise"
"100313892","turquoise"
"100313896","grey"
"100313914","grey"
"100313921","grey"
"100316868","grey"
"100316904","green"
"100329109","green"
"100329135","grey"
"100335030","grey"
"100337591","grey"
"10036","grey"
"100379132","grey"
"100379141","grey"
"100379174","grey"
"100379220","grey"
"100379224","turquoise"
"100379249","grey"
"100379250","grey"
"100379251","turquoise"
"100379345","grey"
"100379571","black"
"100379661","grey"
"10038","yellow"
"100381270","turquoise"
"10039","magenta"
"1004","grey"
"10040","blue"
"100419583","turquoise"
"100419743","grey"
"100419868","grey"
"10042","black"
"100420587","yellow"
"100421577","grey"
"100422212","grey"
"100422556","grey"
"100422737","grey"
"100422821","grey"
"100422823","grey"
"100422824","grey"
"100422826","grey"
"100422829","grey"
"100422832","grey"
"100422833","grey"
"100422835","grey"
"100422837","grey"
"100422840","grey"
"100422841","grey"
"100422842","grey"
"100422843","grey"
"100422846","grey"
"100422847","grey"
"100422849","grey"
"100422850","grey"
"100422851","grey"
"100422853","grey"
"100422854","grey"
"100422855","grey"
"100422856","grey"
"100422857","grey"
"100422858","grey"
"100422859","grey"
"100422860","grey"
"100422861","grey"
"100422862","grey"
"100422863","grey"
"100422864","grey"
"100422866","grey"
"100422868","grey"
"100422869","grey"
"100422871","grey"
"100422872","grey"
"100422873","grey"
"100422874","grey"
"100422875","grey"
"100422877","grey"
"100422878","grey"
"100422879","grey"
"100422880","grey"
"100422881","grey"
"100422882","grey"
"100422885","grey"
"100422887","grey"
"100422888","grey"
"100422889","grey"
"100422892","grey"
"100422893","grey"
"100422894","grey"
"100422895","grey"
"100422896","grey"
"100422899","grey"
"100422900","grey"
"100422901","grey"
"100422902","grey"
"100422903","grey"
"100422904","grey"
"100422905","grey"
"100422908","grey"
"100422909","grey"
"100422910","grey"
"100422912","grey"
"100422913","grey"
"100422914","turquoise"
"100422915","grey"
"100422916","grey"
"100422918","grey"
"100422922","grey"
"100422923","grey"
"100422925","grey"
"100422926","grey"
"100422927","grey"
"100422928","grey"
"100422929","grey"
"100422931","grey"
"100422933","grey"
"100422934","grey"
"100422936","grey"
"100422937","grey"
"100422939","grey"
"100422940","grey"
"100422942","grey"
"100422943","grey"
"100422944","grey"
"100422945","grey"
"100422946","grey"
"100422947","grey"
"100422948","grey"
"100422949","grey"
"100422952","grey"
"100422953","grey"
"100422954","grey"
"100422955","turquoise"
"100422957","grey"
"100422961","grey"
"100422962","grey"
"100422964","grey"
"100422965","grey"
"100422967","grey"
"100422968","grey"
"100422969","grey"
"100422970","grey"
"100422971","grey"
"100422974","grey"
"100422976","grey"
"100422979","grey"
"100422980","grey"
"100422981","grey"
"100422982","grey"
"100422983","grey"
"100422984","grey"
"100422986","grey"
"100422987","grey"
"100422989","grey"
"100422990","grey"
"100422991","turquoise"
"100422992","grey"
"100422993","grey"
"100422995","grey"
"100422996","grey"
"100422997","grey"
"100422998","grey"
"100422999","grey"
"100423000","grey"
"100423001","grey"
"100423002","grey"
"100423003","grey"
"100423004","grey"
"100423005","grey"
"100423009","grey"
"100423011","grey"
"100423012","grey"
"100423013","grey"
"100423014","grey"
"100423017","grey"
"100423020","grey"
"100423021","grey"
"100423023","grey"
"100423025","grey"
"100423026","grey"
"100423027","grey"
"100423028","grey"
"100423029","grey"
"100423030","grey"
"100423031","grey"
"100423033","grey"
"100423034","grey"
"100423035","grey"
"100423036","grey"
"100423037","grey"
"100423039","grey"
"100423041","grey"
"100423042","grey"
"100423043","grey"
"100423062","grey"
"10043","brown"
"100431172","grey"
"10044","brown"
"10045","grey"
"10046","blue"
"100462953","grey"
"100462977","grey"
"100462981","midnightblue"
"100462983","grey"
"100463285","grey"
"100463289","grey"
"100463482","grey"
"100463486","grey"
"100463487","midnightblue"
"100463488","grey"
"10047","grey"
"10048","blue"
"10049","tan"
"100498859","grey"
"100499171","grey"
"100499177","grey"
"100499183","grey"
"100499194","grey"
"100499227","yellow"
"100499405","brown"
"100499466","salmon"
"100499467","grey"
"100499483","grey"
"100499484","yellow"
"100499489","turquoise"
"1005","blue"
"10050","grey"
"100500773","grey"
"100500801","grey"
"100500802","grey"
"100500803","grey"
"100500804","green"
"100500805","grey"
"100500807","grey"
"100500808","grey"
"100500809","grey"
"100500810","turquoise"
"100500811","grey"
"100500812","grey"
"100500814","grey"
"100500816","grey"
"100500817","grey"
"100500818","grey"
"100500819","grey"
"100500820","grey"
"100500822","grey"
"100500824","grey"
"100500825","grey"
"100500826","grey"
"100500827","brown"
"100500828","grey"
"100500829","grey"
"100500830","grey"
"100500831","grey"
"100500832","grey"
"100500833","grey"
"100500835","grey"
"100500836","grey"
"100500837","grey"
"100500838","grey"
"100500839","grey"
"100500840","grey"
"100500841","grey"
"100500842","turquoise"
"100500843","grey"
"100500844","grey"
"100500845","grey"
"100500847","grey"
"100500849","turquoise"
"100500850","grey"
"100500851","grey"
"100500852","grey"
"100500853","red"
"100500854","grey"
"100500855","grey"
"100500856","grey"
"100500857","grey"
"100500858","grey"
"100500860","grey"
"100500861","black"
"100500863","grey"
"100500865","grey"
"100500866","grey"
"100500867","grey"
"100500870","grey"
"100500871","grey"
"100500872","blue"
"100500873","grey"
"100500875","grey"
"100500877","grey"
"100500878","grey"
"100500880","grey"
"100500882","grey"
"100500884","grey"
"100500885","grey"
"100500887","grey"
"100500888","turquoise"
"100500889","grey"
"100500890","grey"
"100500891","grey"
"100500893","grey"
"100500895","grey"
"100500896","grey"
"100500899","grey"
"100500900","grey"
"100500901","grey"
"100500904","grey"
"100500905","turquoise"
"100500907","grey"
"100500908","grey"
"100500909","grey"
"100500911","grey"
"100500912","grey"
"100500913","grey"
"100500914","grey"
"100500917","grey"
"100500918","grey"
"100500919","grey"
"100500920","grey"
"100500938","grey"
"100505385","grey"
"100505474","grey"
"100505475","turquoise"
"100505478","grey"
"100505483","brown"
"100505495","tan"
"100505498","grey"
"100505501","grey"
"100505502","grey"
"100505504","grey"
"100505515","grey"
"100505518","grey"
"100505530","grey"
"100505532","grey"
"100505534","grey"
"100505536","grey"
"100505538","grey"
"100505540","grey"
"100505545","grey"
"100505547","grey"
"100505549","grey"
"100505555","brown"
"100505561","grey"
"100505564","grey"
"100505566","grey"
"100505573","grey"
"100505576","yellow"
"100505583","grey"
"100505585","grey"
"100505588","brown"
"100505591","grey"
"100505592","grey"
"100505601","grey"
"100505609","grey"
"100505616","grey"
"100505619","grey"
"100505622","grey"
"100505624","turquoise"
"100505625","grey"
"100505633","grey"
"100505635","turquoise"
"100505636","turquoise"
"100505641","turquoise"
"100505648","brown"
"100505650","grey"
"100505658","grey"
"100505659","grey"
"100505663","grey"
"100505664","grey"
"100505666","grey"
"100505676","grey"
"100505678","blue"
"100505679","grey"
"100505681","grey"
"100505683","grey"
"100505685","grey"
"100505687","grey"
"100505692","grey"
"100505696","magenta"
"100505702","brown"
"100505710","grey"
"100505711","grey"
"100505715","turquoise"
"100505716","grey"
"100505718","grey"
"100505724","grey"
"100505727","grey"
"100505736","grey"
"100505738","grey"
"100505739","grey"
"100505741","grey"
"100505746","grey"
"100505753","grey"
"100505758","turquoise"
"100505761","turquoise"
"100505767","grey"
"100505768","grey"
"100505771","green"
"100505774","grey"
"100505776","grey"
"100505782","grey"
"100505783","grey"
"100505784","grey"
"100505795","grey"
"100505797","yellow"
"100505798","grey"
"100505806","blue"
"100505811","grey"
"100505812","grey"
"100505817","grey"
"100505824","grey"
"100505826","grey"
"100505832","grey"
"100505835","grey"
"100505839","grey"
"100505841","grey"
"100505845","grey"
"100505851","grey"
"100505853","grey"
"100505854","grey"
"100505865","grey"
"100505869","yellow"
"100505874","grey"
"100505875","grey"
"100505876","yellow"
"100505877","grey"
"100505878","grey"
"100505879","grey"
"100505881","turquoise"
"100505887","grey"
"100505890","grey"
"100505893","grey"
"100505894","turquoise"
"100505902","grey"
"100505909","grey"
"100505912","grey"
"100505915","grey"
"100505918","grey"
"100505920","grey"
"100505921","grey"
"100505929","grey"
"100505933","grey"
"100505938","brown"
"100505940","grey"
"100505942","turquoise"
"100505967","grey"
"100505975","grey"
"100505978","turquoise"
"100505984","grey"
"100505985","grey"
"100505989","grey"
"100505993","grey"
"100505994","grey"
"100505996","grey"
"100506007","grey"
"100506012","grey"
"100506013","grey"
"100506014","green"
"100506016","grey"
"100506022","grey"
"100506023","grey"
"100506025","grey"
"100506033","grey"
"100506035","grey"
"100506036","grey"
"100506046","green"
"100506047","grey"
"100506049","grey"
"100506050","grey"
"100506054","grey"
"100506060","green"
"100506068","grey"
"100506070","grey"
"100506071","blue"
"100506076","grey"
"100506082","grey"
"100506083","grey"
"100506084","grey"
"100506085","grey"
"100506098","grey"
"100506100","grey"
"100506107","grey"
"100506108","grey"
"100506113","grey"
"100506114","green"
"100506115","red"
"100506119","grey"
"100506122","grey"
"100506123","grey"
"100506124","grey"
"100506125","grey"
"100506126","grey"
"100506127","blue"
"100506134","grey"
"100506136","tan"
"100506142","turquoise"
"100506144","brown"
"100506157","grey"
"100506159","grey"
"100506161","grey"
"100506164","grey"
"100506172","grey"
"100506175","grey"
"100506178","grey"
"100506188","grey"
"100506190","grey"
"100506195","grey"
"100506207","grey"
"100506211","grey"
"100506215","tan"
"100506217","grey"
"100506229","grey"
"100506233","grey"
"100506235","grey"
"100506236","grey"
"100506237","grey"
"100506241","grey"
"100506243","grey"
"100506248","grey"
"100506253","grey"
"100506258","turquoise"
"100506271","brown"
"100506272","grey"
"100506274","grey"
"100506275","grey"
"100506281","grey"
"100506282","grey"
"100506286","blue"
"100506289","grey"
"100506299","grey"
"100506302","grey"
"100506305","grey"
"100506311","grey"
"100506314","grey"
"100506317","grey"
"100506319","grey"
"100506321","turquoise"
"100506325","grey"
"100506328","brown"
"100506331","grey"
"100506334","grey"
"100506343","yellow"
"100506351","grey"
"100506358","grey"
"100506365","turquoise"
"100506368","grey"
"100506371","grey"
"100506374","grey"
"100506376","grey"
"100506379","grey"
"100506380","greenyellow"
"100506384","black"
"100506385","grey"
"100506388","grey"
"100506392","grey"
"100506393","grey"
"100506394","grey"
"100506403","grey"
"100506405","grey"
"100506409","grey"
"100506411","yellow"
"100506412","grey"
"100506413","grey"
"100506421","green"
"100506422","grey"
"100506428","brown"
"100506433","grey"
"100506436","grey"
"100506443","grey"
"100506444","grey"
"100506446","grey"
"100506451","grey"
"100506454","brown"
"100506457","grey"
"100506462","grey"
"100506465","yellow"
"100506469","green"
"100506472","green"
"100506473","yellow"
"100506474","grey"
"100506475","cyan"
"100506476","grey"
"100506492","grey"
"100506495","grey"
"100506497","grey"
"100506498","grey"
"100506499","grey"
"100506504","grey"
"100506516","blue"
"100506518","green"
"100506526","green"
"100506527","yellow"
"100506530","grey"
"100506532","brown"
"100506538","grey"
"100506540","grey"
"100506542","grey"
"100506548","lightcyan"
"100506551","grey"
"100506555","grey"
"100506557","grey"
"100506558","grey"
"100506563","grey"
"100506564","grey"
"100506571","grey"
"100506581","turquoise"
"100506585","grey"
"100506596","grey"
"100506599","grey"
"100506603","blue"
"100506606","turquoise"
"100506621","grey"
"100506622","grey"
"100506627","grey"
"100506634","turquoise"
"100506637","grey"
"100506639","turquoise"
"100506649","grey"
"100506655","grey"
"100506658","turquoise"
"100506660","grey"
"100506664","grey"
"100506668","grey"
"100506674","blue"
"100506675","grey"
"100506677","grey"
"100506679","brown"
"100506680","grey"
"100506681","grey"
"100506682","grey"
"100506686","grey"
"100506688","grey"
"100506691","grey"
"100506696","turquoise"
"100506697","grey"
"100506700","grey"
"100506710","green"
"100506713","blue"
"100506714","yellow"
"100506718","grey"
"100506724","grey"
"100506725","pink"
"100506730","grey"
"100506731","yellow"
"100506733","grey"
"100506734","turquoise"
"100506736","grey"
"100506737","grey"
"100506742","grey"
"100506746","grey"
"100506747","grey"
"100506749","grey"
"100506753","grey"
"100506755","green"
"100506757","grey"
"100506759","grey"
"100506765","grey"
"100506769","grey"
"100506775","grey"
"100506776","grey"
"100506779","grey"
"100506783","grey"
"100506787","grey"
"100506790","grey"
"100506791","yellow"
"100506795","grey"
"100506797","grey"
"100506801","grey"
"100506804","grey"
"100506810","grey"
"100506826","grey"
"100506827","grey"
"100506834","grey"
"100506835","grey"
"100506840","grey"
"100506844","turquoise"
"100506851","grey"
"100506858","grey"
"100506859","grey"
"100506860","grey"
"100506866","brown"
"100506869","grey"
"100506870","grey"
"100506874","grey"
"100506881","grey"
"100506882","grey"
"100506885","grey"
"100506888","grey"
"100506895","blue"
"100506898","grey"
"100506901","grey"
"100506907","grey"
"100506908","grey"
"100506915","grey"
"100506922","grey"
"100506928","red"
"100506929","grey"
"100506930","grey"
"100506937","grey"
"100506939","grey"
"100506944","grey"
"100506963","grey"
"100506974","grey"
"100506985","black"
"100506990","turquoise"
"100506994","green"
"100506999","grey"
"100507002","grey"
"100507003","yellow"
"100507006","grey"
"100507008","pink"
"100507012","grey"
"100507027","grey"
"100507032","yellow"
"100507033","grey"
"100507034","green"
"100507043","yellow"
"100507050","yellow"
"100507053","yellow"
"100507054","blue"
"100507055","grey"
"100507056","grey"
"100507057","green"
"100507058","grey"
"100507059","grey"
"100507062","grey"
"100507064","grey"
"100507065","grey"
"100507066","grey"
"100507071","grey"
"100507073","grey"
"100507086","grey"
"100507091","grey"
"100507096","grey"
"100507098","turquoise"
"100507099","grey"
"100507103","blue"
"100507113","turquoise"
"100507114","grey"
"100507117","grey"
"100507118","yellow"
"100507127","black"
"100507131","brown"
"100507135","grey"
"100507140","black"
"100507143","grey"
"100507144","grey"
"100507156","grey"
"100507165","brown"
"100507171","blue"
"100507173","blue"
"100507175","grey"
"100507178","tan"
"100507191","grey"
"100507194","grey"
"100507195","grey"
"100507201","grey"
"100507203","grey"
"100507205","grey"
"100507206","yellow"
"100507210","grey"
"100507213","grey"
"100507217","grey"
"100507218","grey"
"100507236","grey"
"100507240","grey"
"100507242","yellow"
"100507244","grey"
"100507246","turquoise"
"100507250","grey"
"100507254","grey"
"100507257","brown"
"100507258","grey"
"100507261","grey"
"100507266","grey"
"100507267","grey"
"100507274","grey"
"100507277","grey"
"100507283","turquoise"
"100507290","grey"
"100507291","grey"
"100507297","grey"
"100507299","grey"
"100507300","grey"
"100507303","green"
"100507306","grey"
"100507308","grey"
"100507316","green"
"100507321","grey"
"100507331","brown"
"100507334","grey"
"100507336","grey"
"100507341","blue"
"100507346","turquoise"
"100507347","brown"
"100507351","yellow"
"100507353","yellow"
"100507362","grey"
"100507367","grey"
"100507373","yellow"
"100507377","pink"
"100507381","grey"
"100507384","grey"
"100507387","yellow"
"100507388","grey"
"100507389","grey"
"100507391","grey"
"100507392","red"
"100507395","grey"
"100507398","grey"
"100507399","grey"
"100507401","turquoise"
"100507403","grey"
"100507404","grey"
"100507406","grey"
"100507410","grey"
"100507412","grey"
"100507419","grey"
"100507420","yellow"
"100507421","blue"
"100507423","grey"
"100507424","green"
"100507428","grey"
"100507431","grey"
"100507433","grey"
"100507435","grey"
"100507437","grey"
"100507443","grey"
"100507458","greenyellow"
"100507459","grey"
"100507460","green"
"100507461","grey"
"100507462","grey"
"100507463","red"
"100507466","grey"
"100507468","grey"
"100507470","turquoise"
"100507472","black"
"100507475","green"
"100507477","grey"
"100507480","grey"
"100507487","blue"
"100507489","grey"
"100507495","grey"
"100507500","turquoise"
"100507501","green"
"100507506","grey"
"100507507","grey"
"100507513","grey"
"100507520","grey"
"100507521","grey"
"100507524","grey"
"100507527","grey"
"100507528","grey"
"100507530","grey"
"100507533","purple"
"100507534","yellow"
"100507537","grey"
"100507540","grey"
"100507547","blue"
"100507548","grey"
"100507554","grey"
"100507557","blue"
"100507560","turquoise"
"100507562","grey"
"100507564","turquoise"
"100507567","grey"
"100507577","grey"
"100507582","turquoise"
"100507584","grey"
"100507588","brown"
"100507589","grey"
"100507599","brown"
"100507600","grey"
"100507602","grey"
"100507605","grey"
"100507607","grey"
"100507608","grey"
"100507616","grey"
"100507629","grey"
"100507632","grey"
"100507633","grey"
"100507634","grey"
"100507639","grey"
"100507642","grey"
"100507650","grey"
"100507651","blue"
"100507656","grey"
"100507657","grey"
"100507661","grey"
"100507670","grey"
"100507674","grey"
"100507679","grey"
"100507747","grey"
"100507855","grey"
"100508120","grey"
"100508329","turquoise"
"100508408","green"
"100508631","grey"
"100508781","grey"
"100508782","turquoise"
"100509290","grey"
"100509303","grey"
"100509445","grey"
"100509457","red"
"100509490","grey"
"100509620","grey"
"100509764","brown"
"100509894","grey"
"10051","brown"
"100510707","grey"
"100510710","grey"
"10052","red"
"100526664","brown"
"100526693","blue"
"100526694","turquoise"
"100526737","green"
"100526739","brown"
"100526740","brown"
"100526760","turquoise"
"100526761","grey"
"100526767","grey"
"100526771","grey"
"100526772","grey"
"100526773","grey"
"100526783","grey"
"100526794","blue"
"100526820","pink"
"100526825","grey"
"100526830","grey"
"100526831","grey"
"100526832","blue"
"100526833","brown"
"100526835","grey"
"100526836","brown"
"100526837","turquoise"
"100526842","grey"
"100527943","grey"
"100527949","red"
"100527950","yellow"
"100527960","turquoise"
"100527963","green"
"100527964","grey"
"100527978","turquoise"
"100528007","grey"
"100528016","turquoise"
"100528017","grey"
"100528018","turquoise"
"100528019","blue"
"100528021","blue"
"100528022","green"
"100528030","brown"
"100528031","grey"
"100528032","blue"
"100528062","blue"
"100528064","yellow"
"100529063","green"
"100529067","green"
"100529097","blue"
"100529144","green"
"100529145","blue"
"100529207","black"
"100529209","brown"
"100529211","green"
"100529215","grey"
"100529239","grey"
"100529240","brown"
"100529241","grey"
"100529251","grey"
"100529257","yellow"
"100529261","pink"
"100529262","green"
"100529264","turquoise"
"100529855","grey"
"10053","brown"
"100532724","black"
"100532726","yellow"
"100532731","turquoise"
"100532732","green"
"100532735","green"
"100532736","brown"
"100532737","green"
"100532742","grey"
"100532746","green"
"100533105","brown"
"100533106","grey"
"100533107","grey"
"100533111","grey"
"100533177","grey"
"100533179","grey"
"100533181","blue"
"100533182","grey"
"100533183","grey"
"100533184","turquoise"
"100533195","grey"
"100533464","grey"
"100533467","grey"
"100533483","blue"
"100533496","greenyellow"
"100533789","grey"
"100533952","grey"
"100533955","grey"
"100533970","blue"
"100533975","turquoise"
"100533990","red"
"100533997","grey"
"100534012","green"
"100534589","grey"
"100534592","brown"
"100534593","grey"
"100534595","brown"
"100534599","grey"
"100534611","yellow"
"100534612","tan"
"10054","green"
"10055","brown"
"100551499","grey"
"10056","yellow"
"10057","brown"
"10058","turquoise"
"10059","blue"
"1006","blue"
"10060","turquoise"
"10061","turquoise"
"100616109","grey"
"100616110","grey"
"100616112","green"
"100616113","grey"
"100616114","turquoise"
"100616115","grey"
"100616116","grey"
"100616117","grey"
"100616118","grey"
"100616119","grey"
"100616120","grey"
"100616121","grey"
"100616122","grey"
"100616124","green"
"100616125","grey"
"100616126","grey"
"100616127","grey"
"100616128","grey"
"100616130","grey"
"100616132","grey"
"100616133","grey"
"100616134","grey"
"100616135","grey"
"100616138","grey"
"100616139","grey"
"100616140","grey"
"100616141","grey"
"100616142","grey"
"100616143","green"
"100616144","grey"
"100616145","grey"
"100616146","pink"
"100616147","grey"
"100616148","grey"
"100616149","grey"
"100616150","turquoise"
"100616151","grey"
"100616152","grey"
"100616153","grey"
"100616154","grey"
"100616155","grey"
"100616156","grey"
"100616157","grey"
"100616158","grey"
"100616159","grey"
"100616160","grey"
"100616161","grey"
"100616162","grey"
"100616163","grey"
"100616164","grey"
"100616167","grey"
"100616168","grey"
"100616169","grey"
"100616170","grey"
"100616172","grey"
"100616175","grey"
"100616177","grey"
"100616178","grey"
"100616179","grey"
"100616181","grey"
"100616182","grey"
"100616183","grey"
"100616184","grey"
"100616185","grey"
"100616187","grey"
"100616189","grey"
"100616192","grey"
"100616193","grey"
"100616194","grey"
"100616195","grey"
"100616196","grey"
"100616201","grey"
"100616203","grey"
"100616204","grey"
"100616207","grey"
"100616208","grey"
"100616209","grey"
"100616210","grey"
"100616211","blue"
"100616214","grey"
"100616216","grey"
"100616218","grey"
"100616219","grey"
"100616220","grey"
"100616222","grey"
"100616224","grey"
"100616227","grey"
"100616229","grey"
"100616230","grey"
"100616231","grey"
"100616233","grey"
"100616234","grey"
"100616236","grey"
"100616237","grey"
"100616238","grey"
"100616239","grey"
"100616240","grey"
"100616241","grey"
"100616242","grey"
"100616244","grey"
"100616245","grey"
"100616247","grey"
"100616248","salmon"
"100616249","grey"
"100616250","grey"
"100616253","grey"
"100616254","grey"
"100616256","turquoise"
"100616257","grey"
"100616258","grey"
"100616259","grey"
"100616260","grey"
"100616261","grey"
"100616262","grey"
"100616263","grey"
"100616265","grey"
"100616266","grey"
"100616267","grey"
"100616268","grey"
"100616269","grey"
"100616270","grey"
"100616271","grey"
"100616272","grey"
"100616273","grey"
"100616274","grey"
"100616277","grey"
"100616282","grey"
"100616283","grey"
"100616284","grey"
"100616285","grey"
"100616287","grey"
"100616288","grey"
"100616290","grey"
"100616292","grey"
"100616293","grey"
"100616294","grey"
"100616295","grey"
"100616296","grey"
"100616297","grey"
"100616299","grey"
"100616300","grey"
"100616301","grey"
"100616304","grey"
"100616306","grey"
"100616307","grey"
"100616308","grey"
"100616309","grey"
"100616311","grey"
"100616312","grey"
"100616313","grey"
"100616314","green"
"100616315","grey"
"100616316","grey"
"100616317","grey"
"100616318","grey"
"100616320","grey"
"100616321","grey"
"100616322","grey"
"100616323","grey"
"100616325","grey"
"100616326","grey"
"100616327","grey"
"100616328","grey"
"100616329","blue"
"100616330","grey"
"100616332","grey"
"100616334","grey"
"100616335","grey"
"100616337","grey"
"100616338","grey"
"100616340","grey"
"100616342","grey"
"100616343","grey"
"100616345","green"
"100616346","grey"
"100616347","grey"
"100616348","grey"
"100616349","grey"
"100616350","grey"
"100616352","grey"
"100616354","grey"
"100616355","grey"
"100616356","grey"
"100616358","grey"
"100616359","grey"
"100616360","grey"
"100616361","grey"
"100616362","grey"
"100616363","grey"
"100616364","grey"
"100616365","grey"
"100616366","grey"
"100616367","grey"
"100616368","grey"
"100616371","grey"
"100616372","grey"
"100616376","grey"
"100616377","grey"
"100616378","grey"
"100616379","grey"
"100616380","grey"
"100616383","grey"
"100616385","grey"
"100616386","grey"
"100616387","turquoise"
"100616388","grey"
"100616390","grey"
"100616391","grey"
"100616392","grey"
"100616393","turquoise"
"100616394","turquoise"
"100616396","grey"
"100616397","grey"
"100616398","grey"
"100616399","grey"
"100616400","turquoise"
"100616401","grey"
"100616402","grey"
"100616403","grey"
"100616404","grey"
"100616405","grey"
"100616406","grey"
"100616408","turquoise"
"100616409","grey"
"100616410","grey"
"100616413","grey"
"100616414","blue"
"100616415","grey"
"100616416","grey"
"100616417","grey"
"100616418","grey"
"100616419","grey"
"100616420","grey"
"100616421","grey"
"100616423","cyan"
"100616424","grey"
"100616425","grey"
"100616427","grey"
"100616428","grey"
"100616429","grey"
"100616430","grey"
"100616432","grey"
"100616434","grey"
"100616435","grey"
"100616436","grey"
"100616438","grey"
"100616439","grey"
"100616440","grey"
"100616441","grey"
"100616448","grey"
"100616449","grey"
"100616452","grey"
"100616453","turquoise"
"100616454","grey"
"100616456","grey"
"100616458","grey"
"100616459","grey"
"100616465","grey"
"100616466","grey"
"100616467","grey"
"100616468","grey"
"100616470","grey"
"100616471","grey"
"100616472","grey"
"100616474","grey"
"100616476","grey"
"100616477","grey"
"100616478","grey"
"100616479","grey"
"100616480","grey"
"100616481","grey"
"100616482","grey"
"100616483","grey"
"100616484","grey"
"100616485","grey"
"100616486","grey"
"100616487","brown"
"100616488","grey"
"100616489","grey"
"100616490","grey"
"100616491","grey"
"100616493","grey"
"100616494","grey"
"100616498","grey"
"100616500","turquoise"
"100616530","grey"
"100616668","grey"
"10062","green"
"100628307","grey"
"100628315","grey"
"100628560","grey"
"10063","turquoise"
"100630918","green"
"100630923","green"
"100631378","grey"
"100631383","grey"
"100652730","grey"
"100652736","green"
"100652739","grey"
"100652740","red"
"100652748","turquoise"
"100652749","grey"
"100652758","grey"
"100652759","turquoise"
"100652768","green"
"100652770","grey"
"100652772","turquoise"
"100652777","grey"
"100652781","grey"
"100652791","grey"
"100652807","grey"
"100652824","grey"
"100652846","grey"
"100652853","blue"
"100652856","grey"
"100652857","grey"
"100652865","grey"
"100652871","grey"
"100652883","grey"
"100652901","grey"
"100652909","grey"
"100652911","grey"
"100652929","grey"
"100652930","grey"
"100652988","grey"
"100652997","grey"
"100652999","brown"
"100653005","grey"
"100653049","grey"
"100653057","grey"
"100653061","grey"
"100653086","grey"
"100653133","grey"
"100653137","grey"
"100653149","grey"
"100653225","grey"
"100653233","grey"
"100653247","turquoise"
"100653251","grey"
"100653296","grey"
"100653515","grey"
"10066","blue"
"10067","green"
"10068","blue"
"100689074","grey"
"10069","yellow"
"1007","blue"
"10071","brown"
"10072","blue"
"10073","brown"
"10075","yellow"
"100750225","grey"
"100750246","turquoise"
"100750247","turquoise"
"100750325","grey"
"100750326","grey"
"10076","grey"
"10077","grey"
"100775104","grey"
"100775107","turquoise"
"10078","green"
"10079","blue"
"1008","blue"
"10081","grey"
"10082","turquoise"
"100820709","grey"
"100820829","grey"
"10083","grey"
"10084","brown"
"100846978","grey"
"100846991","grey"
"100846992","grey"
"100846993","grey"
"100846995","grey"
"100846997","grey"
"100847000","grey"
"100847003","grey"
"100847004","grey"
"100847007","grey"
"100847008","grey"
"100847009","grey"
"100847010","grey"
"100847012","grey"
"100847013","grey"
"100847015","grey"
"100847016","grey"
"100847017","grey"
"100847018","grey"
"100847019","grey"
"100847020","grey"
"100847021","grey"
"100847022","grey"
"100847023","grey"
"100847024","grey"
"100847025","grey"
"100847026","grey"
"100847028","grey"
"100847029","grey"
"100847030","grey"
"100847031","grey"
"100847032","grey"
"100847034","grey"
"100847035","grey"
"100847036","grey"
"100847037","grey"
"100847039","cyan"
"100847041","grey"
"100847042","turquoise"
"100847043","grey"
"100847044","grey"
"100847046","blue"
"100847048","grey"
"100847049","grey"
"100847050","grey"
"100847051","grey"
"100847052","grey"
"100847054","grey"
"100847055","grey"
"100847059","grey"
"100847063","grey"
"100847066","grey"
"100847067","grey"
"100847069","grey"
"100847070","pink"
"100847071","grey"
"100847072","grey"
"100847073","grey"
"100847074","grey"
"100847075","grey"
"100847076","grey"
"100847079","blue"
"100847080","grey"
"100847081","grey"
"100847083","grey"
"100847085","grey"
"100847086","grey"
"100847087","grey"
"100847088","grey"
"100847089","grey"
"100847090","grey"
"100847093","grey"
"10085","black"
"100852408","grey"
"100852409","grey"
"100852410","grey"
"100856811","grey"
"100859921","grey"
"100859930","green"
"10086","grey"
"100861402","blue"
"100861412","grey"
"100861437","grey"
"100861468","grey"
"100861504","grey"
"100861510","grey"
"100861514","black"
"100861518","green"
"100861519","grey"
"100861520","grey"
"100861523","grey"
"100861532","grey"
"100861540","grey"
"100861541","greenyellow"
"100861542","grey"
"100861548","brown"
"100861549","grey"
"100861550","grey"
"100861552","grey"
"100861553","cyan"
"100861554","grey"
"100861555","grey"
"100861573","grey"
"100862662","grey"
"100862671","blue"
"100862679","grey"
"100862680","yellow"
"100862692","grey"
"100862704","grey"
"100862728","grey"
"10087","blue"
"100873065","grey"
"100873165","grey"
"100873740","grey"
"100873741","grey"
"100873745","grey"
"100873746","grey"
"100873747","grey"
"100873748","grey"
"100873750","grey"
"100873753","grey"
"100873754","grey"
"100873755","grey"
"100873756","grey"
"100873757","grey"
"100873758","grey"
"100873759","grey"
"100873762","grey"
"100873765","grey"
"100873766","grey"
"100873768","grey"
"100873769","grey"
"100873773","grey"
"100873778","grey"
"100873780","grey"
"100873782","grey"
"100873856","grey"
"100873857","yellow"
"100873917","grey"
"100873920","grey"
"100873921","blue"
"100873922","grey"
"100873924","grey"
"100873930","grey"
"100873932","brown"
"100873933","grey"
"100873935","turquoise"
"100873937","grey"
"100873939","grey"
"100873940","grey"
"100873941","turquoise"
"100873942","brown"
"100873944","grey"
"100873945","turquoise"
"100873946","grey"
"100873947","green"
"100873948","grey"
"100873949","yellow"
"100873954","turquoise"
"100873955","grey"
"100873962","grey"
"100873964","grey"
"100873965","turquoise"
"100873969","grey"
"100873970","grey"
"100873972","grey"
"100873973","grey"
"100873974","grey"
"100873975","green"
"100873976","grey"
"100873977","grey"
"100873978","grey"
"100873979","grey"
"100873980","grey"
"100873982","grey"
"100873983","grey"
"100873984","grey"
"100873985","grey"
"100873986","grey"
"100873989","blue"
"100873990","grey"
"100873993","grey"
"100873997","grey"
"100873998","grey"
"100874002","grey"
"100874004","grey"
"100874006","turquoise"
"100874007","blue"
"100874010","grey"
"100874011","grey"
"100874012","grey"
"100874014","turquoise"
"100874016","grey"
"100874018","grey"
"100874019","grey"
"100874021","grey"
"100874027","grey"
"100874028","grey"
"100874029","brown"
"100874031","grey"
"100874032","grey"
"100874034","grey"
"100874035","grey"
"100874037","grey"
"100874038","grey"
"100874039","grey"
"100874041","grey"
"100874042","grey"
"100874043","grey"
"100874047","grey"
"100874048","brown"
"100874051","grey"
"100874052","grey"
"100874053","grey"
"100874054","grey"
"100874055","grey"
"100874056","grey"
"100874058","turquoise"
"100874059","grey"
"100874063","grey"
"100874064","grey"
"100874068","magenta"
"100874070","grey"
"100874071","turquoise"
"100874074","grey"
"100874078","grey"
"100874081","grey"
"100874082","grey"
"100874083","grey"
"100874084","grey"
"100874085","grey"
"100874086","grey"
"100874087","grey"
"100874088","grey"
"100874089","grey"
"100874090","brown"
"100874091","grey"
"100874092","grey"
"100874093","grey"
"100874094","grey"
"100874095","grey"
"100874096","grey"
"100874097","turquoise"
"100874100","grey"
"100874101","grey"
"100874102","grey"
"100874107","grey"
"100874110","grey"
"100874114","grey"
"100874115","grey"
"100874118","grey"
"100874120","grey"
"100874122","grey"
"100874123","grey"
"100874126","grey"
"100874127","grey"
"100874128","grey"
"100874130","grey"
"100874131","grey"
"100874133","grey"
"100874137","grey"
"100874139","grey"
"100874143","grey"
"100874147","grey"
"100874150","grey"
"100874151","grey"
"100874155","grey"
"100874157","grey"
"100874158","blue"
"100874159","grey"
"100874161","cyan"
"100874164","grey"
"100874167","grey"
"100874168","grey"
"100874173","grey"
"100874175","grey"
"100874178","grey"
"100874179","grey"
"100874182","grey"
"100874184","grey"
"100874185","grey"
"100874187","grey"
"100874188","grey"
"100874190","grey"
"100874194","grey"
"100874195","grey"
"100874196","grey"
"100874197","grey"
"100874198","yellow"
"100874200","grey"
"100874201","turquoise"
"100874203","grey"
"100874204","magenta"
"100874205","grey"
"100874206","grey"
"100874207","grey"
"100874208","grey"
"100874211","yellow"
"100874212","turquoise"
"100874214","grey"
"100874216","grey"
"100874218","grey"
"100874219","grey"
"100874222","green"
"100874226","grey"
"100874231","grey"
"100874234","grey"
"100874235","grey"
"100874236","grey"
"100874237","blue"
"100874239","grey"
"100874241","grey"
"100874242","grey"
"100874243","turquoise"
"100874244","grey"
"100874246","grey"
"100874249","grey"
"100874251","midnightblue"
"100874253","grey"
"100874255","grey"
"100874259","grey"
"100874261","red"
"100874264","grey"
"100874270","grey"
"100874273","grey"
"100874275","grey"
"100874278","yellow"
"100874281","grey"
"100874282","grey"
"100874286","grey"
"100874291","grey"
"100874295","grey"
"100874296","yellow"
"100874300","grey"
"100874309","grey"
"100874313","grey"
"100874322","grey"
"100874323","grey"
"100874325","grey"
"100874326","grey"
"100874330","grey"
"100874342","grey"
"100874343","turquoise"
"100874353","grey"
"100874355","grey"
"100874361","grey"
"100874362","grey"
"100874363","grey"
"100874364","grey"
"100874365","grey"
"100874366","grey"
"100874369","grey"
"100874370","grey"
"100874372","grey"
"100874374","grey"
"100874375","grey"
"100874377","grey"
"100874392","grey"
"100874433","grey"
"100874528","grey"
"100874530","grey"
"100874531","grey"
"100885775","grey"
"100885776","brown"
"100885777","grey"
"100885778","green"
"100885779","grey"
"100885780","grey"
"100885781","grey"
"100885782","grey"
"100885789","grey"
"100885795","grey"
"100885796","grey"
"100885798","grey"
"100885848","yellow"
"100885850","turquoise"
"100886964","grey"
"100887744","grey"
"100887750","pink"
"100887754","grey"
"100887755","grey"
"10089","green"
"1009","turquoise"
"10090","turquoise"
"100913187","grey"
"10092","black"
"10093","brown"
"10094","grey"
"10095","red"
"10096","blue"
"10097","blue"
"10098","yellow"
"10099","purple"
"100996246","brown"
"100996249","grey"
"100996251","grey"
"100996255","grey"
"100996259","turquoise"
"100996263","grey"
"100996266","grey"
"100996273","turquoise"
"100996274","grey"
"100996279","yellow"
"100996280","grey"
"100996286","grey"
"100996288","grey"
"100996290","grey"
"100996291","grey"
"100996294","grey"
"100996295","pink"
"100996301","grey"
"100996307","grey"
"100996316","grey"
"100996318","turquoise"
"100996324","grey"
"100996325","grey"
"100996335","grey"
"100996338","grey"
"100996342","brown"
"100996345","grey"
"100996348","yellow"
"100996349","grey"
"100996350","grey"
"100996351","grey"
"100996369","grey"
"100996379","grey"
"100996385","yellow"
"100996401","grey"
"100996404","grey"
"100996405","grey"
"100996412","turquoise"
"100996413","grey"
"100996414","grey"
"100996415","grey"
"100996419","grey"
"100996420","grey"
"100996425","grey"
"100996427","grey"
"100996428","grey"
"100996433","grey"
"100996437","grey"
"100996442","grey"
"100996447","yellow"
"100996455","grey"
"100996457","grey"
"100996465","grey"
"100996478","grey"
"100996482","grey"
"100996485","grey"
"100996490","grey"
"100996492","magenta"
"100996497","grey"
"100996506","turquoise"
"100996511","grey"
"100996517","grey"
"100996521","grey"
"100996535","turquoise"
"100996539","grey"
"100996541","grey"
"100996542","grey"
"100996549","grey"
"100996557","grey"
"100996567","grey"
"100996569","turquoise"
"100996570","grey"
"100996571","grey"
"100996573","tan"
"100996574","green"
"100996579","grey"
"100996582","grey"
"100996583","grey"
"100996588","brown"
"100996590","grey"
"100996598","grey"
"100996602","grey"
"100996609","grey"
"100996619","grey"
"100996630","grey"
"100996631","grey"
"100996634","grey"
"100996635","blue"
"100996637","grey"
"100996643","grey"
"100996645","blue"
"100996646","grey"
"100996648","grey"
"100996654","grey"
"100996660","grey"
"100996662","grey"
"100996663","grey"
"100996664","green"
"100996665","grey"
"100996668","grey"
"100996669","grey"
"100996671","grey"
"100996681","grey"
"100996693","grey"
"100996694","grey"
"100996695","grey"
"100996696","green"
"100996701","grey"
"100996702","grey"
"100996707","grey"
"100996709","grey"
"100996712","grey"
"100996713","grey"
"100996716","grey"
"100996717","grey"
"100996720","grey"
"100996721","grey"
"100996723","grey"
"100996724","turquoise"
"100996732","grey"
"100996735","grey"
"100996740","grey"
"100996741","grey"
"100996747","grey"
"100996756","grey"
"100996758","grey"
"100996760","grey"
"100996761","grey"
"100996763","grey"
"100996770","grey"
"100996782","grey"
"100996792","grey"
"100996805","grey"
"100996808","grey"
"100996809","red"
"100996813","grey"
"100996831","grey"
"100996842","green"
"100996843","green"
"100996846","red"
"100996862","grey"
"100996873","brown"
"100996876","grey"
"100996890","grey"
"100996902","grey"
"100996906","grey"
"100996909","grey"
"100996919","grey"
"100996924","grey"
"100996928","grey"
"100996939","grey"
"100996941","grey"
"101","blue"
"1010","blue"
"10100","turquoise"
"10101","green"
"10102","yellow"
"10103","grey"
"10105","grey"
"101054525","grey"
"101055625","grey"
"101059906","grey"
"101059914","grey"
"101059915","brown"
"101059918","turquoise"
"101059921","grey"
"101059935","grey"
"101059936","grey"
"101059938","grey"
"101059948","grey"
"101059949","grey"
"101059953","grey"
"101059954","grey"
"101059976","grey"
"10106","yellow"
"101060004","grey"
"101060017","grey"
"101060019","grey"
"101060024","grey"
"101060026","grey"
"101060032","grey"
"101060038","grey"
"101060060","grey"
"101060085","grey"
"101060091","grey"
"101060097","grey"
"101060106","grey"
"101060128","grey"
"101060141","grey"
"101060146","grey"
"101060153","grey"
"101060157","grey"
"101060171","grey"
"101060179","grey"
"101060181","turquoise"
"101060183","grey"
"101060187","grey"
"101060195","grey"
"101060200","turquoise"
"101060212","grey"
"101060216","grey"
"101060226","grey"
"101060233","grey"
"101060254","grey"
"101060256","grey"
"101060264","grey"
"101060275","grey"
"101060321","grey"
"101060322","turquoise"
"101060328","grey"
"101060341","grey"
"101060351","grey"
"101060363","grey"
"101060373","brown"
"101060376","grey"
"101060385","grey"
"101060386","grey"
"101060389","grey"
"101060391","grey"
"101060398","grey"
"101060399","yellow"
"101060400","grey"
"101060405","brown"
"101060423","grey"
"101060424","grey"
"101060429","turquoise"
"101060442","grey"
"101060443","turquoise"
"101060458","grey"
"101060464","grey"
"101060494","grey"
"101060498","grey"
"101060510","blue"
"101060521","turquoise"
"101060524","grey"
"101060542","grey"
"101060544","grey"
"101060553","grey"
"101060569","grey"
"101060578","grey"
"101060581","grey"
"101060596","grey"
"101060602","blue"
"101060604","turquoise"
"101060609","grey"
"101060626","grey"
"101060632","grey"
"101060670","grey"
"101060684","grey"
"101060691","grey"
"101060747","grey"
"101060770","grey"
"101060789","red"
"101060792","grey"
"101060810","brown"
"101060817","grey"
"101060825","grey"
"101060846","grey"
"101060861","grey"
"101060866","grey"
"10107","grey"
"10109","grey"
"10110","black"
"101101772","grey"
"101101773","pink"
"101101775","grey"
"101101776","grey"
"10111","turquoise"
"10112","turquoise"
"10113","blue"
"10114","turquoise"
"101154687","grey"
"101154753","red"
"10116","blue"
"10117","grey"
"101180901","grey"
"101180976","grey"
"1012","blue"
"10120","brown"
"10121","turquoise"
"10123","yellow"
"10124","blue"
"101241891","grey"
"101241892","green"
"101241902","grey"
"101243544","turquoise"
"101243545","grey"
"101243555","grey"
"10125","blue"
"10126","brown"
"10127","grey"
"10128","blue"
"10129","green"
"1013","grey"
"10130","greenyellow"
"10131","brown"
"10133","grey"
"10134","brown"
"101340251","grey"
"101340252","grey"
"10135","red"
"10136","grey"
"10137","turquoise"
"10138","blue"
"10139","green"
"1014","grey"
"10140","brown"
"101409253","grey"
"101409254","grey"
"101409256","turquoise"
"101409257","turquoise"
"101409258","grey"
"101409261","grey"
"10141","grey"
"101410533","turquoise"
"101410534","yellow"
"101410535","grey"
"101410536","grey"
"101410537","grey"
"101410538","brown"
"101410540","grey"
"101410541","grey"
"101410542","blue"
"101410543","grey"
"101410544","grey"
"101410545","grey"
"10142","green"
"10143","grey"
"10144","blue"
"101447996","grey"
"101448202","grey"
"10146","turquoise"
"10147","yellow"
"10148","red"
"10149","grey"
"1015","grey"
"10150","turquoise"
"10151","grey"
"101515984","grey"
"10152","blue"
"10153","grey"
"10154","blue"
"10155","green"
"101559451","grey"
"10156","grey"
"10157","grey"
"10158","grey"
"10159","blue"
"101593348","grey"
"1016","yellow"
"10160","grey"
"10161","red"
"10162","grey"
"10163","yellow"
"10164","grey"
"10165","pink"
"10166","grey"
"101669762","yellow"
"101669764","grey"
"101669766","grey"
"101669767","grey"
"10168","turquoise"
"10169","green"
"1017","red"
"10170","red"
"10171","grey"
"10172","grey"
"101730217","red"
"101735302","grey"
"10174","blue"
"10175","blue"
"101752334","grey"
"101752399","blue"
"101752400","blue"
"10178","blue"
"10179","turquoise"
"1018","blue"
"10180","blue"
"101805488","grey"
"101805489","grey"
"101805491","grey"
"101805492","grey"
"10181","black"
"10184","red"
"10186","turquoise"
"101867536","grey"
"10188","brown"
"10189","green"
"1019","green"
"10190","blue"
"101926886","grey"
"101926887","black"
"101926888","grey"
"101926889","grey"
"101926890","grey"
"101926892","grey"
"101926893","grey"
"101926894","grey"
"101926895","brown"
"101926896","brown"
"101926897","grey"
"101926898","grey"
"101926899","grey"
"101926900","grey"
"101926901","grey"
"101926902","grey"
"101926903","grey"
"101926904","grey"
"101926905","grey"
"101926906","grey"
"101926907","blue"
"101926908","grey"
"101926909","grey"
"101926911","grey"
"101926912","grey"
"101926913","grey"
"101926915","grey"
"101926916","grey"
"101926917","yellow"
"101926918","grey"
"101926920","grey"
"101926921","grey"
"101926922","grey"
"101926923","grey"
"101926924","grey"
"101926925","grey"
"101926926","grey"
"101926928","grey"
"101926929","grey"
"101926930","grey"
"101926931","grey"
"101926933","grey"
"101926934","grey"
"101926935","grey"
"101926936","grey"
"101926937","grey"
"101926940","grey"
"101926941","grey"
"101926942","grey"
"101926943","turquoise"
"101926944","grey"
"101926947","grey"
"101926948","grey"
"101926950","grey"
"101926951","grey"
"101926952","grey"
"101926953","grey"
"101926955","grey"
"101926956","grey"
"101926957","grey"
"101926959","grey"
"101926960","grey"
"101926961","grey"
"101926962","grey"
"101926963","red"
"101926964","grey"
"101926965","grey"
"101926966","grey"
"101926967","grey"
"101926968","grey"
"101926969","grey"
"101926971","brown"
"101926972","grey"
"101926974","grey"
"101926975","grey"
"101926977","grey"
"101926978","grey"
"101926980","greenyellow"
"101926982","grey"
"101926983","grey"
"101926985","grey"
"101926987","grey"
"101926989","grey"
"101926994","grey"
"101926996","brown"
"101926997","grey"
"101926998","grey"
"101926999","grey"
"101927000","grey"
"101927002","grey"
"101927003","grey"
"101927007","grey"
"101927008","grey"
"101927009","grey"
"101927010","grey"
"101927011","grey"
"101927012","grey"
"101927013","grey"
"101927015","grey"
"101927017","grey"
"101927018","grey"
"101927019","green"
"101927020","grey"
"101927021","grey"
"101927022","grey"
"101927023","grey"
"101927024","grey"
"101927025","grey"
"101927026","grey"
"101927027","turquoise"
"101927028","grey"
"101927029","grey"
"101927030","grey"
"101927031","turquoise"
"101927032","turquoise"
"101927034","grey"
"101927035","yellow"
"101927037","grey"
"101927038","grey"
"101927039","grey"
"101927040","grey"
"101927041","grey"
"101927042","grey"
"101927043","yellow"
"101927044","grey"
"101927045","grey"
"101927046","grey"
"101927048","grey"
"101927049","grey"
"101927051","red"
"101927052","grey"
"101927053","grey"
"101927054","grey"
"101927055","grey"
"101927056","grey"
"101927057","grey"
"101927059","grey"
"101927060","grey"
"101927062","grey"
"101927063","grey"
"101927065","grey"
"101927066","blue"
"101927067","grey"
"101927069","grey"
"101927070","grey"
"101927071","grey"
"101927072","grey"
"101927073","grey"
"101927074","grey"
"101927075","grey"
"101927078","grey"
"101927079","grey"
"101927080","grey"
"101927081","grey"
"101927082","grey"
"101927084","greenyellow"
"101927085","grey"
"101927086","green"
"101927087","grey"
"101927088","grey"
"101927089","blue"
"101927091","grey"
"101927093","grey"
"101927094","grey"
"101927095","grey"
"101927096","brown"
"101927098","grey"
"101927100","grey"
"101927102","blue"
"101927103","grey"
"101927104","turquoise"
"101927105","grey"
"101927108","grey"
"101927110","grey"
"101927111","grey"
"101927112","grey"
"101927115","turquoise"
"101927116","grey"
"101927117","turquoise"
"101927118","grey"
"101927119","black"
"101927120","grey"
"101927121","grey"
"101927122","grey"
"101927123","grey"
"101927124","brown"
"101927125","grey"
"101927126","grey"
"101927127","grey"
"101927129","grey"
"101927131","grey"
"101927132","grey"
"101927133","grey"
"101927134","grey"
"101927135","grey"
"101927136","grey"
"101927137","grey"
"101927138","grey"
"101927139","grey"
"101927141","grey"
"101927142","grey"
"101927143","grey"
"101927144","brown"
"101927145","grey"
"101927147","grey"
"101927149","grey"
"101927150","grey"
"101927151","tan"
"101927152","grey"
"101927153","grey"
"101927154","grey"
"101927155","grey"
"101927156","grey"
"101927157","grey"
"101927159","grey"
"101927160","grey"
"101927161","grey"
"101927163","green"
"101927164","green"
"101927165","grey"
"101927166","grey"
"101927167","red"
"101927168","grey"
"101927169","grey"
"101927170","yellow"
"101927171","grey"
"101927174","grey"
"101927175","grey"
"101927176","grey"
"101927178","black"
"101927179","turquoise"
"101927180","yellow"
"101927181","grey"
"101927182","grey"
"101927183","yellow"
"101927184","grey"
"101927185","grey"
"101927186","grey"
"101927187","turquoise"
"101927188","grey"
"101927189","grey"
"101927190","grey"
"101927191","grey"
"101927192","grey"
"101927193","turquoise"
"101927195","grey"
"101927196","grey"
"101927198","grey"
"101927199","grey"
"101927200","grey"
"101927201","grey"
"101927202","grey"
"101927204","brown"
"101927205","grey"
"101927206","grey"
"101927207","grey"
"101927208","grey"
"101927209","grey"
"101927210","grey"
"101927211","grey"
"101927212","grey"
"101927213","grey"
"101927215","grey"
"101927216","grey"
"101927217","grey"
"101927220","grey"
"101927221","turquoise"
"101927224","grey"
"101927225","grey"
"101927226","grey"
"101927227","grey"
"101927228","grey"
"101927229","grey"
"101927230","grey"
"101927232","grey"
"101927233","black"
"101927234","grey"
"101927235","grey"
"101927237","grey"
"101927238","grey"
"101927239","grey"
"101927241","grey"
"101927242","grey"
"101927243","grey"
"101927244","grey"
"101927245","grey"
"101927247","grey"
"101927248","grey"
"101927249","tan"
"101927250","grey"
"101927252","grey"
"101927253","grey"
"101927254","yellow"
"101927255","grey"
"101927256","red"
"101927257","grey"
"101927258","grey"
"101927259","grey"
"101927260","grey"
"101927262","grey"
"101927263","grey"
"101927266","brown"
"101927267","grey"
"101927268","grey"
"101927269","grey"
"101927270","grey"
"101927271","grey"
"101927272","blue"
"101927273","grey"
"101927274","grey"
"101927275","grey"
"101927276","turquoise"
"101927277","grey"
"101927278","grey"
"101927279","grey"
"101927280","grey"
"101927281","blue"
"101927282","grey"
"101927283","grey"
"101927284","grey"
"101927285","blue"
"101927286","blue"
"101927287","grey"
"101927288","turquoise"
"101927289","grey"
"101927291","grey"
"101927292","grey"
"101927293","grey"
"101927295","grey"
"101927296","grey"
"101927297","grey"
"101927300","grey"
"101927301","grey"
"101927304","grey"
"101927305","grey"
"101927306","grey"
"101927308","grey"
"101927310","grey"
"101927311","turquoise"
"101927313","grey"
"101927314","grey"
"101927318","grey"
"101927319","grey"
"101927320","blue"
"101927321","grey"
"101927322","grey"
"101927323","grey"
"101927324","grey"
"101927325","grey"
"101927326","green"
"101927328","grey"
"101927329","grey"
"101927330","grey"
"101927331","grey"
"101927332","grey"
"101927333","grey"
"101927334","grey"
"101927335","grey"
"101927337","grey"
"101927338","grey"
"101927339","grey"
"101927340","grey"
"101927341","grey"
"101927342","grey"
"101927344","grey"
"101927345","grey"
"101927346","grey"
"101927347","grey"
"101927348","grey"
"101927350","grey"
"101927351","grey"
"101927352","grey"
"101927353","grey"
"101927354","grey"
"101927355","grey"
"101927356","grey"
"101927357","grey"
"101927358","grey"
"101927359","black"
"101927360","grey"
"101927361","grey"
"101927362","grey"
"101927363","cyan"
"101927364","grey"
"101927365","turquoise"
"101927366","grey"
"101927367","grey"
"101927369","grey"
"101927371","grey"
"101927372","grey"
"101927374","blue"
"101927375","grey"
"101927376","grey"
"101927377","green"
"101927378","grey"
"101927379","grey"
"101927380","turquoise"
"101927381","grey"
"101927382","grey"
"101927383","grey"
"101927385","grey"
"101927386","grey"
"101927387","grey"
"101927388","grey"
"101927389","grey"
"101927391","grey"
"101927392","grey"
"101927393","turquoise"
"101927394","grey"
"101927395","grey"
"101927396","grey"
"101927397","grey"
"101927398","grey"
"101927400","grey"
"101927401","blue"
"101927402","blue"
"101927403","grey"
"101927405","grey"
"101927406","yellow"
"101927407","grey"
"101927409","blue"
"101927410","grey"
"101927411","grey"
"101927412","grey"
"101927413","grey"
"101927414","grey"
"101927415","grey"
"101927416","grey"
"101927417","grey"
"101927418","grey"
"101927419","grey"
"101927420","grey"
"101927421","grey"
"101927422","grey"
"101927423","brown"
"101927424","grey"
"101927426","grey"
"101927430","grey"
"101927431","grey"
"101927432","yellow"
"101927434","grey"
"101927435","grey"
"101927436","grey"
"101927437","grey"
"101927438","grey"
"101927439","grey"
"101927440","grey"
"101927441","grey"
"101927442","grey"
"101927445","grey"
"101927446","grey"
"101927447","grey"
"101927448","grey"
"101927449","grey"
"101927450","grey"
"101927451","grey"
"101927452","grey"
"101927454","grey"
"101927455","yellow"
"101927457","grey"
"101927458","blue"
"101927459","black"
"101927460","grey"
"101927461","grey"
"101927464","grey"
"101927465","grey"
"101927466","grey"
"101927467","grey"
"101927468","grey"
"101927469","grey"
"101927471","grey"
"101927472","grey"
"101927473","grey"
"101927474","grey"
"101927476","grey"
"101927477","grey"
"101927478","grey"
"101927479","grey"
"101927481","grey"
"101927482","grey"
"101927483","grey"
"101927484","grey"
"101927486","grey"
"101927487","grey"
"101927488","grey"
"101927489","grey"
"101927490","grey"
"101927491","grey"
"101927492","brown"
"101927493","grey"
"101927494","grey"
"101927495","grey"
"101927496","grey"
"101927497","grey"
"101927498","yellow"
"101927499","grey"
"101927501","grey"
"101927502","grey"
"101927503","grey"
"101927504","grey"
"101927505","grey"
"101927506","grey"
"101927507","grey"
"101927508","grey"
"101927509","turquoise"
"101927510","grey"
"101927511","grey"
"101927512","grey"
"101927513","grey"
"101927514","grey"
"101927518","grey"
"101927520","grey"
"101927521","grey"
"101927522","grey"
"101927523","grey"
"101927524","grey"
"101927525","grey"
"101927526","grey"
"101927528","grey"
"101927529","grey"
"101927531","brown"
"101927532","blue"
"101927533","grey"
"101927534","grey"
"101927536","grey"
"101927537","grey"
"101927538","grey"
"101927539","grey"
"101927541","grey"
"101927542","grey"
"101927543","grey"
"101927544","grey"
"101927546","grey"
"101927547","grey"
"101927548","grey"
"101927549","grey"
"101927550","brown"
"101927551","grey"
"101927552","grey"
"101927554","yellow"
"101927556","grey"
"101927557","grey"
"101927558","grey"
"101927559","grey"
"101927560","grey"
"101927561","grey"
"101927562","brown"
"101927565","grey"
"101927566","grey"
"101927567","grey"
"101927568","grey"
"101927571","grey"
"101927572","green"
"101927573","grey"
"101927574","grey"
"101927575","grey"
"101927576","grey"
"101927577","grey"
"101927578","grey"
"101927579","grey"
"101927580","grey"
"101927581","grey"
"101927582","grey"
"101927583","grey"
"101927585","blue"
"101927586","grey"
"101927587","grey"
"101927588","grey"
"101927589","grey"
"101927590","yellow"
"101927591","grey"
"101927592","grey"
"101927594","grey"
"101927595","grey"
"101927596","grey"
"101927597","grey"
"101927598","grey"
"101927599","grey"
"101927600","grey"
"101927602","grey"
"101927603","green"
"101927604","grey"
"101927605","grey"
"101927606","grey"
"101927608","grey"
"101927609","grey"
"101927610","grey"
"101927611","grey"
"101927612","grey"
"101927613","grey"
"101927614","turquoise"
"101927615","grey"
"101927616","grey"
"101927617","green"
"101927619","blue"
"101927620","grey"
"101927621","grey"
"101927623","grey"
"101927624","grey"
"101927627","grey"
"101927628","grey"
"101927630","grey"
"101927631","grey"
"101927632","grey"
"101927633","grey"
"101927634","grey"
"101927635","grey"
"101927636","grey"
"101927637","grey"
"101927640","grey"
"101927641","pink"
"101927642","grey"
"101927644","grey"
"101927645","grey"
"101927646","yellow"
"101927647","grey"
"101927650","grey"
"101927651","grey"
"101927652","grey"
"101927653","grey"
"101927655","green"
"101927656","grey"
"101927657","grey"
"101927659","grey"
"101927660","grey"
"101927661","grey"
"101927662","grey"
"101927663","turquoise"
"101927664","grey"
"101927665","grey"
"101927666","grey"
"101927667","grey"
"101927668","grey"
"101927670","grey"
"101927671","grey"
"101927673","grey"
"101927674","grey"
"101927675","grey"
"101927676","grey"
"101927678","grey"
"101927680","brown"
"101927681","yellow"
"101927682","grey"
"101927683","grey"
"101927684","grey"
"101927685","grey"
"101927686","grey"
"101927687","grey"
"101927688","pink"
"101927690","grey"
"101927691","grey"
"101927692","grey"
"101927693","grey"
"101927694","grey"
"101927695","grey"
"101927696","grey"
"101927697","grey"
"101927698","grey"
"101927699","grey"
"101927700","grey"
"101927701","grey"
"101927702","grey"
"101927703","grey"
"101927704","grey"
"101927705","grey"
"101927708","grey"
"101927709","grey"
"101927710","grey"
"101927711","grey"
"101927712","grey"
"101927713","grey"
"101927715","grey"
"101927718","grey"
"101927719","grey"
"101927720","grey"
"101927721","grey"
"101927722","grey"
"101927723","grey"
"101927724","grey"
"101927725","grey"
"101927726","grey"
"101927727","grey"
"101927728","yellow"
"101927729","grey"
"101927730","turquoise"
"101927732","grey"
"101927733","grey"
"101927734","grey"
"101927735","blue"
"101927736","grey"
"101927737","grey"
"101927738","grey"
"101927740","grey"
"101927741","black"
"101927744","grey"
"101927745","blue"
"101927746","grey"
"101927748","grey"
"101927749","grey"
"101927750","grey"
"101927751","blue"
"101927752","magenta"
"101927754","grey"
"101927755","grey"
"101927756","grey"
"101927757","grey"
"101927759","brown"
"101927760","grey"
"101927761","turquoise"
"101927762","grey"
"101927763","grey"
"101927764","grey"
"101927765","turquoise"
"101927766","grey"
"101927767","grey"
"101927768","black"
"101927769","grey"
"101927770","brown"
"101927772","grey"
"101927773","grey"
"101927774","grey"
"101927775","grey"
"101927777","blue"
"101927779","grey"
"101927780","grey"
"101927783","grey"
"101927786","grey"
"101927787","grey"
"101927788","grey"
"101927789","blue"
"101927790","grey"
"101927792","grey"
"101927793","grey"
"101927794","black"
"101927795","turquoise"
"101927796","grey"
"101927797","grey"
"101927798","grey"
"101927799","grey"
"101927800","grey"
"101927801","grey"
"101927802","grey"
"101927803","turquoise"
"101927804","grey"
"101927805","blue"
"101927806","grey"
"101927807","grey"
"101927808","grey"
"101927809","green"
"101927810","grey"
"101927811","grey"
"101927813","grey"
"101927814","grey"
"101927815","grey"
"101927816","grey"
"101927817","grey"
"101927818","grey"
"101927820","green"
"101927821","grey"
"101927822","grey"
"101927823","grey"
"101927824","brown"
"101927825","grey"
"101927826","blue"
"101927828","grey"
"101927829","grey"
"101927830","grey"
"101927831","grey"
"101927832","yellow"
"101927834","grey"
"101927835","grey"
"101927836","grey"
"101927837","grey"
"101927838","grey"
"101927839","grey"
"101927840","grey"
"101927841","yellow"
"101927842","grey"
"101927843","grey"
"101927844","grey"
"101927845","grey"
"101927846","grey"
"101927847","grey"
"101927848","grey"
"101927849","grey"
"101927850","yellow"
"101927851","grey"
"101927852","grey"
"101927853","grey"
"101927854","grey"
"101927855","grey"
"101927856","grey"
"101927857","grey"
"101927858","grey"
"101927861","grey"
"101927862","grey"
"101927863","grey"
"101927864","grey"
"101927865","grey"
"101927866","grey"
"101927868","grey"
"101927869","grey"
"101927870","grey"
"101927871","blue"
"101927872","grey"
"101927873","grey"
"101927874","grey"
"101927875","grey"
"101927876","grey"
"101927877","grey"
"101927878","grey"
"101927879","grey"
"101927880","grey"
"101927881","grey"
"101927882","grey"
"101927884","grey"
"101927885","grey"
"101927886","turquoise"
"101927888","grey"
"101927889","grey"
"101927890","grey"
"101927891","grey"
"101927894","grey"
"101927895","grey"
"101927896","grey"
"101927897","grey"
"101927898","grey"
"101927899","grey"
"101927900","grey"
"101927901","grey"
"101927902","grey"
"101927903","grey"
"101927904","grey"
"101927905","grey"
"101927906","grey"
"101927907","grey"
"101927908","grey"
"101927909","grey"
"101927910","grey"
"101927911","blue"
"101927913","grey"
"101927914","grey"
"101927916","grey"
"101927917","grey"
"101927918","grey"
"101927919","grey"
"101927921","grey"
"101927922","grey"
"101927924","grey"
"101927926","grey"
"101927929","grey"
"101927930","brown"
"101927931","red"
"101927932","grey"
"101927933","turquoise"
"101927934","grey"
"101927935","grey"
"101927936","grey"
"101927940","grey"
"101927941","grey"
"101927942","grey"
"101927943","brown"
"101927944","grey"
"101927946","grey"
"101927947","grey"
"101927948","grey"
"101927949","grey"
"101927950","grey"
"101927952","grey"
"101927953","grey"
"101927954","red"
"101927955","grey"
"101927956","grey"
"101927957","grey"
"101927958","grey"
"101927959","grey"
"101927960","grey"
"101927961","grey"
"101927962","grey"
"101927963","grey"
"101927964","grey"
"101927967","grey"
"101927969","blue"
"101927971","grey"
"101927972","grey"
"101927973","grey"
"101927974","grey"
"101927975","grey"
"101927978","grey"
"101927979","grey"
"101927980","grey"
"101927981","grey"
"101927982","grey"
"101927983","turquoise"
"101927986","grey"
"101927987","grey"
"101927988","cyan"
"101927989","grey"
"101927990","grey"
"101927991","grey"
"101927992","grey"
"101927993","grey"
"101927994","grey"
"101927995","grey"
"101927998","grey"
"101927999","grey"
"101928000","turquoise"
"101928001","grey"
"101928002","grey"
"101928004","grey"
"101928005","turquoise"
"101928006","grey"
"101928007","grey"
"101928008","grey"
"101928009","grey"
"101928011","grey"
"101928012","grey"
"101928014","grey"
"101928015","grey"
"101928017","brown"
"101928019","grey"
"101928020","grey"
"101928021","grey"
"101928022","grey"
"101928025","grey"
"101928026","grey"
"101928027","grey"
"101928028","grey"
"101928030","grey"
"101928031","grey"
"101928032","grey"
"101928033","grey"
"101928034","grey"
"101928035","grey"
"101928036","grey"
"101928037","grey"
"101928038","grey"
"101928039","grey"
"101928042","grey"
"101928043","grey"
"101928044","grey"
"101928045","grey"
"101928046","grey"
"101928047","grey"
"101928048","grey"
"101928049","grey"
"101928051","grey"
"101928052","grey"
"101928053","turquoise"
"101928054","brown"
"101928055","grey"
"101928056","grey"
"101928057","grey"
"101928058","grey"
"101928059","grey"
"101928061","turquoise"
"101928062","green"
"101928063","grey"
"101928066","grey"
"101928067","grey"
"101928068","greenyellow"
"101928069","grey"
"101928070","grey"
"101928072","grey"
"101928075","grey"
"101928076","grey"
"101928077","grey"
"101928079","grey"
"101928080","grey"
"101928081","grey"
"101928082","grey"
"101928083","grey"
"101928084","grey"
"101928085","grey"
"101928087","grey"
"101928089","grey"
"101928090","grey"
"101928092","grey"
"101928093","grey"
"101928096","grey"
"101928098","grey"
"101928099","grey"
"101928100","yellow"
"101928101","grey"
"101928102","grey"
"101928103","grey"
"101928104","grey"
"101928105","grey"
"101928106","grey"
"101928107","grey"
"101928108","grey"
"101928109","grey"
"101928110","grey"
"101928111","green"
"101928113","grey"
"101928114","grey"
"101928115","grey"
"101928117","grey"
"101928118","grey"
"101928119","grey"
"101928120","green"
"101928121","grey"
"101928122","grey"
"101928123","purple"
"101928124","grey"
"101928126","grey"
"101928128","grey"
"101928129","grey"
"101928130","grey"
"101928131","grey"
"101928132","grey"
"101928134","grey"
"101928135","grey"
"101928136","grey"
"101928137","grey"
"101928139","grey"
"101928140","turquoise"
"101928141","grey"
"101928142","grey"
"101928143","grey"
"101928144","grey"
"101928146","grey"
"101928149","grey"
"101928150","grey"
"101928151","grey"
"101928152","grey"
"101928153","grey"
"101928154","grey"
"101928156","grey"
"101928157","grey"
"101928158","grey"
"101928160","grey"
"101928161","turquoise"
"101928162","grey"
"101928163","grey"
"101928165","grey"
"101928166","grey"
"101928167","grey"
"101928168","grey"
"101928169","grey"
"101928170","turquoise"
"101928171","grey"
"101928172","grey"
"101928173","grey"
"101928174","blue"
"101928175","grey"
"101928176","grey"
"101928177","yellow"
"101928178","grey"
"101928180","grey"
"101928182","grey"
"101928185","grey"
"101928186","grey"
"101928188","grey"
"101928189","turquoise"
"101928191","grey"
"101928192","black"
"101928193","grey"
"101928195","grey"
"101928196","grey"
"101928197","grey"
"101928199","grey"
"101928200","grey"
"101928201","grey"
"101928202","grey"
"101928203","grey"
"101928205","magenta"
"101928206","grey"
"101928207","grey"
"101928208","grey"
"101928211","grey"
"101928212","grey"
"101928214","grey"
"101928215","grey"
"101928216","yellow"
"101928217","grey"
"101928219","grey"
"101928220","turquoise"
"101928221","grey"
"101928222","grey"
"101928223","grey"
"101928225","grey"
"101928226","grey"
"101928227","grey"
"101928228","grey"
"101928230","grey"
"101928231","grey"
"101928232","grey"
"101928233","grey"
"101928234","grey"
"101928235","grey"
"101928236","grey"
"101928237","grey"
"101928238","green"
"101928239","grey"
"101928240","grey"
"101928241","grey"
"101928243","turquoise"
"101928244","grey"
"101928245","grey"
"101928246","grey"
"101928247","grey"
"101928248","grey"
"101928249","black"
"101928250","grey"
"101928251","blue"
"101928253","grey"
"101928254","grey"
"101928255","grey"
"101928257","grey"
"101928258","grey"
"101928259","grey"
"101928261","grey"
"101928262","grey"
"101928263","grey"
"101928264","grey"
"101928266","grey"
"101928268","grey"
"101928269","grey"
"101928270","grey"
"101928271","grey"
"101928272","grey"
"101928273","grey"
"101928274","grey"
"101928275","grey"
"101928276","grey"
"101928277","grey"
"101928278","grey"
"101928279","grey"
"101928280","grey"
"101928281","grey"
"101928282","grey"
"101928283","grey"
"101928284","grey"
"101928285","grey"
"101928286","grey"
"101928287","grey"
"101928288","grey"
"101928289","grey"
"101928290","grey"
"101928291","grey"
"101928292","grey"
"101928295","grey"
"101928298","grey"
"101928300","yellow"
"101928303","turquoise"
"101928304","pink"
"101928306","grey"
"101928307","grey"
"101928309","grey"
"101928310","grey"
"101928311","grey"
"101928312","grey"
"101928314","grey"
"101928316","grey"
"101928317","red"
"101928318","grey"
"101928319","turquoise"
"101928322","yellow"
"101928323","grey"
"101928324","grey"
"101928325","grey"
"101928326","grey"
"101928327","grey"
"101928329","grey"
"101928330","grey"
"101928331","grey"
"101928333","cyan"
"101928334","grey"
"101928335","yellow"
"101928336","grey"
"101928337","grey"
"101928338","grey"
"101928339","grey"
"101928340","grey"
"101928342","grey"
"101928343","grey"
"101928344","grey"
"101928345","grey"
"101928346","grey"
"101928347","grey"
"101928349","brown"
"101928350","grey"
"101928351","grey"
"101928352","grey"
"101928353","grey"
"101928354","grey"
"101928355","green"
"101928356","grey"
"101928357","grey"
"101928358","brown"
"101928359","grey"
"101928360","turquoise"
"101928361","grey"
"101928362","grey"
"101928363","grey"
"101928367","grey"
"101928368","grey"
"101928369","grey"
"101928370","grey"
"101928371","turquoise"
"101928372","grey"
"101928373","grey"
"101928374","grey"
"101928375","grey"
"101928376","yellow"
"101928377","blue"
"101928378","green"
"101928380","grey"
"101928381","grey"
"101928382","grey"
"101928383","grey"
"101928384","grey"
"101928385","grey"
"101928386","salmon"
"101928387","grey"
"101928388","grey"
"101928389","grey"
"101928391","grey"
"101928393","grey"
"101928394","grey"
"101928395","grey"
"101928397","grey"
"101928398","grey"
"101928399","grey"
"101928401","grey"
"101928402","turquoise"
"101928403","grey"
"101928404","grey"
"101928405","grey"
"101928406","grey"
"101928407","grey"
"101928408","grey"
"101928409","grey"
"101928412","grey"
"101928413","grey"
"101928414","grey"
"101928415","grey"
"101928416","yellow"
"101928417","grey"
"101928418","grey"
"101928419","grey"
"101928420","grey"
"101928421","grey"
"101928422","grey"
"101928423","grey"
"101928424","grey"
"101928426","grey"
"101928427","grey"
"101928429","grey"
"101928430","grey"
"101928431","grey"
"101928432","brown"
"101928433","black"
"101928434","grey"
"101928435","grey"
"101928436","blue"
"101928437","grey"
"101928438","grey"
"101928439","grey"
"101928440","grey"
"101928441","blue"
"101928442","grey"
"101928443","grey"
"101928445","grey"
"101928446","grey"
"101928447","grey"
"101928448","grey"
"101928449","grey"
"101928450","grey"
"101928451","brown"
"101928453","yellow"
"101928455","grey"
"101928457","grey"
"101928458","grey"
"101928459","grey"
"101928460","grey"
"101928461","green"
"101928462","grey"
"101928463","grey"
"101928464","grey"
"101928465","grey"
"101928466","grey"
"101928469","grey"
"101928470","blue"
"101928471","grey"
"101928472","turquoise"
"101928473","grey"
"101928474","grey"
"101928476","grey"
"101928477","grey"
"101928478","grey"
"101928482","grey"
"101928483","grey"
"101928484","grey"
"101928485","grey"
"101928486","grey"
"101928487","grey"
"101928489","grey"
"101928491","grey"
"101928492","grey"
"101928496","grey"
"101928498","greenyellow"
"101928499","grey"
"101928502","grey"
"101928504","grey"
"101928505","blue"
"101928506","turquoise"
"101928509","grey"
"101928510","grey"
"101928512","grey"
"101928513","blue"
"101928514","grey"
"101928516","grey"
"101928517","red"
"101928519","grey"
"101928521","grey"
"101928522","grey"
"101928523","grey"
"101928524","grey"
"101928525","turquoise"
"101928526","grey"
"101928527","grey"
"101928529","grey"
"101928530","grey"
"101928532","grey"
"101928533","grey"
"101928535","grey"
"101928537","grey"
"101928538","grey"
"101928539","grey"
"101928540","grey"
"101928542","grey"
"101928543","grey"
"101928545","grey"
"101928548","grey"
"101928549","grey"
"101928550","grey"
"101928551","grey"
"101928552","grey"
"101928553","grey"
"101928554","grey"
"101928555","grey"
"101928556","grey"
"101928557","grey"
"101928558","red"
"101928559","grey"
"101928560","blue"
"101928561","grey"
"101928562","grey"
"101928563","grey"
"101928564","grey"
"101928565","grey"
"101928566","grey"
"101928567","grey"
"101928568","grey"
"101928569","grey"
"101928570","grey"
"101928571","turquoise"
"101928572","grey"
"101928573","grey"
"101928574","blue"
"101928576","grey"
"101928578","grey"
"101928579","grey"
"101928580","grey"
"101928581","grey"
"101928582","grey"
"101928583","grey"
"101928584","grey"
"101928586","grey"
"101928587","grey"
"101928588","yellow"
"101928589","magenta"
"101928590","turquoise"
"101928591","grey"
"101928592","yellow"
"101928593","grey"
"101928595","green"
"101928596","grey"
"101928597","grey"
"101928598","grey"
"101928599","grey"
"101928600","grey"
"101928601","grey"
"101928602","grey"
"101928603","grey"
"101928604","grey"
"101928605","grey"
"101928607","grey"
"101928608","grey"
"101928609","grey"
"101928611","grey"
"101928612","grey"
"101928614","grey"
"101928615","grey"
"101928616","grey"
"101928617","grey"
"101928618","grey"
"101928620","grey"
"101928621","yellow"
"101928622","blue"
"101928623","grey"
"101928624","grey"
"101928625","grey"
"101928626","grey"
"101928627","grey"
"101928628","grey"
"101928629","grey"
"101928630","turquoise"
"101928631","grey"
"101928632","grey"
"101928633","grey"
"101928635","grey"
"101928636","grey"
"101928638","grey"
"101928639","grey"
"101928640","grey"
"101928641","turquoise"
"101928643","grey"
"101928645","grey"
"101928646","blue"
"101928647","green"
"101928649","brown"
"101928650","grey"
"101928651","grey"
"101928652","grey"
"101928654","grey"
"101928655","grey"
"101928656","grey"
"101928657","grey"
"101928658","yellow"
"101928659","grey"
"101928660","turquoise"
"101928661","grey"
"101928662","grey"
"101928663","grey"
"101928665","grey"
"101928666","grey"
"101928667","turquoise"
"101928668","grey"
"101928669","grey"
"101928670","grey"
"101928671","grey"
"101928673","grey"
"101928674","grey"
"101928676","grey"
"101928677","grey"
"101928678","grey"
"101928679","grey"
"101928682","grey"
"101928683","grey"
"101928684","grey"
"101928687","grey"
"101928688","grey"
"101928689","grey"
"101928690","grey"
"101928692","blue"
"101928694","grey"
"101928695","grey"
"101928696","grey"
"101928697","grey"
"101928698","grey"
"101928699","grey"
"101928700","grey"
"101928701","brown"
"101928702","grey"
"101928703","grey"
"101928704","grey"
"101928705","grey"
"101928706","grey"
"101928707","green"
"101928708","grey"
"101928709","yellow"
"101928710","grey"
"101928711","grey"
"101928713","grey"
"101928714","grey"
"101928716","grey"
"101928717","blue"
"101928718","yellow"
"101928719","green"
"101928720","grey"
"101928721","grey"
"101928722","grey"
"101928725","grey"
"101928727","grey"
"101928728","grey"
"101928729","grey"
"101928730","grey"
"101928731","grey"
"101928733","grey"
"101928734","grey"
"101928735","grey"
"101928736","green"
"101928737","grey"
"101928738","pink"
"101928739","grey"
"101928740","grey"
"101928741","grey"
"101928742","grey"
"101928743","grey"
"101928744","grey"
"101928745","blue"
"101928747","turquoise"
"101928748","grey"
"101928751","grey"
"101928752","grey"
"101928754","grey"
"101928756","grey"
"101928758","grey"
"101928760","grey"
"101928761","grey"
"101928762","green"
"101928764","brown"
"101928765","grey"
"101928766","pink"
"101928767","grey"
"101928768","grey"
"101928769","grey"
"101928770","grey"
"101928773","grey"
"101928774","grey"
"101928776","grey"
"101928778","grey"
"101928780","grey"
"101928781","grey"
"101928782","grey"
"101928783","grey"
"101928784","turquoise"
"101928785","grey"
"101928786","grey"
"101928787","grey"
"101928789","grey"
"101928790","black"
"101928791","grey"
"101928792","grey"
"101928793","turquoise"
"101928794","grey"
"101928795","grey"
"101928796","grey"
"101928797","grey"
"101928798","grey"
"101928800","grey"
"101928801","grey"
"101928803","grey"
"101928804","grey"
"101928806","brown"
"101928807","grey"
"101928808","grey"
"101928809","grey"
"101928810","grey"
"101928811","grey"
"101928812","green"
"101928813","grey"
"101928814","grey"
"101928815","grey"
"101928816","grey"
"101928817","grey"
"101928818","grey"
"101928819","grey"
"101928820","grey"
"101928822","grey"
"101928823","grey"
"101928824","grey"
"101928825","grey"
"101928826","grey"
"101928828","grey"
"101928829","grey"
"101928830","grey"
"101928832","pink"
"101928833","grey"
"101928834","grey"
"101928836","grey"
"101928837","grey"
"101928838","green"
"101928840","grey"
"101928841","blue"
"101928842","grey"
"101928844","grey"
"101928845","grey"
"101928846","grey"
"101928847","brown"
"101928849","grey"
"101928850","grey"
"101928851","grey"
"101928852","grey"
"101928853","grey"
"101928854","grey"
"101928855","grey"
"101928856","grey"
"101928857","grey"
"101928858","grey"
"101928860","grey"
"101928861","grey"
"101928862","green"
"101928864","grey"
"101928865","grey"
"101928866","grey"
"101928867","blue"
"101928868","grey"
"101928869","grey"
"101928870","turquoise"
"101928872","grey"
"101928874","grey"
"101928875","grey"
"101928876","grey"
"101928877","grey"
"101928879","grey"
"101928880","grey"
"101928881","grey"
"101928882","grey"
"101928884","grey"
"101928885","grey"
"101928886","grey"
"101928887","grey"
"101928890","turquoise"
"101928891","turquoise"
"101928892","grey"
"101928893","grey"
"101928894","grey"
"101928895","grey"
"101928896","grey"
"101928897","grey"
"101928898","brown"
"101928899","grey"
"101928902","grey"
"101928906","grey"
"101928907","grey"
"101928909","grey"
"101928910","grey"
"101928911","grey"
"101928913","grey"
"101928915","grey"
"101928916","grey"
"101928917","grey"
"101928918","grey"
"101928919","grey"
"101928921","grey"
"101928922","grey"
"101928923","grey"
"101928924","grey"
"101928926","grey"
"101928927","grey"
"101928928","grey"
"101928929","grey"
"101928931","grey"
"101928932","grey"
"101928933","grey"
"101928936","grey"
"101928937","grey"
"101928938","black"
"101928940","grey"
"101928941","grey"
"101928942","grey"
"101928943","grey"
"101928944","grey"
"101928946","grey"
"101928947","turquoise"
"101928948","grey"
"101928950","grey"
"101928951","grey"
"101928954","grey"
"101928955","grey"
"101928957","grey"
"101928958","grey"
"101928961","grey"
"101928962","grey"
"101928963","turquoise"
"101928964","grey"
"101928965","grey"
"101928967","grey"
"101928968","grey"
"101928969","grey"
"101928970","brown"
"101928971","grey"
"101928972","grey"
"101928973","grey"
"101928974","grey"
"101928976","grey"
"101928977","green"
"101928978","grey"
"101928979","grey"
"101928981","grey"
"101928982","grey"
"101928983","grey"
"101928984","grey"
"101928985","grey"
"101928987","grey"
"101928988","grey"
"101928989","grey"
"101928991","yellow"
"101928992","grey"
"101928994","grey"
"101928995","blue"
"101928997","grey"
"101928998","grey"
"101928999","grey"
"101929002","grey"
"101929003","grey"
"101929004","green"
"101929005","grey"
"101929006","grey"
"101929007","grey"
"101929008","grey"
"101929010","grey"
"101929011","grey"
"101929012","green"
"101929014","grey"
"101929015","grey"
"101929016","grey"
"101929017","blue"
"101929018","grey"
"101929019","grey"
"101929021","grey"
"101929023","grey"
"101929025","yellow"
"101929027","grey"
"101929028","grey"
"101929034","grey"
"101929036","grey"
"101929038","grey"
"101929039","grey"
"101929040","grey"
"101929042","grey"
"101929043","grey"
"101929044","grey"
"101929045","grey"
"101929046","turquoise"
"101929047","grey"
"101929048","grey"
"101929051","grey"
"101929052","grey"
"101929054","grey"
"101929055","grey"
"101929056","grey"
"101929057","turquoise"
"101929058","grey"
"101929059","magenta"
"101929060","grey"
"101929064","grey"
"101929065","grey"
"101929066","brown"
"101929069","grey"
"101929070","grey"
"101929071","grey"
"101929072","grey"
"101929073","grey"
"101929074","grey"
"101929076","turquoise"
"101929077","grey"
"101929078","turquoise"
"101929079","blue"
"101929080","grey"
"101929081","grey"
"101929082","yellow"
"101929083","grey"
"101929084","grey"
"101929085","grey"
"101929086","grey"
"101929087","grey"
"101929088","cyan"
"101929089","turquoise"
"101929090","grey"
"101929092","grey"
"101929093","grey"
"101929094","grey"
"101929095","grey"
"101929097","green"
"101929098","grey"
"101929099","grey"
"101929106","grey"
"101929107","grey"
"101929108","blue"
"101929109","grey"
"101929110","grey"
"101929111","grey"
"101929112","green"
"101929113","grey"
"101929115","grey"
"101929116","grey"
"101929117","grey"
"101929118","grey"
"101929119","grey"
"101929120","grey"
"101929121","grey"
"101929122","grey"
"101929123","grey"
"101929124","grey"
"101929125","grey"
"101929127","grey"
"101929128","grey"
"101929129","grey"
"101929130","grey"
"101929131","grey"
"101929132","turquoise"
"101929133","grey"
"101929134","grey"
"101929137","grey"
"101929138","turquoise"
"101929140","grey"
"101929141","grey"
"101929142","grey"
"101929143","green"
"101929144","grey"
"101929145","black"
"101929147","grey"
"101929148","grey"
"101929149","grey"
"101929151","grey"
"101929152","grey"
"101929153","grey"
"101929154","grey"
"101929155","grey"
"101929156","grey"
"101929157","grey"
"101929159","grey"
"101929160","grey"
"101929161","grey"
"101929162","turquoise"
"101929163","grey"
"101929164","grey"
"101929165","grey"
"101929167","grey"
"101929173","grey"
"101929174","grey"
"101929176","brown"
"101929177","grey"
"101929178","grey"
"101929179","grey"
"101929180","grey"
"101929181","grey"
"101929183","grey"
"101929184","grey"
"101929185","grey"
"101929187","grey"
"101929188","blue"
"101929191","green"
"101929192","grey"
"101929194","cyan"
"101929195","grey"
"101929196","yellow"
"101929198","purple"
"101929199","grey"
"101929200","grey"
"101929201","blue"
"101929202","grey"
"101929204","grey"
"101929206","turquoise"
"101929207","grey"
"101929208","grey"
"101929210","grey"
"101929211","green"
"101929212","grey"
"101929215","blue"
"101929216","grey"
"101929217","grey"
"101929218","grey"
"101929219","grey"
"101929220","turquoise"
"101929221","grey"
"101929222","grey"
"101929223","grey"
"101929224","grey"
"101929225","grey"
"101929227","grey"
"101929228","grey"
"101929229","grey"
"101929230","grey"
"101929231","grey"
"101929232","grey"
"101929234","grey"
"101929236","grey"
"101929237","yellow"
"101929238","yellow"
"101929239","grey"
"101929240","grey"
"101929241","grey"
"101929243","green"
"101929244","grey"
"101929247","brown"
"101929248","yellow"
"101929249","grey"
"101929250","grey"
"101929251","grey"
"101929255","grey"
"101929256","grey"
"101929257","grey"
"101929259","grey"
"101929260","grey"
"101929261","grey"
"101929263","grey"
"101929264","grey"
"101929265","grey"
"101929266","grey"
"101929267","grey"
"101929268","grey"
"101929269","grey"
"101929270","grey"
"101929272","brown"
"101929278","grey"
"101929279","yellow"
"101929280","grey"
"101929282","grey"
"101929283","grey"
"101929284","black"
"101929285","grey"
"101929286","grey"
"101929287","grey"
"101929288","grey"
"101929289","green"
"101929290","turquoise"
"101929291","purple"
"101929294","grey"
"101929295","grey"
"101929296","grey"
"101929297","grey"
"101929298","yellow"
"101929300","grey"
"101929301","grey"
"101929302","grey"
"101929304","blue"
"101929305","grey"
"101929307","grey"
"101929309","brown"
"101929310","grey"
"101929312","grey"
"101929313","grey"
"101929314","grey"
"101929315","grey"
"101929316","grey"
"101929319","grey"
"101929322","grey"
"101929325","grey"
"101929326","grey"
"101929327","grey"
"101929328","grey"
"101929329","yellow"
"101929330","grey"
"101929331","red"
"101929333","grey"
"101929335","red"
"101929336","grey"
"101929337","grey"
"101929338","grey"
"101929340","turquoise"
"101929341","grey"
"101929343","grey"
"101929344","grey"
"101929346","turquoise"
"101929347","grey"
"101929348","grey"
"101929350","grey"
"101929351","turquoise"
"101929352","grey"
"101929353","grey"
"101929354","grey"
"101929355","grey"
"101929356","brown"
"101929357","blue"
"101929358","grey"
"101929359","grey"
"101929360","grey"
"101929362","grey"
"101929363","grey"
"101929367","grey"
"101929368","grey"
"101929369","yellow"
"101929371","grey"
"101929372","magenta"
"101929373","grey"
"101929374","grey"
"101929375","grey"
"101929378","grey"
"101929379","grey"
"101929380","grey"
"101929381","grey"
"101929382","grey"
"101929384","yellow"
"101929385","brown"
"101929386","grey"
"101929387","pink"
"101929388","grey"
"101929390","grey"
"101929393","grey"
"101929395","grey"
"101929396","grey"
"101929397","grey"
"101929398","grey"
"101929401","brown"
"101929402","grey"
"101929406","grey"
"101929407","pink"
"101929408","grey"
"101929409","grey"
"101929410","brown"
"101929411","grey"
"101929412","grey"
"101929413","grey"
"101929414","grey"
"101929415","blue"
"101929416","grey"
"101929418","grey"
"101929419","grey"
"101929420","grey"
"101929422","grey"
"101929423","grey"
"101929425","grey"
"101929426","grey"
"101929427","grey"
"101929428","blue"
"101929431","grey"
"101929432","grey"
"101929433","grey"
"101929434","grey"
"101929435","grey"
"101929436","grey"
"101929437","grey"
"101929438","yellow"
"101929439","blue"
"101929440","grey"
"101929441","grey"
"101929442","grey"
"101929443","grey"
"101929444","black"
"101929445","grey"
"101929447","grey"
"101929448","grey"
"101929450","grey"
"101929451","grey"
"101929452","grey"
"101929453","grey"
"101929454","grey"
"101929456","grey"
"101929457","grey"
"101929459","grey"
"101929460","grey"
"101929462","grey"
"101929463","brown"
"101929464","grey"
"101929465","grey"
"101929467","grey"
"101929468","green"
"101929469","turquoise"
"101929470","grey"
"101929472","grey"
"101929473","yellow"
"101929475","grey"
"101929477","grey"
"101929478","grey"
"101929479","grey"
"101929480","magenta"
"101929482","grey"
"101929484","grey"
"101929485","grey"
"101929486","grey"
"101929488","grey"
"101929489","grey"
"101929490","grey"
"101929491","grey"
"101929492","grey"
"101929494","grey"
"101929495","grey"
"101929497","grey"
"101929498","grey"
"101929500","grey"
"101929504","grey"
"101929505","grey"
"101929506","grey"
"101929507","grey"
"101929510","grey"
"101929511","grey"
"101929512","grey"
"101929513","pink"
"101929514","grey"
"101929515","grey"
"101929516","turquoise"
"101929517","grey"
"101929518","grey"
"101929519","grey"
"101929520","grey"
"101929521","turquoise"
"101929522","grey"
"101929523","grey"
"101929524","grey"
"101929526","grey"
"101929528","grey"
"101929529","grey"
"101929530","grey"
"101929531","grey"
"101929532","grey"
"101929533","grey"
"101929534","grey"
"101929535","cyan"
"101929536","grey"
"101929538","grey"
"101929539","grey"
"101929540","grey"
"101929541","grey"
"101929542","grey"
"101929544","brown"
"101929545","grey"
"101929547","grey"
"101929548","grey"
"101929549","grey"
"101929550","grey"
"101929551","grey"
"101929552","grey"
"101929555","grey"
"101929557","grey"
"101929558","grey"
"101929559","grey"
"101929560","grey"
"101929561","grey"
"101929562","grey"
"101929563","grey"
"101929564","grey"
"101929565","grey"
"101929566","grey"
"101929567","grey"
"101929570","grey"
"101929571","grey"
"101929574","grey"
"101929575","grey"
"101929576","grey"
"101929577","grey"
"101929578","grey"
"101929579","grey"
"101929580","brown"
"101929582","grey"
"101929583","grey"
"101929584","grey"
"101929585","grey"
"101929586","turquoise"
"101929587","blue"
"101929590","grey"
"101929591","grey"
"101929592","grey"
"101929593","blue"
"101929594","grey"
"101929595","grey"
"101929596","brown"
"101929597","grey"
"101929599","grey"
"101929602","grey"
"101929604","grey"
"101929607","grey"
"101929608","grey"
"101929609","grey"
"101929610","grey"
"101929612","grey"
"101929613","grey"
"101929614","grey"
"101929615","grey"
"101929617","brown"
"101929618","grey"
"101929619","grey"
"101929621","grey"
"101929622","grey"
"101929623","grey"
"101929624","grey"
"101929625","grey"
"101929626","grey"
"101929631","grey"
"101929633","turquoise"
"101929634","grey"
"101929636","grey"
"101929637","pink"
"101929638","grey"
"101929639","grey"
"101929640","grey"
"101929641","grey"
"101929643","grey"
"101929644","grey"
"101929645","grey"
"101929646","grey"
"101929647","grey"
"101929648","grey"
"101929650","grey"
"101929651","grey"
"101929653","grey"
"101929654","grey"
"101929655","grey"
"101929656","grey"
"101929657","grey"
"101929658","grey"
"101929660","grey"
"101929661","yellow"
"101929662","grey"
"101929664","turquoise"
"101929665","brown"
"101929666","grey"
"101929667","grey"
"101929668","green"
"101929673","turquoise"
"101929674","grey"
"101929675","grey"
"101929679","grey"
"101929680","grey"
"101929681","grey"
"101929683","grey"
"101929684","grey"
"101929687","yellow"
"101929688","grey"
"101929689","grey"
"101929690","grey"
"101929691","grey"
"101929693","grey"
"101929694","grey"
"101929696","grey"
"101929697","grey"
"101929698","grey"
"101929700","grey"
"101929701","grey"
"101929702","grey"
"101929704","grey"
"101929705","grey"
"101929707","grey"
"101929709","grey"
"101929710","grey"
"101929713","grey"
"101929714","turquoise"
"101929715","tan"
"101929716","grey"
"101929717","turquoise"
"101929718","green"
"101929719","greenyellow"
"101929721","grey"
"101929722","grey"
"101929723","grey"
"101929724","blue"
"101929725","grey"
"101929726","grey"
"101929727","grey"
"101929728","grey"
"101929730","grey"
"101929732","grey"
"101929733","grey"
"101929734","grey"
"101929736","turquoise"
"101929738","grey"
"101929740","turquoise"
"101929741","grey"
"101929743","yellow"
"101929745","grey"
"101929746","grey"
"101929747","grey"
"101929748","yellow"
"101929750","grey"
"101929751","grey"
"101929752","grey"
"101929753","grey"
"101929754","grey"
"101929755","grey"
"101929756","grey"
"101929757","grey"
"101929758","grey"
"101929759","grey"
"101929760","grey"
"101929761","brown"
"101929762","grey"
"101929763","grey"
"101929765","grey"
"101929767","green"
"101929768","grey"
"101929769","grey"
"101929770","grey"
"101929771","grey"
"101929772","grey"
"101929774","grey"
"101929775","grey"
"101929777","grey"
"101929780","grey"
"101929781","grey"
"101929786","grey"
"101929787","grey"
"101929789","grey"
"101929792","turquoise"
"101929796","grey"
"101929798","grey"
"101929799","grey"
"101929800","grey"
"101929802","yellow"
"101929803","grey"
"101929805","grey"
"101929807","grey"
"101929812","grey"
"101929818","grey"
"101929819","grey"
"101929823","grey"
"101929824","grey"
"101929826","grey"
"101929829","grey"
"101929831","yellow"
"101929832","grey"
"101929837","grey"
"101929838","grey"
"101929839","grey"
"101929840","grey"
"101929841","grey"
"101929842","grey"
"101929844","grey"
"101929846","grey"
"101929849","grey"
"101929855","grey"
"101929857","grey"
"101929858","grey"
"101929859","grey"
"101929860","grey"
"101929861","grey"
"101929863","grey"
"101929864","grey"
"101929865","turquoise"
"101929866","grey"
"101929870","grey"
"101929872","grey"
"101929875","grey"
"101929876","grey"
"101929880","grey"
"101929881","grey"
"101929882","turquoise"
"101929883","grey"
"101929886","grey"
"101929887","grey"
"101929889","red"
"101929891","grey"
"101929892","grey"
"101929893","grey"
"101929894","grey"
"101929897","grey"
"101929898","grey"
"101929901","grey"
"101929902","grey"
"101929903","grey"
"101929908","turquoise"
"101929910","grey"
"101929911","turquoise"
"101929913","grey"
"101929917","grey"
"101929918","grey"
"101929920","grey"
"101929926","grey"
"101929927","grey"
"101929929","grey"
"101929930","grey"
"101929934","grey"
"101929935","grey"
"101929936","grey"
"101929937","green"
"101929941","grey"
"101929944","grey"
"101929946","grey"
"101929947","grey"
"101929949","grey"
"101929950","grey"
"101929951","grey"
"101929952","grey"
"101929953","grey"
"101929954","grey"
"101929955","grey"
"101929958","grey"
"101929959","grey"
"101929963","grey"
"101929964","grey"
"101929967","grey"
"101929970","grey"
"101929973","grey"
"101929974","grey"
"101929976","grey"
"101929977","grey"
"101929979","grey"
"101929980","grey"
"101929986","brown"
"101929988","grey"
"101929989","grey"
"101929990","cyan"
"101929992","grey"
"101929993","grey"
"101929994","grey"
"101929996","grey"
"101929997","grey"
"101929998","grey"
"10193","yellow"
"101930000","grey"
"101930002","grey"
"101930004","grey"
"101930006","grey"
"101930007","grey"
"101930009","grey"
"101930010","grey"
"101930011","grey"
"101930012","grey"
"101930013","turquoise"
"101930017","grey"
"101930019","grey"
"101930020","grey"
"101930023","grey"
"101930026","grey"
"101930027","grey"
"101930028","grey"
"101930031","grey"
"101930033","grey"
"101930035","grey"
"101930044","grey"
"101930047","grey"
"101930048","grey"
"101930049","grey"
"101930052","grey"
"101930053","grey"
"101930056","grey"
"101930059","grey"
"101930062","grey"
"101930064","grey"
"101930067","grey"
"101930070","grey"
"101930071","blue"
"101930072","grey"
"101930075","grey"
"101930079","grey"
"101930081","grey"
"101930085","turquoise"
"101930086","grey"
"101930089","grey"
"101930091","grey"
"101930094","grey"
"101930097","blue"
"101930098","grey"
"101930100","grey"
"101930106","grey"
"101930107","grey"
"101930109","grey"
"101930112","grey"
"101930114","grey"
"101930115","grey"
"101930117","grey"
"101930120","grey"
"101930123","turquoise"
"101930124","grey"
"101930126","grey"
"101930127","grey"
"101930130","grey"
"101930134","grey"
"101930137","tan"
"101930145","grey"
"101930147","grey"
"101930149","grey"
"101930151","grey"
"101930152","grey"
"101930154","grey"
"101930156","grey"
"101930159","grey"
"101930160","grey"
"101930162","grey"
"101930164","grey"
"101930165","grey"
"101930166","grey"
"101930170","grey"
"101930171","grey"
"101930174","grey"
"101930226","grey"
"101930228","grey"
"101930229","grey"
"101930232","grey"
"101930233","grey"
"101930235","grey"
"101930237","grey"
"101930239","grey"
"101930240","grey"
"101930241","brown"
"101930243","turquoise"
"101930246","grey"
"101930248","grey"
"101930249","grey"
"101930251","grey"
"101930255","grey"
"101930258","grey"
"101930259","grey"
"101930262","grey"
"101930264","grey"
"101930265","grey"
"101930266","grey"
"101930267","grey"
"101930269","turquoise"
"101930275","grey"
"101930276","pink"
"101930277","grey"
"101930278","grey"
"101930279","grey"
"101930282","grey"
"101930284","grey"
"101930286","grey"
"101930288","grey"
"101930290","grey"
"101930292","grey"
"101930294","grey"
"101930295","grey"
"101930296","grey"
"101930299","grey"
"101930301","grey"
"101930303","grey"
"101930305","grey"
"101930306","grey"
"101930307","turquoise"
"101930309","grey"
"101930310","grey"
"101930314","grey"
"101930316","brown"
"101930317","grey"
"101930322","grey"
"101930324","grey"
"101930325","grey"
"101930329","yellow"
"101930332","grey"
"101930333","grey"
"101930336","grey"
"101930338","grey"
"101930339","grey"
"101930340","grey"
"101930341","grey"
"101930343","grey"
"101930344","grey"
"101930346","grey"
"101930349","grey"
"101930353","grey"
"101930355","turquoise"
"101930356","grey"
"101930357","turquoise"
"101930361","grey"
"101930362","grey"
"101930363","brown"
"101930370","grey"
"101930373","grey"
"101930375","grey"
"101930376","grey"
"101930378","grey"
"101930384","grey"
"101930385","grey"
"101930388","grey"
"101930389","grey"
"101930392","turquoise"
"101930397","grey"
"101930400","grey"
"101930401","grey"
"101930404","blue"
"101930405","grey"
"101930406","grey"
"101930415","grey"
"101930416","grey"
"101930417","grey"
"101930420","grey"
"101930421","pink"
"101930425","grey"
"101930427","grey"
"101930433","grey"
"101930434","grey"
"101930438","grey"
"101930442","grey"
"101930449","grey"
"101930452","grey"
"101930453","grey"
"101930454","grey"
"101930455","grey"
"101930457","grey"
"101930458","grey"
"101930460","grey"
"101930461","grey"
"101930464","grey"
"101930466","grey"
"101930467","grey"
"101930472","grey"
"101930473","grey"
"101930475","yellow"
"101930476","grey"
"101930479","grey"
"101930480","grey"
"101930481","grey"
"101930489","brown"
"101930492","grey"
"101930493","grey"
"101930496","grey"
"101930499","grey"
"101930502","yellow"
"101930503","grey"
"101930505","grey"
"101930508","grey"
"101930513","grey"
"101930515","grey"
"101930516","grey"
"101930523","grey"
"101930524","grey"
"101930526","grey"
"101930530","grey"
"101930531","grey"
"101930532","grey"
"101930534","grey"
"101930535","blue"
"101930537","grey"
"101930539","grey"
"101930540","grey"
"101930541","yellow"
"101930543","grey"
"101930546","grey"
"101930548","grey"
"101930551","turquoise"
"101930557","grey"
"101930558","grey"
"101930559","grey"
"101930563","turquoise"
"101930566","grey"
"101930567","brown"
"101930568","grey"
"101930570","grey"
"101930571","grey"
"101930573","grey"
"101930575","grey"
"101930576","grey"
"101930578","grey"
"101930580","grey"
"101930583","turquoise"
"101930584","grey"
"101930586","green"
"101930587","grey"
"101930588","grey"
"101930591","grey"
"101930592","grey"
"101930593","grey"
"101930594","grey"
"101930595","grey"
"101930599","turquoise"
"101930602","grey"
"101930608","turquoise"
"101930611","grey"
"101930613","grey"
"101930617","grey"
"101930620","grey"
"101930624","grey"
"101930626","grey"
"101930630","brown"
"101930634","turquoise"
"101930637","grey"
"101930638","grey"
"101930644","grey"
"101930646","grey"
"101930647","green"
"101930650","grey"
"101930655","blue"
"101930657","grey"
"101930660","grey"
"101930662","grey"
"101930664","grey"
"101930665","grey"
"101930667","blue"
"101930668","grey"
"101930669","turquoise"
"101930671","grey"
"101930746","grey"
"101930747","grey"
"101930748","grey"
"101930749","grey"
"101937451","grey"
"10194","green"
"10195","turquoise"
"101954204","grey"
"101954264","grey"
"101954266","grey"
"101954267","grey"
"101954268","grey"
"101954269","grey"
"101954271","grey"
"101954272","grey"
"101954273","grey"
"101954275","grey"
"101954276","grey"
"101954277","grey"
"101954278","grey"
"10196","turquoise"
"10197","black"
"101978719","grey"
"101978785","grey"
"10198","turquoise"
"10199","grey"
"102","turquoise"
"1020","brown"
"10200","blue"
"10201","blue"
"10202","grey"
"10203","brown"
"102031319","grey"
"10204","brown"
"10205","red"
"10206","turquoise"
"102060282","grey"
"102060414","grey"
"10207","grey"
"10208","turquoise"
"10209","grey"
"1021","black"
"10210","turquoise"
"10211","brown"
"10212","green"
"10213","blue"
"10214","grey"
"10215","blue"
"102157400","grey"
"102157401","red"
"102157402","blue"
"10216","turquoise"
"10217","magenta"
"10218","grey"
"10219","grey"
"102191832","blue"
"1022","yellow"
"10220","midnightblue"
"10221","grey"
"102216268","grey"
"102216342","grey"
"10223","grey"
"102238594","tan"
"10224","grey"
"10225","grey"
"10226","pink"
"10227","green"
"10228","grey"
"102288414","green"
"10229","grey"
"10230","grey"
"10231","yellow"
"10232","grey"
"10233","green"
"10234","grey"
"10235","grey"
"10236","turquoise"
"10237","brown"
"10238","turquoise"
"10239","brown"
"1024","blue"
"10240","grey"
"10241","yellow"
"10242","grey"
"10243","blue"
"10244","brown"
"10245","brown"
"10246","grey"
"102464817","grey"
"102464823","grey"
"102464824","grey"
"102464826","turquoise"
"102464828","grey"
"102464829","grey"
"102464830","grey"
"102464831","grey"
"102464832","grey"
"102464833","grey"
"102464834","grey"
"102464835","grey"
"102464836","grey"
"102465133","grey"
"102465134","grey"
"102465136","grey"
"102465137","grey"
"102465138","grey"
"102465139","grey"
"102465141","grey"
"102465246","grey"
"102465247","grey"
"102465248","turquoise"
"102465249","brown"
"102465250","grey"
"102465251","grey"
"102465252","turquoise"
"102465253","grey"
"102465254","grey"
"102465255","grey"
"102465256","grey"
"102465257","grey"
"102465428","turquoise"
"102465429","grey"
"102465430","grey"
"102465431","grey"
"102465432","midnightblue"
"102465434","grey"
"102465435","grey"
"102465436","grey"
"102465437","grey"
"102465438","grey"
"102465439","grey"
"102465440","grey"
"102465441","grey"
"102465442","grey"
"102465443","grey"
"102465444","grey"
"102465445","grey"
"102465446","grey"
"102465447","grey"
"102465448","grey"
"102465449","grey"
"102465450","grey"
"102465451","grey"
"102465452","grey"
"102465453","grey"
"102465454","grey"
"102465455","grey"
"102465456","grey"
"102465457","grey"
"102465458","grey"
"102465459","grey"
"102465460","grey"
"102465462","grey"
"102465463","grey"
"102465464","turquoise"
"102465465","grey"
"102465466","grey"
"102465467","grey"
"102465468","grey"
"102465469","grey"
"102465470","grey"
"102465471","grey"
"102465472","grey"
"102465473","grey"
"102465474","grey"
"102465475","grey"
"102465476","grey"
"102465477","blue"
"102465478","green"
"102465479","grey"
"102465480","grey"
"102465481","grey"
"102465482","grey"
"102465483","green"
"102465484","grey"
"102465485","grey"
"102465486","grey"
"102465487","grey"
"102465488","grey"
"102465489","grey"
"102465490","grey"
"102465491","grey"
"102465492","grey"
"102465493","grey"
"102465494","grey"
"102465495","grey"
"102465496","grey"
"102465497","black"
"102465498","grey"
"102465499","grey"
"102465500","grey"
"102465501","grey"
"102465502","grey"
"102465503","grey"
"102465504","grey"
"102465505","grey"
"102465506","blue"
"102465507","blue"
"102465508","grey"
"102465509","grey"
"102465510","grey"
"102465511","turquoise"
"102465512","grey"
"102465513","turquoise"
"102465514","grey"
"102465515","grey"
"102465516","grey"
"102465517","grey"
"102465518","grey"
"102465519","turquoise"
"102465521","grey"
"102465522","grey"
"102465523","grey"
"102465524","grey"
"102465525","grey"
"102465526","black"
"102465527","grey"
"102465528","grey"
"102465529","grey"
"102465530","grey"
"102465531","grey"
"102465532","grey"
"102465533","grey"
"102465534","grey"
"102465535","grey"
"102465536","grey"
"102465537","grey"
"102465538","grey"
"102465539","grey"
"102465665","grey"
"102465666","grey"
"102465667","grey"
"102465668","grey"
"102465669","grey"
"102465688","grey"
"102465689","grey"
"102465690","grey"
"102465691","grey"
"102465692","grey"
"102465694","grey"
"102465695","grey"
"102465696","grey"
"102465753","grey"
"102465801","green"
"102465832","grey"
"102465833","grey"
"102465834","brown"
"102465835","grey"
"102465836","grey"
"102465837","grey"
"102465838","grey"
"102465840","grey"
"102465841","grey"
"102465842","grey"
"102465855","grey"
"102465856","grey"
"102465857","grey"
"102465859","grey"
"102465860","grey"
"102465861","grey"
"102465863","grey"
"102465864","grey"
"102465866","grey"
"102465868","grey"
"102465869","grey"
"102465870","grey"
"102465871","grey"
"102465872","grey"
"102465874","grey"
"102465877","grey"
"102465878","grey"
"102465879","grey"
"102465880","grey"
"102465881","grey"
"102465882","grey"
"102465906","grey"
"102465974","grey"
"102465975","grey"
"102465976","green"
"102465977","grey"
"102465978","grey"
"102465995","grey"
"102466081","grey"
"102466103","grey"
"102466104","grey"
"102466162","grey"
"102466190","turquoise"
"102466191","grey"
"102466192","grey"
"102466193","brown"
"102466194","grey"
"102466195","grey"
"102466196","grey"
"102466197","grey"
"102466198","grey"
"102466199","grey"
"102466200","grey"
"102466201","grey"
"102466202","grey"
"102466203","grey"
"102466204","grey"
"102466205","grey"
"102466222","grey"
"102466223","grey"
"102466225","grey"
"102466227","grey"
"102466247","grey"
"102466250","grey"
"102466251","grey"
"102466252","grey"
"102466253","grey"
"102466270","grey"
"102466271","grey"
"102466515","grey"
"102466516","grey"
"102466518","grey"
"102466615","grey"
"102466616","grey"
"102466656","grey"
"102466657","grey"
"102466658","grey"
"102466659","grey"
"102466719","black"
"102466720","grey"
"102466721","grey"
"102466722","grey"
"102466723","grey"
"102466724","grey"
"102466725","grey"
"102466726","grey"
"102466727","grey"
"102466728","grey"
"102466729","grey"
"102466730","grey"
"102466731","grey"
"102466732","grey"
"102466733","grey"
"102466734","grey"
"102466736","grey"
"102466737","grey"
"102466738","grey"
"102466739","grey"
"102466740","grey"
"102466741","grey"
"102466742","grey"
"102466743","grey"
"102466744","grey"
"102466745","grey"
"102466746","grey"
"102466747","grey"
"102466748","grey"
"102466749","grey"
"102466750","grey"
"102466752","grey"
"102466753","grey"
"102466754","grey"
"102466755","grey"
"102466756","grey"
"102466757","grey"
"102466758","grey"
"102466759","grey"
"102466806","grey"
"102466814","grey"
"102466815","grey"
"102466854","grey"
"102466864","grey"
"102466865","grey"
"102466866","grey"
"102466872","grey"
"102466874","grey"
"102466875","grey"
"102466876","grey"
"102466877","grey"
"102466878","grey"
"102466879","grey"
"102466889","grey"
"102466906","grey"
"102466911","grey"
"102466912","grey"
"102466953","grey"
"102466972","grey"
"102466982","grey"
"102466983","grey"
"102466984","grey"
"102466985","grey"
"102466986","grey"
"102466995","grey"
"102467003","grey"
"102467004","grey"
"102467005","grey"
"102467073","grey"
"102467074","grey"
"102467075","grey"
"102467077","grey"
"102467079","grey"
"102467080","grey"
"102467081","grey"
"102467146","grey"
"102467147","grey"
"102467212","grey"
"102467213","grey"
"102467214","grey"
"102467216","grey"
"102467217","grey"
"102467223","grey"
"102467224","grey"
"102467225","grey"
"102467226","grey"
"102467655","grey"
"10247","purple"
"102477328","grey"
"10248","turquoise"
"10249","grey"
"1025","green"
"10250","black"
"102503427","grey"
"102503429","grey"
"10251","grey"
"10252","turquoise"
"102524628","grey"
"10253","turquoise"
"10254","turquoise"
"102546175","grey"
"102546226","grey"
"102546227","grey"
"102546228","grey"
"102546229","grey"
"102546294","grey"
"102546298","grey"
"102546299","grey"
"10255","grey"
"102557615","grey"
"10256","green"
"10257","red"
"102577424","brown"
"102577426","grey"
"102578074","grey"
"1026","red"
"10260","turquoise"
"102606463","grey"
"102606465","turquoise"
"102606466","grey"
"10261","red"
"10262","blue"
"10263","green"
"10265","grey"
"102659288","grey"
"102659353","turquoise"
"10266","grey"
"10267","green"
"10268","blue"
"102682016","blue"
"10269","turquoise"
"1027","brown"
"10270","grey"
"10272","blue"
"102723165","grey"
"102723166","grey"
"102723167","blue"
"102723305","grey"
"102723306","grey"
"102723307","grey"
"102723308","grey"
"102723309","turquoise"
"102723310","grey"
"102723311","grey"
"102723313","grey"
"102723315","grey"
"102723316","grey"
"102723317","grey"
"102723318","grey"
"102723319","grey"
"102723320","grey"
"102723321","grey"
"102723322","grey"
"102723323","grey"
"102723324","grey"
"102723325","grey"
"102723326","grey"
"102723327","grey"
"102723328","turquoise"
"102723329","grey"
"102723330","grey"
"102723331","grey"
"102723332","grey"
"102723334","grey"
"102723335","turquoise"
"102723336","grey"
"102723337","grey"
"102723338","grey"
"102723339","grey"
"102723340","grey"
"102723341","grey"
"102723342","green"
"102723343","grey"
"102723344","grey"
"102723345","grey"
"102723346","grey"
"102723347","grey"
"102723348","grey"
"102723349","grey"
"102723350","blue"
"102723351","grey"
"102723352","grey"
"102723353","grey"
"102723354","brown"
"102723355","grey"
"102723356","grey"
"102723357","grey"
"102723358","grey"
"102723359","grey"
"102723361","grey"
"102723362","grey"
"102723363","grey"
"102723364","grey"
"102723365","grey"
"102723366","grey"
"102723367","grey"
"102723368","grey"
"102723369","grey"
"102723370","grey"
"102723372","grey"
"102723373","grey"
"102723374","grey"
"102723375","turquoise"
"102723376","grey"
"102723377","grey"
"102723378","grey"
"102723381","grey"
"102723382","grey"
"102723384","grey"
"102723385","grey"
"102723386","grey"
"102723388","grey"
"102723389","grey"
"102723390","grey"
"102723391","grey"
"102723392","yellow"
"102723393","grey"
"102723395","grey"
"102723397","grey"
"102723398","grey"
"102723401","grey"
"102723403","grey"
"102723404","grey"
"102723405","brown"
"102723406","grey"
"102723407","grey"
"102723408","grey"
"102723409","grey"
"102723410","black"
"102723411","grey"
"102723413","grey"
"102723414","grey"
"102723415","turquoise"
"102723417","grey"
"102723418","grey"
"102723419","grey"
"102723420","grey"
"102723421","grey"
"102723422","grey"
"102723425","grey"
"102723426","grey"
"102723427","grey"
"102723428","grey"
"102723429","grey"
"102723430","grey"
"102723431","grey"
"102723433","grey"
"102723434","grey"
"102723435","grey"
"102723436","grey"
"102723437","grey"
"102723439","grey"
"102723440","grey"
"102723441","grey"
"102723442","grey"
"102723444","grey"
"102723445","grey"
"102723446","grey"
"102723447","grey"
"102723448","grey"
"102723450","grey"
"102723451","grey"
"102723452","grey"
"102723453","grey"
"102723455","grey"
"102723456","grey"
"102723457","grey"
"102723458","grey"
"102723459","grey"
"102723460","grey"
"102723461","grey"
"102723463","grey"
"102723464","grey"
"102723465","turquoise"
"102723466","grey"
"102723467","grey"
"102723468","grey"
"102723469","grey"
"102723470","grey"
"102723471","grey"
"102723473","grey"
"102723474","grey"
"102723475","grey"
"102723476","grey"
"102723477","grey"
"102723479","grey"
"102723480","grey"
"102723481","grey"
"102723482","grey"
"102723483","grey"
"102723484","grey"
"102723485","grey"
"102723486","grey"
"102723487","grey"
"102723488","grey"
"102723489","turquoise"
"102723490","grey"
"102723491","grey"
"102723492","grey"
"102723493","grey"
"102723494","grey"
"102723496","grey"
"102723497","grey"
"102723499","grey"
"102723500","grey"
"102723501","grey"
"102723503","grey"
"102723505","grey"
"102723506","grey"
"102723507","grey"
"102723508","grey"
"102723510","grey"
"102723511","grey"
"102723512","grey"
"102723513","brown"
"102723514","grey"
"102723515","grey"
"102723516","grey"
"102723517","grey"
"102723520","grey"
"102723521","turquoise"
"102723522","grey"
"102723523","grey"
"102723524","grey"
"102723525","grey"
"102723526","grey"
"102723527","grey"
"102723529","grey"
"102723530","grey"
"102723532","grey"
"102723534","grey"
"102723535","grey"
"102723536","grey"
"102723537","grey"
"102723539","green"
"102723540","grey"
"102723541","grey"
"102723542","grey"
"102723543","turquoise"
"102723544","grey"
"102723545","grey"
"102723546","grey"
"102723547","grey"
"102723548","grey"
"102723549","grey"
"102723550","grey"
"102723551","grey"
"102723552","grey"
"102723553","grey"
"102723554","green"
"102723555","grey"
"102723557","grey"
"102723558","grey"
"102723559","grey"
"102723560","grey"
"102723561","grey"
"102723562","grey"
"102723563","blue"
"102723564","grey"
"102723565","grey"
"102723566","red"
"102723567","grey"
"102723568","grey"
"102723569","black"
"102723571","grey"
"102723572","grey"
"102723575","grey"
"102723576","grey"
"102723577","grey"
"102723578","grey"
"102723579","blue"
"102723580","grey"
"102723581","turquoise"
"102723582","turquoise"
"102723583","grey"
"102723584","grey"
"102723587","grey"
"102723588","turquoise"
"102723589","grey"
"102723590","grey"
"102723591","grey"
"102723593","grey"
"102723594","grey"
"102723596","grey"
"102723597","turquoise"
"102723599","grey"
"102723600","grey"
"102723602","grey"
"102723603","grey"
"102723604","grey"
"102723605","pink"
"102723606","grey"
"102723607","grey"
"102723609","grey"
"102723610","grey"
"102723611","grey"
"102723612","blue"
"102723614","grey"
"102723615","grey"
"102723616","grey"
"102723617","grey"
"102723619","grey"
"102723620","grey"
"102723621","grey"
"102723622","grey"
"102723623","grey"
"102723625","grey"
"102723627","grey"
"102723628","grey"
"102723629","grey"
"102723630","grey"
"102723631","grey"
"102723635","grey"
"102723636","grey"
"102723638","grey"
"102723639","grey"
"102723640","grey"
"102723641","grey"
"102723642","grey"
"102723643","grey"
"102723644","grey"
"102723645","grey"
"102723646","grey"
"102723647","grey"
"102723648","grey"
"102723650","grey"
"102723651","turquoise"
"102723652","grey"
"102723653","grey"
"102723654","grey"
"102723656","grey"
"102723657","grey"
"102723658","grey"
"102723659","grey"
"102723661","grey"
"102723662","grey"
"102723663","grey"
"102723664","grey"
"102723665","turquoise"
"102723666","grey"
"102723667","grey"
"102723669","grey"
"102723670","grey"
"102723671","green"
"102723672","grey"
"102723673","grey"
"102723674","grey"
"102723675","grey"
"102723676","grey"
"102723677","grey"
"102723678","grey"
"102723679","blue"
"102723680","grey"
"102723682","grey"
"102723683","grey"
"102723685","grey"
"102723686","grey"
"102723687","turquoise"
"102723690","grey"
"102723691","grey"
"102723692","turquoise"
"102723693","grey"
"102723694","grey"
"102723695","grey"
"102723696","grey"
"102723697","grey"
"102723698","green"
"102723699","grey"
"102723700","grey"
"102723701","grey"
"102723702","grey"
"102723703","grey"
"102723704","turquoise"
"102723705","grey"
"102723706","grey"
"102723708","grey"
"102723709","grey"
"102723710","grey"
"102723712","grey"
"102723713","grey"
"102723714","grey"
"102723715","grey"
"102723716","grey"
"102723717","grey"
"102723718","grey"
"102723720","grey"
"102723721","grey"
"102723722","grey"
"102723724","grey"
"102723725","grey"
"102723726","turquoise"
"102723727","grey"
"102723728","grey"
"102723729","grey"
"102723730","grey"
"102723733","grey"
"102723735","blue"
"102723736","grey"
"102723738","grey"
"102723739","brown"
"102723740","grey"
"102723741","grey"
"102723742","grey"
"102723743","turquoise"
"102723744","grey"
"102723745","grey"
"102723746","grey"
"102723749","grey"
"102723750","grey"
"102723751","grey"
"102723752","grey"
"102723755","brown"
"102723756","grey"
"102723757","grey"
"102723758","grey"
"102723759","grey"
"102723760","grey"
"102723761","grey"
"102723762","grey"
"102723763","grey"
"102723764","grey"
"102723765","grey"
"102723766","grey"
"102723767","grey"
"102723769","grey"
"102723770","grey"
"102723771","grey"
"102723772","grey"
"102723773","turquoise"
"102723774","grey"
"102723775","green"
"102723777","grey"
"102723778","grey"
"102723779","grey"
"102723780","grey"
"102723781","grey"
"102723782","grey"
"102723783","grey"
"102723784","grey"
"102723785","grey"
"102723786","grey"
"102723787","grey"
"102723788","grey"
"102723789","grey"
"102723790","grey"
"102723791","grey"
"102723793","grey"
"102723794","grey"
"102723795","grey"
"102723796","grey"
"102723797","grey"
"102723798","grey"
"102723799","grey"
"102723800","grey"
"102723801","grey"
"102723802","grey"
"102723803","grey"
"102723804","grey"
"102723805","blue"
"102723806","grey"
"102723807","grey"
"102723808","grey"
"102723809","brown"
"102723810","grey"
"102723811","grey"
"102723812","grey"
"102723813","grey"
"102723814","grey"
"102723817","yellow"
"102723818","grey"
"102723819","grey"
"102723820","yellow"
"102723821","grey"
"102723822","grey"
"102723823","grey"
"102723824","grey"
"102723825","grey"
"102723826","grey"
"102723827","grey"
"102723828","grey"
"102723829","grey"
"102723830","grey"
"102723831","grey"
"102723832","grey"
"102723833","grey"
"102723834","grey"
"102723835","grey"
"102723837","grey"
"102723839","grey"
"102723840","grey"
"102723842","grey"
"102723843","grey"
"102723844","grey"
"102723845","grey"
"102723846","grey"
"102723847","grey"
"102723848","grey"
"102723849","grey"
"102723850","grey"
"102723851","grey"
"102723853","grey"
"102723854","grey"
"102723855","grey"
"102723856","blue"
"102723858","grey"
"102723859","grey"
"102723860","grey"
"102723861","turquoise"
"102723862","grey"
"102723863","grey"
"102723864","grey"
"102723865","grey"
"102723866","grey"
"102723867","grey"
"102723868","grey"
"102723870","grey"
"102723871","grey"
"102723872","grey"
"102723874","yellow"
"102723875","grey"
"102723876","grey"
"102723877","grey"
"102723878","grey"
"102723880","grey"
"102723881","grey"
"102723882","grey"
"102723883","grey"
"102723884","grey"
"102723885","turquoise"
"102723886","grey"
"102723887","grey"
"102723888","grey"
"102723889","grey"
"102723891","grey"
"102723892","grey"
"102723893","turquoise"
"102723894","grey"
"102723895","yellow"
"102723896","grey"
"102723897","grey"
"102723898","grey"
"102723899","grey"
"102723900","blue"
"102723901","grey"
"102723902","turquoise"
"102723903","grey"
"102723904","grey"
"102723905","grey"
"102723906","grey"
"102723907","blue"
"102723908","grey"
"102723909","grey"
"102723910","grey"
"102723911","grey"
"102723913","grey"
"102723914","grey"
"102723915","grey"
"102723916","grey"
"102723917","grey"
"102723918","green"
"102723919","grey"
"102723920","grey"
"102723921","grey"
"102723922","grey"
"102723923","grey"
"102723924","grey"
"102723925","grey"
"102723926","grey"
"102723927","grey"
"102723928","grey"
"102723929","grey"
"102723931","grey"
"102723932","grey"
"102723933","grey"
"102723934","grey"
"102723935","grey"
"102723936","grey"
"102723938","grey"
"102723939","grey"
"102723940","grey"
"102723941","grey"
"102723942","grey"
"102723944","grey"
"102723946","grey"
"102723947","grey"
"102723948","grey"
"102723949","grey"
"102723950","grey"
"102723951","grey"
"102723953","green"
"102723954","grey"
"102723955","grey"
"102723956","grey"
"102723957","grey"
"102723958","grey"
"102723959","grey"
"102723960","grey"
"102723961","grey"
"102723962","grey"
"102723963","blue"
"102723965","grey"
"102723966","grey"
"102723967","grey"
"102723968","grey"
"102723969","grey"
"102723970","grey"
"102723971","grey"
"102723972","turquoise"
"102723973","grey"
"102723974","turquoise"
"102723975","grey"
"102723976","grey"
"102723977","grey"
"102723978","grey"
"102723979","grey"
"102723980","grey"
"102723983","grey"
"102723984","grey"
"102723985","grey"
"102723986","grey"
"102723987","grey"
"102723988","grey"
"102723989","grey"
"102723990","black"
"102723992","yellow"
"102723993","grey"
"102723994","grey"
"102723995","blue"
"102723996","grey"
"102723997","grey"
"102723998","grey"
"102724000","grey"
"102724001","grey"
"102724002","blue"
"102724003","grey"
"102724004","grey"
"102724005","grey"
"102724006","grey"
"102724007","grey"
"102724008","grey"
"102724009","lightcyan"
"102724010","blue"
"102724011","grey"
"102724012","grey"
"102724013","grey"
"102724014","grey"
"102724015","grey"
"102724016","grey"
"102724017","grey"
"102724018","grey"
"102724019","grey"
"102724020","grey"
"102724021","grey"
"102724022","grey"
"102724023","turquoise"
"102724024","grey"
"102724026","grey"
"102724027","grey"
"102724028","grey"
"102724029","grey"
"102724030","grey"
"102724031","grey"
"102724032","grey"
"102724033","grey"
"102724034","grey"
"102724036","grey"
"102724037","grey"
"102724038","grey"
"102724039","grey"
"102724040","grey"
"102724041","grey"
"102724043","grey"
"102724044","grey"
"102724045","grey"
"102724046","red"
"102724047","grey"
"102724048","grey"
"102724049","grey"
"102724050","grey"
"102724051","grey"
"102724053","grey"
"102724054","grey"
"102724055","grey"
"102724056","grey"
"102724057","grey"
"102724058","green"
"102724059","grey"
"102724060","grey"
"102724061","grey"
"102724063","grey"
"102724064","grey"
"102724065","grey"
"102724067","green"
"102724068","grey"
"102724069","grey"
"102724071","grey"
"102724072","grey"
"102724073","grey"
"102724074","grey"
"102724075","grey"
"102724076","grey"
"102724077","grey"
"102724078","grey"
"102724080","grey"
"102724081","grey"
"102724082","grey"
"102724084","grey"
"102724085","grey"
"102724086","grey"
"102724087","yellow"
"102724088","grey"
"102724089","grey"
"102724090","grey"
"102724091","grey"
"102724092","grey"
"102724093","grey"
"102724094","brown"
"102724095","grey"
"102724096","grey"
"102724097","grey"
"102724098","grey"
"102724099","cyan"
"102724100","grey"
"102724102","grey"
"102724103","yellow"
"102724104","grey"
"102724105","blue"
"102724106","grey"
"102724107","grey"
"102724108","grey"
"102724109","green"
"102724111","grey"
"102724112","grey"
"102724113","grey"
"102724114","grey"
"102724115","blue"
"102724117","grey"
"102724118","grey"
"102724119","grey"
"102724120","grey"
"102724121","turquoise"
"102724122","grey"
"102724124","grey"
"102724125","grey"
"102724126","grey"
"102724128","blue"
"102724129","grey"
"102724131","grey"
"102724132","grey"
"102724133","brown"
"102724134","grey"
"102724135","grey"
"102724136","grey"
"102724137","grey"
"102724138","blue"
"102724139","grey"
"102724140","grey"
"102724141","green"
"102724142","grey"
"102724143","grey"
"102724144","grey"
"102724145","grey"
"102724146","grey"
"102724147","turquoise"
"102724149","grey"
"102724150","grey"
"102724151","grey"
"102724152","grey"
"102724153","turquoise"
"102724154","grey"
"102724155","grey"
"102724156","brown"
"102724157","grey"
"102724158","grey"
"102724159","grey"
"102724160","grey"
"102724161","grey"
"102724162","grey"
"102724163","blue"
"102724164","green"
"102724165","grey"
"102724167","grey"
"102724168","grey"
"102724169","grey"
"102724170","salmon"
"102724172","grey"
"102724173","grey"
"102724174","grey"
"102724175","grey"
"102724176","grey"
"102724177","turquoise"
"102724180","grey"
"102724182","grey"
"102724183","grey"
"102724185","grey"
"102724186","grey"
"102724187","grey"
"102724189","grey"
"102724190","grey"
"102724192","grey"
"102724193","grey"
"102724194","grey"
"102724195","grey"
"102724196","turquoise"
"102724197","grey"
"102724200","grey"
"102724201","grey"
"102724202","grey"
"102724203","grey"
"102724204","grey"
"102724205","grey"
"102724206","grey"
"102724208","grey"
"102724209","grey"
"102724210","grey"
"102724211","grey"
"102724212","grey"
"102724213","grey"
"102724214","grey"
"102724215","grey"
"102724216","grey"
"102724217","grey"
"102724218","grey"
"102724220","grey"
"102724222","grey"
"102724224","grey"
"102724225","grey"
"102724226","grey"
"102724227","grey"
"102724228","grey"
"102724229","grey"
"102724230","turquoise"
"102724231","grey"
"102724232","turquoise"
"102724233","grey"
"102724234","grey"
"102724235","grey"
"102724237","grey"
"102724238","grey"
"102724239","grey"
"102724240","grey"
"102724241","grey"
"102724242","grey"
"102724243","grey"
"102724244","grey"
"102724245","grey"
"102724246","grey"
"102724247","grey"
"102724248","grey"
"102724249","turquoise"
"102724250","turquoise"
"102724251","grey"
"102724252","green"
"102724254","grey"
"102724255","grey"
"102724256","grey"
"102724257","grey"
"102724258","turquoise"
"102724259","grey"
"102724260","grey"
"102724262","grey"
"102724263","blue"
"102724265","grey"
"102724266","grey"
"102724267","grey"
"102724268","grey"
"102724271","grey"
"102724272","turquoise"
"102724273","brown"
"102724274","turquoise"
"102724275","grey"
"102724276","green"
"102724277","grey"
"102724278","blue"
"102724279","grey"
"102724280","grey"
"102724281","grey"
"102724283","grey"
"102724284","grey"
"102724285","grey"
"102724286","grey"
"102724287","grey"
"102724288","grey"
"102724289","grey"
"102724290","grey"
"102724293","grey"
"102724295","grey"
"102724296","grey"
"102724297","red"
"102724298","grey"
"102724299","grey"
"102724300","grey"
"102724301","grey"
"102724302","grey"
"102724304","grey"
"102724306","grey"
"102724307","brown"
"102724308","grey"
"102724309","grey"
"102724311","grey"
"102724312","pink"
"102724313","grey"
"102724314","grey"
"102724315","grey"
"102724316","brown"
"102724317","grey"
"102724318","grey"
"102724319","grey"
"102724322","grey"
"102724323","red"
"102724324","grey"
"102724325","grey"
"102724326","grey"
"102724328","grey"
"102724329","grey"
"102724330","grey"
"102724331","grey"
"102724332","grey"
"102724333","grey"
"102724335","grey"
"102724336","grey"
"102724337","grey"
"102724339","grey"
"102724340","grey"
"102724341","grey"
"102724342","grey"
"102724343","grey"
"102724344","grey"
"102724345","grey"
"102724347","grey"
"102724348","brown"
"102724349","grey"
"102724350","grey"
"102724351","grey"
"102724352","yellow"
"102724353","grey"
"102724354","grey"
"102724355","grey"
"102724356","grey"
"102724357","grey"
"102724358","grey"
"102724359","grey"
"102724360","grey"
"102724361","grey"
"102724362","grey"
"102724363","green"
"102724364","grey"
"102724366","grey"
"102724367","grey"
"102724368","grey"
"102724369","grey"
"102724371","green"
"102724372","grey"
"102724373","grey"
"102724375","grey"
"102724376","grey"
"102724377","grey"
"102724378","grey"
"102724379","grey"
"102724380","grey"
"102724381","grey"
"102724382","grey"
"102724383","grey"
"102724384","yellow"
"102724385","grey"
"102724386","grey"
"102724387","grey"
"102724389","grey"
"102724391","turquoise"
"102724392","grey"
"102724393","grey"
"102724394","grey"
"102724395","grey"
"102724396","grey"
"102724397","grey"
"102724399","blue"
"102724400","green"
"102724402","yellow"
"102724403","grey"
"102724404","grey"
"102724405","grey"
"102724406","grey"
"102724409","grey"
"102724410","grey"
"102724412","grey"
"102724413","grey"
"102724414","grey"
"102724416","grey"
"102724417","grey"
"102724418","grey"
"102724419","grey"
"102724420","grey"
"102724421","grey"
"102724422","grey"
"102724423","grey"
"102724424","grey"
"102724425","blue"
"102724426","green"
"102724427","grey"
"102724428","grey"
"102724429","grey"
"102724432","grey"
"102724433","grey"
"102724435","grey"
"102724436","turquoise"
"102724438","grey"
"102724440","yellow"
"102724441","grey"
"102724442","grey"
"102724443","grey"
"102724444","grey"
"102724445","yellow"
"102724446","grey"
"102724448","grey"
"102724449","grey"
"102724450","brown"
"102724451","grey"
"102724452","grey"
"102724453","grey"
"102724454","grey"
"102724455","grey"
"102724456","grey"
"102724457","blue"
"102724458","grey"
"102724460","grey"
"102724461","grey"
"102724462","grey"
"102724463","grey"
"102724465","grey"
"102724466","midnightblue"
"102724467","grey"
"102724470","grey"
"102724471","grey"
"102724472","grey"
"102724473","green"
"102724474","grey"
"102724475","grey"
"102724476","yellow"
"102724477","grey"
"102724478","grey"
"102724479","grey"
"102724480","grey"
"102724481","grey"
"102724482","grey"
"102724483","turquoise"
"102724484","grey"
"102724486","grey"
"102724487","grey"
"102724488","grey"
"102724490","grey"
"102724491","grey"
"102724492","grey"
"102724493","grey"
"102724494","grey"
"102724495","grey"
"102724496","grey"
"102724497","grey"
"102724498","grey"
"102724499","blue"
"102724500","grey"
"102724501","grey"
"102724502","grey"
"102724503","grey"
"102724504","grey"
"102724506","yellow"
"102724507","grey"
"102724508","grey"
"102724509","grey"
"102724511","grey"
"102724512","grey"
"102724513","grey"
"102724514","grey"
"102724515","grey"
"102724516","turquoise"
"102724517","grey"
"102724518","grey"
"102724519","grey"
"102724520","grey"
"102724521","grey"
"102724524","grey"
"102724527","grey"
"102724528","yellow"
"102724529","grey"
"102724530","grey"
"102724531","grey"
"102724532","grey"
"102724533","grey"
"102724534","grey"
"102724535","turquoise"
"102724536","grey"
"102724537","grey"
"102724538","grey"
"102724539","grey"
"102724540","grey"
"102724541","grey"
"102724542","grey"
"102724543","grey"
"102724544","grey"
"102724545","magenta"
"102724548","grey"
"102724549","turquoise"
"102724550","grey"
"102724551","grey"
"102724552","grey"
"102724553","grey"
"102724554","turquoise"
"102724555","grey"
"102724556","turquoise"
"102724557","grey"
"102724558","grey"
"102724559","brown"
"102724560","grey"
"102724561","grey"
"102724562","grey"
"102724564","grey"
"102724565","grey"
"102724566","grey"
"102724567","grey"
"102724568","grey"
"102724569","grey"
"102724570","turquoise"
"102724571","grey"
"102724572","grey"
"102724573","grey"
"102724574","grey"
"102724575","grey"
"102724576","grey"
"102724577","grey"
"102724578","grey"
"102724579","grey"
"102724580","grey"
"102724581","grey"
"102724582","grey"
"102724583","grey"
"102724584","grey"
"102724585","blue"
"102724586","grey"
"102724587","grey"
"102724588","grey"
"102724589","grey"
"102724590","grey"
"102724591","grey"
"102724592","yellow"
"102724593","grey"
"102724594","grey"
"102724595","grey"
"102724596","black"
"102724597","grey"
"102724598","grey"
"102724601","grey"
"102724604","grey"
"102724606","turquoise"
"102724607","blue"
"102724608","grey"
"102724609","grey"
"102724611","red"
"102724612","grey"
"102724613","grey"
"102724614","blue"
"102724615","grey"
"102724616","grey"
"102724617","grey"
"102724618","grey"
"102724619","grey"
"102724620","turquoise"
"102724621","grey"
"102724622","grey"
"102724623","grey"
"102724624","grey"
"102724625","grey"
"102724626","grey"
"102724627","grey"
"102724628","grey"
"102724629","grey"
"102724630","grey"
"102724632","grey"
"102724633","grey"
"102724634","grey"
"102724636","grey"
"102724637","grey"
"102724638","grey"
"102724640","grey"
"102724641","brown"
"102724642","grey"
"102724643","grey"
"102724644","grey"
"102724645","grey"
"102724646","grey"
"102724647","grey"
"102724648","grey"
"102724649","grey"
"102724650","grey"
"102724651","grey"
"102724652","grey"
"102724653","grey"
"102724654","grey"
"102724655","grey"
"102724657","grey"
"102724659","grey"
"102724660","grey"
"102724661","grey"
"102724662","grey"
"102724663","grey"
"102724664","grey"
"102724665","grey"
"102724667","yellow"
"102724668","grey"
"102724669","grey"
"102724670","grey"
"102724671","grey"
"102724672","grey"
"102724675","grey"
"102724676","grey"
"102724678","grey"
"102724679","grey"
"102724680","grey"
"102724681","grey"
"102724682","grey"
"102724683","grey"
"102724684","grey"
"102724685","grey"
"102724686","grey"
"102724687","grey"
"102724688","grey"
"102724689","grey"
"102724690","grey"
"102724691","grey"
"102724692","grey"
"102724693","grey"
"102724694","blue"
"102724695","grey"
"102724696","grey"
"102724697","grey"
"102724698","grey"
"102724699","grey"
"102724700","grey"
"102724702","grey"
"102724703","grey"
"102724704","grey"
"102724705","turquoise"
"102724707","grey"
"102724708","turquoise"
"102724709","grey"
"102724710","grey"
"102724711","grey"
"102724712","grey"
"102724713","grey"
"102724714","grey"
"102724715","yellow"
"102724716","blue"
"102724717","grey"
"102724718","grey"
"102724719","grey"
"102724720","grey"
"102724721","grey"
"102724722","grey"
"102724723","grey"
"102724724","yellow"
"102724728","cyan"
"102724729","blue"
"102724730","grey"
"102724731","black"
"102724732","grey"
"102724733","grey"
"102724734","grey"
"102724735","grey"
"102724736","yellow"
"102724738","cyan"
"102724739","grey"
"102724740","grey"
"102724741","grey"
"102724743","turquoise"
"102724744","grey"
"102724745","grey"
"102724746","grey"
"102724747","grey"
"102724748","grey"
"102724751","grey"
"102724752","grey"
"102724753","grey"
"102724754","grey"
"102724755","grey"
"102724756","grey"
"102724757","grey"
"102724758","grey"
"102724759","grey"
"102724761","grey"
"102724763","grey"
"102724764","grey"
"102724765","grey"
"102724766","grey"
"102724767","grey"
"102724768","grey"
"102724770","brown"
"102724771","grey"
"102724772","grey"
"102724774","grey"
"102724775","grey"
"102724776","blue"
"102724778","grey"
"102724779","grey"
"102724780","grey"
"102724781","grey"
"102724782","yellow"
"102724783","yellow"
"102724784","grey"
"102724785","grey"
"102724786","grey"
"102724788","grey"
"102724790","grey"
"102724791","grey"
"102724792","grey"
"102724795","grey"
"102724796","grey"
"102724797","grey"
"102724798","grey"
"102724799","grey"
"102724800","grey"
"102724802","grey"
"102724803","grey"
"102724804","grey"
"102724805","grey"
"102724806","grey"
"102724807","grey"
"102724808","grey"
"102724809","grey"
"102724810","grey"
"102724811","green"
"102724812","grey"
"102724814","brown"
"102724815","grey"
"102724817","grey"
"102724818","grey"
"102724819","grey"
"102724820","turquoise"
"102724821","grey"
"102724824","blue"
"102724825","grey"
"102724826","grey"
"102724827","blue"
"102724828","grey"
"102724829","grey"
"102724830","grey"
"102724831","grey"
"102724832","grey"
"102724833","brown"
"102724834","blue"
"102724836","grey"
"102724837","grey"
"102724838","grey"
"102724840","grey"
"102724841","grey"
"102724842","grey"
"102724843","grey"
"102724845","grey"
"102724848","grey"
"102724849","grey"
"102724850","grey"
"102724851","grey"
"102724854","grey"
"102724855","grey"
"102724856","grey"
"102724857","grey"
"102724858","grey"
"102724859","grey"
"102724860","brown"
"102724861","grey"
"102724862","grey"
"102724863","grey"
"102724864","grey"
"102724867","turquoise"
"102724869","grey"
"102724870","grey"
"102724871","grey"
"102724872","grey"
"102724873","grey"
"102724874","grey"
"102724876","grey"
"102724877","grey"
"102724878","grey"
"102724879","grey"
"102724880","grey"
"102724881","grey"
"102724882","grey"
"102724883","grey"
"102724884","grey"
"102724885","grey"
"102724887","grey"
"102724888","grey"
"102724889","grey"
"102724890","grey"
"102724891","grey"
"102724892","grey"
"102724893","grey"
"102724894","grey"
"102724895","grey"
"102724896","grey"
"102724897","grey"
"102724898","grey"
"102724899","grey"
"102724900","grey"
"102724901","grey"
"102724903","grey"
"102724905","turquoise"
"102724906","grey"
"102724907","grey"
"102724908","grey"
"102724910","grey"
"102724911","grey"
"102724913","grey"
"102724914","grey"
"102724915","grey"
"102724916","grey"
"102724917","grey"
"102724918","grey"
"102724919","grey"
"102724920","grey"
"102724921","tan"
"102724923","grey"
"102724924","grey"
"102724925","grey"
"102724927","grey"
"102724929","grey"
"102724930","grey"
"102724933","grey"
"102724934","blue"
"102724935","grey"
"102724936","grey"
"102724938","grey"
"102724939","grey"
"102724940","grey"
"102724942","grey"
"102724943","grey"
"102724944","grey"
"102724945","grey"
"102724946","grey"
"102724947","grey"
"102724948","grey"
"102724949","grey"
"102724950","grey"
"102724951","grey"
"102724952","grey"
"102724954","grey"
"102724955","grey"
"102724957","grey"
"102724958","grey"
"102724959","grey"
"102724960","grey"
"102724963","grey"
"102724964","grey"
"102724965","green"
"102724966","grey"
"102724967","turquoise"
"102724968","grey"
"102724970","grey"
"102724972","grey"
"102724973","grey"
"102724974","grey"
"102724975","grey"
"102724976","grey"
"102724979","grey"
"102724980","grey"
"102724982","grey"
"102724983","grey"
"102724984","turquoise"
"102724985","grey"
"102724987","grey"
"102724988","grey"
"102724991","green"
"102724992","grey"
"102724993","grey"
"102724995","grey"
"102724997","red"
"102725001","grey"
"102725006","grey"
"102725007","grey"
"102725008","grey"
"102725009","grey"
"102725011","grey"
"102725012","grey"
"102725015","red"
"102725016","green"
"102725017","brown"
"102725018","grey"
"102725020","grey"
"102725021","grey"
"102725022","grey"
"102725024","grey"
"102725026","grey"
"102725027","red"
"102725029","red"
"102725030","grey"
"102725031","red"
"102725034","red"
"102725035","red"
"102725036","grey"
"102725038","grey"
"102725040","grey"
"102725041","grey"
"102725042","grey"
"102725044","blue"
"102725045","grey"
"102725047","grey"
"102725048","grey"
"102725049","grey"
"102725050","grey"
"102725052","grey"
"102725053","grey"
"102725054","grey"
"102725055","grey"
"102725056","grey"
"102725057","grey"
"102725059","green"
"102725060","grey"
"102725061","grey"
"102725062","green"
"102725063","grey"
"102725064","grey"
"102725065","grey"
"102725066","grey"
"102725067","grey"
"102725068","grey"
"102725071","grey"
"102725072","grey"
"102725075","grey"
"102725077","grey"
"102725079","grey"
"102725080","grey"
"102725081","grey"
"102725082","grey"
"102725085","grey"
"102725086","grey"
"102725088","grey"
"102725090","grey"
"102725091","grey"
"102725092","grey"
"102725093","grey"
"102725094","grey"
"102725095","turquoise"
"102725096","grey"
"102725097","turquoise"
"102725099","grey"
"102725100","grey"
"102725102","grey"
"102725104","grey"
"102725105","grey"
"102725106","green"
"102725107","yellow"
"102725108","grey"
"102725109","grey"
"102725110","grey"
"102725111","grey"
"102725112","grey"
"102725113","grey"
"102725114","grey"
"102725116","grey"
"102725117","grey"
"102725120","grey"
"102725122","grey"
"102725124","turquoise"
"102725125","grey"
"102725126","black"
"102725127","grey"
"102725128","grey"
"102725129","grey"
"102725132","grey"
"102725134","grey"
"102725135","grey"
"102725137","grey"
"102725138","blue"
"102725139","grey"
"102725141","grey"
"102725143","grey"
"102725144","grey"
"102725145","grey"
"102725146","grey"
"102725147","grey"
"102725148","grey"
"102725149","grey"
"102725150","turquoise"
"102725151","grey"
"102725152","blue"
"102725153","green"
"102725156","turquoise"
"102725158","grey"
"102725159","grey"
"102725160","grey"
"102725161","grey"
"102725162","grey"
"102725164","grey"
"102725165","grey"
"102725166","turquoise"
"102725167","grey"
"102725168","grey"
"102725169","grey"
"102725171","turquoise"
"102725172","grey"
"102725174","grey"
"102725175","grey"
"102725176","grey"
"102725179","blue"
"102725180","grey"
"102725181","grey"
"102725182","grey"
"102725183","grey"
"102725185","tan"
"102725186","grey"
"102725188","grey"
"102725189","grey"
"102725191","grey"
"102725192","grey"
"102725193","grey"
"102725194","grey"
"102725195","grey"
"102725196","grey"
"102725197","grey"
"102725198","grey"
"102725199","grey"
"102725200","pink"
"102725201","grey"
"102725202","grey"
"102725203","grey"
"102725204","grey"
"102725205","grey"
"102725206","brown"
"102725207","grey"
"102725208","grey"
"102725210","grey"
"102725211","grey"
"102725212","grey"
"102725213","yellow"
"102725214","grey"
"102725216","turquoise"
"102725217","grey"
"102725218","green"
"102725220","grey"
"102725221","grey"
"102725222","grey"
"102725223","grey"
"102725224","grey"
"102725225","red"
"102725226","grey"
"102725227","yellow"
"102725228","grey"
"102725229","grey"
"102725231","grey"
"102725232","grey"
"102725235","turquoise"
"102725237","grey"
"102725238","grey"
"102725239","grey"
"102725240","grey"
"102725242","grey"
"102725243","grey"
"102725245","green"
"102725246","grey"
"102725247","grey"
"102725248","blue"
"102725249","grey"
"102725251","grey"
"102725253","turquoise"
"102725254","grey"
"102725255","grey"
"102725256","grey"
"102725257","grey"
"102725258","grey"
"102725259","yellow"
"102725261","grey"
"102725263","grey"
"102725264","grey"
"102725267","grey"
"102725270","grey"
"102725271","grey"
"102725273","red"
"102725274","grey"
"102725275","grey"
"102725276","grey"
"102725277","grey"
"102725278","blue"
"102725280","grey"
"102725281","grey"
"102725282","blue"
"102725283","grey"
"102725284","grey"
"102725285","turquoise"
"102725286","grey"
"102725287","grey"
"102725290","grey"
"102725291","grey"
"102725292","blue"
"102725293","turquoise"
"102725294","grey"
"102725295","grey"
"102725296","grey"
"102725297","grey"
"102725299","grey"
"102725300","green"
"102725302","grey"
"102725305","turquoise"
"102725306","grey"
"102725307","turquoise"
"102725309","grey"
"102725310","grey"
"102725311","grey"
"102725312","grey"
"102725314","grey"
"102725315","grey"
"102725316","grey"
"102725317","grey"
"102725318","grey"
"102725319","grey"
"102725320","grey"
"102725321","grey"
"102725323","grey"
"102725324","grey"
"102725325","grey"
"102725326","grey"
"102725327","grey"
"102725328","turquoise"
"102725329","grey"
"102725330","turquoise"
"102725331","blue"
"102725332","grey"
"102725333","grey"
"102725334","turquoise"
"102725335","grey"
"102725336","grey"
"102725337","grey"
"102725338","grey"
"102725339","grey"
"102725340","grey"
"102725341","grey"
"102725342","grey"
"102725343","grey"
"102725344","grey"
"102725345","grey"
"102725346","grey"
"102725347","grey"
"102725348","grey"
"102725349","grey"
"102725350","grey"
"102725351","grey"
"102725352","grey"
"102725353","grey"
"102725354","grey"
"102725355","turquoise"
"102725356","grey"
"102725357","grey"
"102725359","grey"
"102725360","grey"
"102725361","grey"
"102725362","grey"
"102725363","grey"
"102725364","grey"
"102725365","grey"
"102725366","grey"
"102725367","grey"
"102725368","grey"
"102725370","grey"
"102725371","grey"
"102725373","grey"
"102725375","grey"
"102725376","turquoise"
"102725377","grey"
"102725378","grey"
"102725379","grey"
"102725380","grey"
"102725381","grey"
"102725382","grey"
"102725383","grey"
"102725384","turquoise"
"102725385","grey"
"102725386","grey"
"102725388","grey"
"102725390","blue"
"102725392","grey"
"102725393","grey"
"102725394","blue"
"102725395","grey"
"102725396","grey"
"102725398","grey"
"102725399","grey"
"102725400","grey"
"102725402","turquoise"
"102725403","grey"
"102725404","grey"
"102725405","grey"
"102725406","grey"
"102725407","brown"
"102725408","grey"
"102725409","grey"
"102725411","grey"
"102725412","grey"
"102725413","turquoise"
"102725414","grey"
"102725415","grey"
"102725417","grey"
"102725419","grey"
"102725420","grey"
"102725421","grey"
"102725424","grey"
"102725425","grey"
"102725426","grey"
"102725427","grey"
"102725428","grey"
"102725429","grey"
"102725430","grey"
"102725431","turquoise"
"102725432","grey"
"102725433","grey"
"102725434","grey"
"102725435","grey"
"102725436","grey"
"102725437","grey"
"102725438","grey"
"102725439","grey"
"102725440","grey"
"102725441","grey"
"102725444","grey"
"102725445","yellow"
"102725446","grey"
"102725447","grey"
"102725450","green"
"102725451","pink"
"102725454","grey"
"102725455","grey"
"102725457","grey"
"102725458","grey"
"102725459","turquoise"
"102725465","grey"
"102725466","grey"
"102725467","grey"
"102725468","grey"
"102725469","grey"
"102725470","grey"
"102725471","grey"
"102725472","grey"
"102725474","grey"
"102725476","grey"
"102725478","grey"
"102725479","turquoise"
"102725480","grey"
"102725481","grey"
"102725482","grey"
"102725483","grey"
"102725485","grey"
"102725486","grey"
"102725488","grey"
"102725489","grey"
"102725490","grey"
"102725491","grey"
"102725492","grey"
"102725493","grey"
"102725494","grey"
"102725495","grey"
"102725496","grey"
"102725497","grey"
"102725498","grey"
"102725499","grey"
"102725500","grey"
"102725502","grey"
"102725504","grey"
"102725505","grey"
"102725506","grey"
"102725508","green"
"102725509","blue"
"102725510","grey"
"102725511","grey"
"102725512","grey"
"102725513","grey"
"102725514","grey"
"102725515","grey"
"102725516","grey"
"102725518","grey"
"102725519","grey"
"102725520","grey"
"102725521","grey"
"102725522","grey"
"102725523","grey"
"102725524","yellow"
"102725525","grey"
"102725526","grey"
"102725527","blue"
"102725528","grey"
"102725529","grey"
"102725541","grey"
"10273","brown"
"10274","turquoise"
"10276","yellow"
"10277","black"
"10278","grey"
"10279","yellow"
"1028","pink"
"10280","turquoise"
"102800310","pink"
"102800314","grey"
"102800315","grey"
"102800316","grey"
"102800317","grey"
"102800446","grey"
"102800447","grey"
"10281","grey"
"10282","turquoise"
"10283","grey"
"10284","grey"
"10285","turquoise"
"10286","blue"
"10287","red"
"10288","red"
"10289","blue"
"1029","grey"
"10290","brown"
"10291","grey"
"10293","greenyellow"
"10294","blue"
"10295","turquoise"
"10296","brown"
"10297","grey"
"10298","blue"
"10299","turquoise"
"103","grey"
"1030","yellow"
"10300","yellow"
"10301","tan"
"10302","blue"
"103021164","grey"
"103021165","grey"
"103021295","grey"
"103021296","grey"
"10307","brown"
"10308","green"
"10309","brown"
"103091864","grey"
"103091865","grey"
"103091866","grey"
"1031","yellow"
"103106903","grey"
"10311","brown"
"10312","blue"
"10313","yellow"
"10314","turquoise"
"103157000","grey"
"10316","grey"
"103164619","grey"
"10317","grey"
"103171574","grey"
"10318","blue"
"10319","blue"
"103191607","grey"
"1032","brown"
"10320","red"
"10321","grey"
"10322","brown"
"10324","grey"
"10325","blue"
"10326","grey"
"10327","turquoise"
"10328","green"
"10329","turquoise"
"1033","yellow"
"10330","brown"
"10331","grey"
"103312105","grey"
"10332","grey"
"10333","red"
"103344926","brown"
"103344929","grey"
"103344930","grey"
"103344931","grey"
"103344932","grey"
"10335","grey"
"103352539","grey"
"103352541","grey"
"103352670","grey"
"10336","grey"
"10342","blue"
"10343","grey"
"10344","grey"
"10345","grey"
"10346","red"
"10347","grey"
"10349","blue"
"10350","brown"
"10351","black"
"10352","grey"
"103581031","grey"
"1036","blue"
"10360","brown"
"10361","yellow"
"103611081","grey"
"103611157","grey"
"10362","green"
"103625681","grey"
"103625683","grey"
"103625684","grey"
"10363","blue"
"10365","grey"
"10367","yellow"
"10368","yellow"
"103689843","grey"
"103689844","grey"
"103689845","grey"
"103689846","grey"
"103689911","grey"
"103689912","blue"
"103689913","grey"
"103689915","grey"
"103689917","grey"
"103689918","blue"
"10369","yellow"
"103695363","turquoise"
"103695364","grey"
"103695365","grey"
"103695366","grey"
"103695431","grey"
"103695432","grey"
"103695433","grey"
"103695434","grey"
"103695435","grey"
"103695436","grey"
"10370","blue"
"10371","blue"
"103724386","grey"
"103724387","grey"
"103724388","grey"
"103724389","grey"
"103724390","grey"
"103752554","grey"
"103752555","grey"
"103752581","grey"
"103752584","turquoise"
"103752585","grey"
"103752586","grey"
"103752587","grey"
"103752588","grey"
"103752589","grey"
"10376","yellow"
"10379","blue"
"1038","grey"
"10380","grey"
"10381","yellow"
"10382","grey"
"10383","brown"
"10384","grey"
"10385","brown"
"10388","turquoise"
"10389","turquoise"
"1039","yellow"
"10390","brown"
"103908605","grey"
"10391","grey"
"103910","yellow"
"10392","grey"
"10393","green"
"10394","grey"
"10395","brown"
"10396","black"
"10397","pink"
"10398","grey"
"10399","green"
"104","yellow"
"1040","blue"
"10400","turquoise"
"10401","blue"
"10402","grey"
"10403","grey"
"10404","yellow"
"10406","turquoise"
"10408","grey"
"10409","yellow"
"1041","grey"
"10410","red"
"10411","blue"
"10412","grey"
"10413","turquoise"
"10417","grey"
"10418","purple"
"10419","grey"
"10420","pink"
"10421","green"
"10422","green"
"10423","brown"
"10424","turquoise"
"10425","pink"
"10426","brown"
"10427","brown"
"10428","grey"
"1043","grey"
"10430","green"
"10432","tan"
"10434","turquoise"
"10435","pink"
"10436","green"
"10437","red"
"10438","blue"
"10439","yellow"
"1044","grey"
"10440","blue"
"10443","grey"
"10444","brown"
"10445","green"
"10446","brown"
"10447","blue"
"10449","grey"
"1045","grey"
"10450","green"
"10451","grey"
"10452","brown"
"10454","green"
"10455","grey"
"10456","brown"
"10457","grey"
"10458","brown"
"10459","green"
"1046","grey"
"10460","green"
"10461","purple"
"10462","grey"
"10463","blue"
"10464","turquoise"
"10465","brown"
"10466","turquoise"
"10467","green"
"10468","grey"
"10469","green"
"1047","blue"
"10471","brown"
"10472","pink"
"10473","turquoise"
"10474","turquoise"
"10475","red"
"10476","yellow"
"10477","yellow"
"10478","grey"
"10479","blue"
"1048","grey"
"10480","yellow"
"10481","grey"
"10482","grey"
"10483","brown"
"10484","blue"
"10485","magenta"
"10486","blue"
"10487","grey"
"10488","green"
"10489","turquoise"
"10490","brown"
"10491","blue"
"10492","turquoise"
"10493","blue"
"10494","brown"
"10495","black"
"10497","grey"
"10498","brown"
"10499","turquoise"
"105","pink"
"1050","blue"
"10500","brown"
"10501","brown"
"10505","yellow"
"10507","pink"
"10509","grey"
"1051","grey"
"10512","black"
"10513","turquoise"
"10514","turquoise"
"10516","grey"
"10517","grey"
"10518","grey"
"10519","green"
"1052","red"
"10520","grey"
"10521","brown"
"10522","brown"
"10523","grey"
"10524","green"
"10525","grey"
"10526","turquoise"
"10527","turquoise"
"10528","grey"
"10529","purple"
"1053","grey"
"10531","grey"
"10533","green"
"10534","greenyellow"
"10535","blue"
"10536","turquoise"
"10537","grey"
"10538","red"
"10539","grey"
"1054","tan"
"10540","turquoise"
"10541","lightcyan"
"10542","yellow"
"10544","grey"
"10548","red"
"10549","grey"
"10550","blue"
"10551","grey"
"10552","yellow"
"10553","blue"
"10554","turquoise"
"10555","turquoise"
"10556","grey"
"10557","grey"
"10558","turquoise"
"10559","grey"
"1056","green"
"10560","turquoise"
"10561","grey"
"10562","grey"
"10563","grey"
"10564","blue"
"10565","blue"
"10566","grey"
"10567","turquoise"
"10568","grey"
"10569","blue"
"1057","grey"
"10570","brown"
"10572","green"
"10573","brown"
"10574","grey"
"10575","greenyellow"
"10576","grey"
"10577","pink"
"10578","grey"
"10579","grey"
"1058","grey"
"10580","brown"
"10581","red"
"10584","grey"
"10585","turquoise"
"10586","grey"
"10587","turquoise"
"10588","blue"
"10589","brown"
"1059","lightcyan"
"10590","grey"
"10591","turquoise"
"10592","black"
"10594","grey"
"10595","turquoise"
"10597","grey"
"10598","tan"
"10599","grey"
"1060","brown"
"10600","turquoise"
"10602","blue"
"10603","green"
"10605","turquoise"
"10606","blue"
"10607","green"
"10608","blue"
"10609","green"
"10610","grey"
"10611","purple"
"10612","yellow"
"10613","grey"
"10614","grey"
"10615","grey"
"10616","blue"
"10617","brown"
"10618","turquoise"
"1062","green"
"10620","blue"
"10621","yellow"
"10622","blue"
"10623","grey"
"10625","greenyellow"
"10626","tan"
"10627","red"
"10628","yellow"
"10629","turquoise"
"1063","blue"
"10630","red"
"10631","blue"
"10632","yellow"
"10633","brown"
"10634","magenta"
"10635","grey"
"10636","brown"
"10637","grey"
"10638","grey"
"10640","turquoise"
"10641","brown"
"10642","grey"
"10643","grey"
"10644","grey"
"10645","yellow"
"10647","grey"
"10648","grey"
"10650","green"
"10651","blue"
"10652","green"
"10653","yellow"
"10654","green"
"10655","pink"
"10656","blue"
"10657","green"
"10658","grey"
"10659","blue"
"1066","grey"
"10660","grey"
"10661","grey"
"10663","brown"
"10664","brown"
"10665","grey"
"10666","brown"
"10667","brown"
"10668","grey"
"10669","yellow"
"10670","yellow"
"10671","green"
"10672","turquoise"
"10673","grey"
"10675","grey"
"10677","grey"
"10678","turquoise"
"1068","grey"
"10681","yellow"
"10682","brown"
"10683","turquoise"
"10686","grey"
"10687","blue"
"1069","yellow"
"10690","turquoise"
"10691","brown"
"10692","grey"
"10693","greenyellow"
"10694","yellow"
"10695","green"
"10699","grey"
"107","yellow"
"1070","brown"
"1071","grey"
"10712","brown"
"10713","green"
"10714","turquoise"
"10715","blue"
"10716","blue"
"10717","brown"
"10718","blue"
"1072","turquoise"
"10720","grey"
"10721","blue"
"10723","blue"
"10724","grey"
"10725","blue"
"10726","brown"
"10728","turquoise"
"1073","black"
"10730","blue"
"10732","lightcyan"
"10733","green"
"10734","greenyellow"
"10735","turquoise"
"10736","grey"
"10737","green"
"10738","grey"
"10739","yellow"
"10740","yellow"
"10741","brown"
"10742","grey"
"10743","grey"
"10744","grey"
"10745","blue"
"10746","turquoise"
"10747","grey"
"10748","turquoise"
"10749","lightcyan"
"1075","red"
"10750","red"
"10752","blue"
"10753","grey"
"10755","green"
"10758","blue"
"10761","grey"
"10762","blue"
"10763","red"
"10765","blue"
"10766","yellow"
"10767","turquoise"
"10768","grey"
"10769","yellow"
"10771","turquoise"
"10772","turquoise"
"10773","turquoise"
"10775","brown"
"10776","yellow"
"10777","yellow"
"10778","greenyellow"
"10780","brown"
"10781","grey"
"10782","brown"
"10783","grey"
"10785","turquoise"
"10786","grey"
"10787","blue"
"10788","brown"
"10791","blue"
"10793","blue"
"10794","turquoise"
"10795","grey"
"10797","red"
"10798","grey"
"10799","yellow"
"108","grey"
"1080","grey"
"10800","grey"
"10801","grey"
"10802","turquoise"
"10803","grey"
"10804","purple"
"10806","turquoise"
"10807","green"
"10808","grey"
"10809","green"
"1081","grey"
"10810","turquoise"
"10811","brown"
"10813","brown"
"10814","yellow"
"10815","brown"
"10816","grey"
"10817","brown"
"10818","turquoise"
"10819","blue"
"1082","grey"
"10821","grey"
"10824","grey"
"10825","turquoise"
"10826","pink"
"10827","turquoise"
"10838","grey"
"1084","grey"
"10840","magenta"
"10841","turquoise"
"10842","yellow"
"10844","turquoise"
"10845","turquoise"
"10846","turquoise"
"10847","yellow"
"10848","blue"
"10849","grey"
"10850","green"
"10855","red"
"10856","brown"
"10857","blue"
"10858","brown"
"10859","red"
"10861","grey"
"10863","red"
"10864","turquoise"
"10865","red"
"10866","red"
"10867","grey"
"10868","brown"
"10869","grey"
"1087","grey"
"10870","red"
"10871","red"
"10873","yellow"
"10874","yellow"
"10875","red"
"10876","grey"
"10877","grey"
"10878","grey"
"10879","grey"
"1088","grey"
"10880","grey"
"10881","grey"
"10882","blue"
"10884","blue"
"10885","turquoise"
"10886","blue"
"10887","grey"
"10888","yellow"
"1089","grey"
"10890","turquoise"
"10891","blue"
"10892","brown"
"10893","brown"
"10894","red"
"10895","grey"
"10896","brown"
"10897","green"
"10898","brown"
"10899","green"
"109","grey"
"10900","brown"
"10901","blue"
"10902","grey"
"10903","yellow"
"10904","brown"
"10905","turquoise"
"10906","pink"
"10907","brown"
"10908","green"
"10910","tan"
"10911","grey"
"10912","grey"
"10913","grey"
"10914","greenyellow"
"10915","magenta"
"10916","grey"
"10917","grey"
"10919","brown"
"10920","yellow"
"10921","brown"
"10922","brown"
"10923","blue"
"10924","blue"
"10926","grey"
"10927","blue"
"10928","turquoise"
"10929","grey"
"10930","grey"
"10933","blue"
"10935","blue"
"10936","turquoise"
"10938","blue"
"10939","yellow"
"10940","grey"
"10941","grey"
"10942","grey"
"10943","grey"
"10944","blue"
"10945","turquoise"
"10946","turquoise"
"10947","yellow"
"10948","blue"
"10949","blue"
"10950","brown"
"10951","grey"
"10952","green"
"10953","yellow"
"10954","grey"
"10955","blue"
"10956","turquoise"
"10957","brown"
"10959","grey"
"10960","blue"
"10961","turquoise"
"10962","yellow"
"10963","tan"
"10964","grey"
"10965","grey"
"10966","grey"
"10969","yellow"
"10970","black"
"10971","brown"
"10972","brown"
"10973","turquoise"
"10974","magenta"
"10975","green"
"10978","grey"
"10979","purple"
"10980","brown"
"10981","red"
"10982","green"
"10983","turquoise"
"10984","black"
"10985","brown"
"10987","blue"
"10988","brown"
"10989","blue"
"10990","red"
"10991","grey"
"10992","green"
"10993","grey"
"10994","blue"
"10998","brown"
"10999","brown"
"11000","turquoise"
"11001","yellow"
"11004","grey"
"11005","grey"
"11006","red"
"11007","turquoise"
"11009","grey"
"1101","grey"
"11010","blue"
"11011","grey"
"11012","grey"
"11013","grey"
"11014","yellow"
"11015","grey"
"11016","yellow"
"11017","blue"
"11018","blue"
"11019","grey"
"1102","brown"
"11020","turquoise"
"11021","grey"
"11022","blue"
"11023","grey"
"11024","red"
"11025","red"
"11027","red"
"1103","grey"
"11030","blue"
"11031","purple"
"11033","brown"
"11034","blue"
"11035","red"
"11036","grey"
"11037","brown"
"11039","brown"
"1104","tan"
"11040","yellow"
"11041","yellow"
"11042","grey"
"11043","turquoise"
"11044","grey"
"11045","grey"
"11046","pink"
"11047","brown"
"1105","turquoise"
"11051","turquoise"
"11052","turquoise"
"11054","green"
"11055","grey"
"11056","grey"
"11057","turquoise"
"11059","turquoise"
"1106","turquoise"
"11060","yellow"
"11061","grey"
"11062","green"
"11063","grey"
"11064","brown"
"11065","grey"
"11066","green"
"11067","red"
"11068","greenyellow"
"11069","turquoise"
"1107","yellow"
"11070","black"
"11072","brown"
"11073","green"
"11074","grey"
"11075","yellow"
"11076","grey"
"11077","grey"
"11078","blue"
"11079","blue"
"1108","blue"
"11080","greenyellow"
"11081","grey"
"11082","grey"
"11083","yellow"
"11085","grey"
"11086","grey"
"1109","grey"
"11091","turquoise"
"11092","turquoise"
"11093","turquoise"
"11094","blue"
"11095","yellow"
"11096","grey"
"11097","grey"
"11098","grey"
"11099","turquoise"
"111","grey"
"11100","blue"
"11101","turquoise"
"11102","blue"
"11103","turquoise"
"11104","yellow"
"11105","grey"
"11107","purple"
"11108","grey"
"1111","grey"
"11112","brown"
"11113","yellow"
"11116","blue"
"11117","red"
"11118","grey"
"11119","grey"
"1112","turquoise"
"11120","turquoise"
"11122","yellow"
"11123","black"
"11124","brown"
"11126","turquoise"
"11127","blue"
"11128","yellow"
"11129","green"
"1113","yellow"
"11130","grey"
"11131","grey"
"11132","green"
"11133","green"
"11135","pink"
"11136","green"
"11137","grey"
"11138","grey"
"1114","yellow"
"11140","brown"
"11141","black"
"11142","brown"
"11143","turquoise"
"11144","grey"
"11145","pink"
"11146","blue"
"11147","green"
"11148","grey"
"11149","black"
"11151","grey"
"11152","green"
"11153","turquoise"
"11154","yellow"
"11155","pink"
"11156","red"
"11157","grey"
"11158","grey"
"11159","grey"
"1116","grey"
"11160","purple"
"11161","turquoise"
"11162","grey"
"11163","yellow"
"11164","blue"
"11165","grey"
"11166","purple"
"11167","red"
"11168","blue"
"11169","green"
"1117","grey"
"11170","blue"
"11171","grey"
"11172","grey"
"11173","grey"
"11174","grey"
"11176","turquoise"
"11177","yellow"
"11178","brown"
"11179","blue"
"1118","grey"
"11180","green"
"11181","grey"
"11182","brown"
"11183","brown"
"11184","blue"
"11185","blue"
"11186","blue"
"11187","yellow"
"11188","brown"
"11189","yellow"
"1119","blue"
"11190","grey"
"11191","green"
"11193","green"
"11194","grey"
"11196","green"
"11197","grey"
"11198","grey"
"11199","grey"
"112","grey"
"1120","green"
"11200","grey"
"11201","turquoise"
"11202","grey"
"11209","grey"
"1121","blue"
"11211","grey"
"11212","green"
"11213","red"
"11214","turquoise"
"11215","turquoise"
"11216","brown"
"11217","grey"
"11218","green"
"11219","grey"
"1122","blue"
"11221","black"
"11222","blue"
"11223","grey"
"11224","green"
"11226","pink"
"11227","grey"
"11228","turquoise"
"1123","yellow"
"11230","brown"
"11231","turquoise"
"11232","yellow"
"11234","brown"
"11235","grey"
"11236","blue"
"11237","grey"
"11238","grey"
"112398","turquoise"
"112399","brown"
"1124","black"
"11240","grey"
"112401","grey"
"11243","green"
"11244","turquoise"
"11245","yellow"
"112464","grey"
"11247","grey"
"112476","yellow"
"112479","turquoise"
"11248","grey"
"112483","green"
"112487","turquoise"
"11249","blue"
"112495","green"
"11250","green"
"11251","grey"
"11252","red"
"11253","green"
"11254","grey"
"11255","brown"
"11257","green"
"112574","brown"
"11258","turquoise"
"11259","grey"
"112597","grey"
"11260","turquoise"
"112609","yellow"
"11261","blue"
"112611","yellow"
"112616","red"
"11262","grey"
"11264","grey"
"11266","grey"
"11267","green"
"11269","grey"
"11270","blue"
"112703","turquoise"
"112714","grey"
"11272","brown"
"112724","grey"
"11273","grey"
"11274","grey"
"112744","grey"
"11275","turquoise"
"112752","turquoise"
"112755","yellow"
"11276","brown"
"11277","green"
"112770","grey"
"11278","turquoise"
"11279","green"
"1128","yellow"
"11280","grey"
"112802","grey"
"11281","green"
"112812","brown"
"112817","grey"
"11282","grey"
"11283","grey"
"11284","green"
"112840","grey"
"112849","grey"
"11285","brown"
"112858","grey"
"112869","green"
"112885","magenta"
"1129","blue"
"112936","yellow"
"112937","yellow"
"112939","brown"
"112942","yellow"
"112950","brown"
"112970","yellow"
"113","red"
"1130","turquoise"
"113000","brown"
"113026","magenta"
"11309","red"
"113091","grey"
"1131","yellow"
"11311","black"
"113115","grey"
"11313","brown"
"113130","yellow"
"11314","red"
"113146","yellow"
"11315","brown"
"113157","brown"
"11316","green"
"11317","grey"
"113174","grey"
"113177","blue"
"113178","blue"
"113179","blue"
"11318","grey"
"113189","blue"
"11319","turquoise"
"1132","blue"
"11320","turquoise"
"113201","turquoise"
"11321","grey"
"11322","pink"
"113220","brown"
"113230","turquoise"
"113235","grey"
"113246","brown"
"11325","grey"
"113251","turquoise"
"11326","red"
"113263","blue"
"113277","red"
"113278","red"
"11328","grey"
"11329","blue"
"1133","grey"
"11330","turquoise"
"11331","green"
"11332","yellow"
"11333","brown"
"11334","brown"
"11335","yellow"
"11336","turquoise"
"11337","green"
"11338","tan"
"11339","grey"
"1134","grey"
"11340","turquoise"
"113402","brown"
"11341","grey"
"113419","blue"
"11342","turquoise"
"11343","magenta"
"11344","turquoise"
"113444","brown"
"11345","yellow"
"113451","turquoise"
"113452","magenta"
"113457","grey"
"11346","brown"
"1135","brown"
"113510","grey"
"113540","grey"
"1136","grey"
"113612","turquoise"
"113622","yellow"
"113655","brown"
"113675","green"
"113691","grey"
"1137","brown"
"113730","grey"
"113746","grey"
"113763","grey"
"113791","grey"
"1138","grey"
"113802","yellow"
"113828","grey"
"113829","blue"
"113835","turquoise"
"113878","blue"
"1139","grey"
"114","grey"
"1140","magenta"
"114026","grey"
"114034","turquoise"
"114036","grey"
"114038","grey"
"114041","grey"
"114043","grey"
"114044","grey"
"114049","brown"
"114088","blue"
"1141","yellow"
"114112","grey"
"114131","grey"
"114132","grey"
"114134","blue"
"1142","blue"
"114224","grey"
"114294","turquoise"
"114299","grey"
"1143","grey"
"114327","grey"
"114335","grey"
"114336","grey"
"1144","grey"
"1145","green"
"114548","grey"
"114569","blue"
"114571","yellow"
"114599","grey"
"1146","grey"
"114609","grey"
"114614","grey"
"114625","grey"
"114659","grey"
"1147","turquoise"
"114757","brown"
"114758","grey"
"114769","red"
"114770","grey"
"114771","grey"
"114780","grey"
"114781","brown"
"114783","brown"
"114784","turquoise"
"114785","blue"
"114786","blue"
"114787","yellow"
"114788","blue"
"114789","grey"
"114790","grey"
"114791","green"
"114792","black"
"114793","turquoise"
"114794","grey"
"114795","blue"
"114796","grey"
"114798","blue"
"114799","turquoise"
"114800","blue"
"114801","blue"
"114803","green"
"114804","brown"
"114805","turquoise"
"114814","green"
"114815","yellow"
"114818","yellow"
"114819","grey"
"114821","blue"
"114822","turquoise"
"114823","blue"
"114824","yellow"
"114825","brown"
"114826","grey"
"114827","grey"
"114836","grey"
"114876","black"
"114879","grey"
"114880","yellow"
"114881","green"
"114882","turquoise"
"114883","black"
"114884","blue"
"114885","brown"
"114897","blue"
"114898","brown"
"114899","brown"
"1149","yellow"
"114900","brown"
"114902","blue"
"114904","green"
"114905","grey"
"114907","grey"
"114908","brown"
"114915","purple"
"114926","grey"
"114928","blue"
"114932","yellow"
"114960","grey"
"114971","turquoise"
"114984","turquoise"
"114987","grey"
"114990","grey"
"114991","yellow"
"115","grey"
"115004","red"
"115019","pink"
"115024","brown"
"115098","green"
"115106","grey"
"115110","grey"
"115111","grey"
"115123","grey"
"115196","greenyellow"
"1152","brown"
"115201","grey"
"115207","turquoise"
"115209","yellow"
"115265","grey"
"115273","grey"
"115286","yellow"
"115290","grey"
"115294","turquoise"
"1153","greenyellow"
"115330","red"
"115350","grey"
"115352","grey"
"115353","grey"
"115361","grey"
"115362","grey"
"115399","yellow"
"1154","red"
"115416","grey"
"115426","black"
"1155","turquoise"
"115509","grey"
"115548","turquoise"
"115557","yellow"
"115560","turquoise"
"115572","grey"
"115584","pink"
"115650","grey"
"115653","grey"
"115677","grey"
"115701","grey"
"115703","grey"
"115704","grey"
"115708","green"
"115727","red"
"115749","grey"
"115752","turquoise"
"115761","red"
"115795","grey"
"1158","grey"
"115811","blue"
"115817","turquoise"
"115825","brown"
"115827","yellow"
"115861","grey"
"1159","brown"
"115908","grey"
"115939","brown"
"115948","green"
"115950","brown"
"115992","blue"
"116","yellow"
"1160","grey"
"116028","yellow"
"116039","grey"
"116064","turquoise"
"116068","turquoise"
"116071","blue"
"116085","grey"
"116092","turquoise"
"116093","grey"
"1161","grey"
"116113","grey"
"116115","grey"
"116123","grey"
"116135","purple"
"116138","brown"
"116143","green"
"116150","grey"
"116151","grey"
"116154","blue"
"116159","turquoise"
"116173","pink"
"116179","grey"
"116211","grey"
"116224","turquoise"
"116225","brown"
"116228","turquoise"
"116236","yellow"
"116238","magenta"
"116254","turquoise"
"116255","grey"
"116285","grey"
"1163","grey"
"116328","grey"
"116337","grey"
"116349","greenyellow"
"116362","pink"
"116369","yellow"
"116372","grey"
"116379","grey"
"1164","grey"
"116412","grey"
"116437","blue"
"116441","turquoise"
"116442","blue"
"116443","yellow"
"116444","green"
"116447","green"
"116448","blue"
"116449","grey"
"116461","black"
"116496","red"
"116511","grey"
"116512","grey"
"116519","grey"
"116534","grey"
"116535","grey"
"116540","green"
"116541","turquoise"
"116729","grey"
"116828","brown"
"116832","grey"
"116835","red"
"116840","green"
"116841","brown"
"116842","blue"
"116843","grey"
"116844","red"
"116931","blue"
"116933","grey"
"116936","grey"
"116937","grey"
"116938","grey"
"116966","blue"
"116969","grey"
"116983","green"
"116984","turquoise"
"116985","blue"
"116986","yellow"
"116987","grey"
"116988","brown"
"117","magenta"
"117143","blue"
"117144","grey"
"117145","grey"
"117153","grey"
"117154","blue"
"117155","turquoise"
"117156","grey"
"117157","blue"
"117159","grey"
"117166","green"
"117177","salmon"
"117178","blue"
"117194","grey"
"117195","grey"
"117196","grey"
"117245","grey"
"117246","blue"
"117247","grey"
"117248","brown"
"117283","black"
"117285","grey"
"117286","grey"
"117289","red"
"1173","brown"
"1174","brown"
"1175","brown"
"117531","grey"
"117532","grey"
"117579","grey"
"117581","grey"
"117583","yellow"
"117584","black"
"1176","blue"
"117608","brown"
"1178","grey"
"117854","grey"
"1179","grey"
"118","grey"
"1180","grey"
"1181","green"
"1182","turquoise"
"1183","magenta"
"1184","turquoise"
"118421","grey"
"118424","green"
"118425","grey"
"118426","grey"
"118427","blue"
"118429","brown"
"118430","grey"
"118432","grey"
"118433","grey"
"118442","pink"
"118460","grey"
"118461","grey"
"118471","grey"
"118472","green"
"118487","brown"
"118490","grey"
"118491","grey"
"1185","grey"
"1186","green"
"118611","black"
"118663","pink"
"118670","grey"
"118672","grey"
"1187","grey"
"118738","pink"
"118788","red"
"1188","grey"
"118812","brown"
"118813","brown"
"118856","grey"
"118881","turquoise"
"118924","grey"
"118932","red"
"118980","grey"
"118987","turquoise"
"119","yellow"
"119016","grey"
"119032","blue"
"1191","magenta"
"119180","grey"
"1192","red"
"1193","grey"
"119369","grey"
"119385","brown"
"119391","grey"
"119392","black"
"119395","grey"
"119437","brown"
"119467","grey"
"1195","brown"
"119504","tan"
"119548","grey"
"119559","turquoise"
"119587","grey"
"1196","green"
"119678","grey"
"119679","grey"
"119687","grey"
"119694","grey"
"1197","grey"
"119710","yellow"
"119764","grey"
"119774","grey"
"1198","green"
"12","grey"
"120","turquoise"
"1200","grey"
"120065","grey"
"120071","grey"
"1201","blue"
"120103","turquoise"
"120114","blue"
"120146","grey"
"120224","midnightblue"
"120227","grey"
"120237","grey"
"1203","grey"
"120376","grey"
"120379","grey"
"120400","grey"
"120406","grey"
"120425","grey"
"120526","blue"
"120534","blue"
"1207","grey"
"120775","grey"
"120776","grey"
"120787","grey"
"1208","grey"
"120863","grey"
"120892","green"
"1209","turquoise"
"120935","grey"
"120939","grey"
"121006","turquoise"
"121053","brown"
"1211","brown"
"121130","grey"
"1212","brown"
"121214","grey"
"121227","brown"
"121256","yellow"
"121260","brown"
"121268","yellow"
"121273","brown"
"121274","turquoise"
"121275","grey"
"121278","blue"
"1213","blue"
"121340","grey"
"121355","grey"
"121391","grey"
"121441","turquoise"
"121456","blue"
"121457","red"
"1215","grey"
"121504","grey"
"121506","grey"
"121512","turquoise"
"121536","turquoise"
"121549","grey"
"121551","yellow"
"121599","grey"
"121601","black"
"121642","green"
"121643","grey"
"121665","red"
"121793","turquoise"
"121838","grey"
"121952","yellow"
"122011","turquoise"
"122042","blue"
"122046","grey"
"122060","black"
"122402","blue"
"122416","grey"
"122481","grey"
"122509","turquoise"
"122525","grey"
"122553","blue"
"122616","greenyellow"
"122618","grey"
"122622","grey"
"122651","grey"
"122664","grey"
"122665","grey"
"122704","green"
"122706","grey"
"122748","grey"
"122769","grey"
"122773","turquoise"
"122786","turquoise"
"122809","turquoise"
"122830","blue"
"122876","grey"
"122945","grey"
"122953","tan"
"122961","grey"
"122970","yellow"
"123","red"
"1230","red"
"123016","blue"
"123036","blue"
"123041","grey"
"123096","blue"
"123099","grey"
"123103","grey"
"123169","grey"
"1232","grey"
"123207","grey"
"123228","blue"
"123263","brown"
"123264","grey"
"123283","pink"
"1233","grey"
"123346","grey"
"123355","grey"
"1234","red"
"1235","yellow"
"123591","yellow"
"1236","grey"
"123606","black"
"123624","grey"
"123688","yellow"
"1237","grey"
"123720","grey"
"123722","grey"
"123745","grey"
"123775","grey"
"1238","grey"
"123803","turquoise"
"123811","blue"
"123872","grey"
"123876","grey"
"123879","brown"
"123904","green"
"123920","blue"
"123970","grey"
"124","grey"
"1240","red"
"124044","brown"
"124045","brown"
"124056","brown"
"124093","grey"
"1241","grey"
"124149","grey"
"124152","blue"
"124220","grey"
"124221","grey"
"124222","pink"
"124245","tan"
"124274","grey"
"124359","turquoise"
"1244","greenyellow"
"124401","green"
"124402","brown"
"124404","grey"
"124411","grey"
"124446","green"
"124454","grey"
"124460","red"
"124491","greenyellow"
"124512","grey"
"124535","grey"
"124538","cyan"
"124540","purple"
"124565","blue"
"124583","grey"
"124590","grey"
"124599","grey"
"124602","pink"
"124626","grey"
"124637","grey"
"124641","turquoise"
"124739","yellow"
"124751","brown"
"124773","grey"
"124783","brown"
"124790","turquoise"
"124801","blue"
"124808","blue"
"124817","yellow"
"124842","grey"
"124857","grey"
"124871","grey"
"124872","grey"
"124912","grey"
"124923","grey"
"124925","yellow"
"124930","green"
"124935","brown"
"124936","grey"
"124944","turquoise"
"124961","brown"
"124975","grey"
"124976","purple"
"124989","brown"
"124995","turquoise"
"124997","yellow"
"125","yellow"
"125050","green"
"125058","magenta"
"125061","pink"
"125111","brown"
"125113","yellow"
"125115","grey"
"125144","green"
"125150","green"
"125170","greenyellow"
"125206","grey"
"125228","blue"
"125336","yellow"
"125476","brown"
"125488","yellow"
"125704","pink"
"1258","yellow"
"125875","green"
"125893","brown"
"1259","grey"
"125919","grey"
"125931","grey"
"125950","blue"
"125958","grey"
"125963","grey"
"125965","grey"
"125972","grey"
"125981","grey"
"125988","brown"
"126","grey"
"1260","grey"
"126003","brown"
"126006","grey"
"126014","grey"
"126017","brown"
"126068","green"
"126069","grey"
"126070","turquoise"
"126074","grey"
"126075","green"
"1261","grey"
"126119","green"
"126123","grey"
"126129","brown"
"126133","blue"
"126147","green"
"1262","grey"
"126205","grey"
"126206","grey"
"126208","green"
"126231","turquoise"
"126248","grey"
"126259","grey"
"126272","yellow"
"126282","brown"
"126295","grey"
"126298","brown"
"126299","brown"
"1263","red"
"126306","turquoise"
"126308","blue"
"126321","turquoise"
"126326","blue"
"126328","brown"
"126353","grey"
"126364","red"
"126370","grey"
"126374","magenta"
"126375","brown"
"126382","green"
"126393","magenta"
"1264","grey"
"126402","grey"
"126410","grey"
"126432","grey"
"126433","brown"
"1265","blue"
"126520","grey"
"126526","blue"
"126536","grey"
"126541","grey"
"126549","grey"
"126567","brown"
"1266","red"
"126626","brown"
"126637","cyan"
"126638","grey"
"126661","grey"
"126668","blue"
"126669","red"
"126695","yellow"
"1267","pink"
"126731","blue"
"126755","yellow"
"126767","grey"
"126789","green"
"126792","brown"
"1268","blue"
"126820","grey"
"126823","greenyellow"
"126859","grey"
"126868","grey"
"1269","grey"
"126917","grey"
"126961","grey"
"126969","grey"
"127","grey"
"1270","salmon"
"127002","turquoise"
"127003","grey"
"127018","grey"
"127059","grey"
"127062","grey"
"127064","grey"
"127066","grey"
"127068","grey"
"127069","grey"
"127074","grey"
"127077","grey"
"1271","magenta"
"127124","grey"
"1272","turquoise"
"127247","grey"
"127253","turquoise"
"127254","blue"
"127255","grey"
"127262","yellow"
"127281","brown"
"127294","grey"
"127343","grey"
"127385","grey"
"127391","grey"
"127396","turquoise"
"127428","salmon"
"127435","red"
"127495","grey"
"127534","grey"
"127540","grey"
"127544","greenyellow"
"127550","grey"
"127579","green"
"127602","yellow"
"127623","grey"
"127665","grey"
"127670","grey"
"127687","green"
"1277","grey"
"127700","yellow"
"127703","yellow"
"127707","grey"
"127731","grey"
"127733","grey"
"127795","grey"
"1278","red"
"127829","grey"
"127833","grey"
"127841","grey"
"127845","brown"
"127933","turquoise"
"127943","yellow"
"128","purple"
"1280","grey"
"128025","grey"
"128061","grey"
"128077","yellow"
"1281","grey"
"128102","grey"
"128153","grey"
"128178","grey"
"1282","red"
"128209","grey"
"128218","pink"
"128229","grey"
"128239","yellow"
"128240","brown"
"128272","blue"
"128308","brown"
"128312","grey"
"128322","grey"
"128338","brown"
"128344","grey"
"128346","red"
"128367","cyan"
"128371","grey"
"128372","grey"
"128387","tan"
"1284","grey"
"128408","grey"
"128414","grey"
"128434","yellow"
"128439","green"
"128486","turquoise"
"128488","grey"
"128497","grey"
"1285","turquoise"
"128506","grey"
"128553","blue"
"1286","turquoise"
"128602","grey"
"128611","yellow"
"128637","grey"
"128646","grey"
"128653","grey"
"128674","blue"
"1287","black"
"128710","turquoise"
"1288","grey"
"128817","grey"
"128821","grey"
"128822","grey"
"128826","grey"
"128853","green"
"128854","turquoise"
"128859","grey"
"128861","grey"
"128864","grey"
"128866","turquoise"
"128869","green"
"128872","grey"
"128876","grey"
"1289","grey"
"128954","grey"
"128977","red"
"128989","brown"
"1290","blue"
"129025","grey"
"129049","yellow"
"129080","magenta"
"1291","blue"
"129138","turquoise"
"1292","blue"
"129285","grey"
"129293","yellow"
"1293","grey"
"129303","blue"
"1294","green"
"129401","grey"
"129446","grey"
"129450","grey"
"1295","brown"
"129521","grey"
"129530","green"
"129531","grey"
"129563","grey"
"1296","red"
"129607","green"
"129642","turquoise"
"129684","blue"
"129685","yellow"
"1297","grey"
"129787","grey"
"129790","grey"
"1298","pink"
"129804","yellow"
"129807","grey"
"129831","grey"
"129852","grey"
"129868","grey"
"129880","blue"
"129881","grey"
"1299","pink"
"13","grey"
"130","grey"
"1300","blue"
"130013","grey"
"130026","blue"
"130074","grey"
"130075","grey"
"1301","turquoise"
"130106","grey"
"130120","grey"
"130132","turquoise"
"130162","turquoise"
"1302","pink"
"130271","turquoise"
"1303","blue"
"130340","yellow"
"130355","grey"
"130367","grey"
"130399","turquoise"
"130497","grey"
"1305","grey"
"130502","grey"
"130507","turquoise"
"130535","salmon"
"130540","grey"
"130557","green"
"130560","grey"
"130574","grey"
"130576","brown"
"130589","magenta"
"1306","grey"
"130612","brown"
"130617","green"
"1307","grey"
"130733","yellow"
"130749","brown"
"130752","grey"
"1308","grey"
"130813","yellow"
"130814","brown"
"130827","blue"
"130872","grey"
"130888","grey"
"130916","grey"
"130940","grey"
"130951","yellow"
"131","grey"
"1310","blue"
"131034","yellow"
"131076","grey"
"131096","black"
"1311","grey"
"131118","yellow"
"131149","blue"
"131177","grey"
"1312","blue"
"131368","grey"
"131375","brown"
"131377","grey"
"1314","turquoise"
"131405","green"
"131408","yellow"
"131450","blue"
"131474","grey"
"1315","brown"
"131540","turquoise"
"131544","brown"
"131566","blue"
"131578","grey"
"131583","grey"
"1316","red"
"131601","green"
"131616","turquoise"
"131669","grey"
"1317","red"
"1318","black"
"131831","grey"
"131870","lightcyan"
"131873","grey"
"131890","grey"
"131909","grey"
"131920","grey"
"131965","grey"
"132","blue"
"132001","grey"
"132014","brown"
"132112","grey"
"132141","grey"
"132158","grey"
"132160","turquoise"
"132200","blue"
"132203","grey"
"132204","yellow"
"132228","green"
"132241","grey"
"132243","grey"
"132299","brown"
"132320","tan"
"132321","grey"
"132332","yellow"
"132430","brown"
"1325","brown"
"1326","red"
"132612","grey"
"132625","grey"
"132660","turquoise"
"132671","grey"
"1327","brown"
"132720","turquoise"
"132724","grey"
"132789","blue"
"132851","grey"
"132864","turquoise"
"132884","magenta"
"1329","brown"
"132946","brown"
"132949","turquoise"
"132954","grey"
"132989","grey"
"133","grey"
"133015","grey"
"133022","green"
"133060","grey"
"133121","black"
"133308","blue"
"133383","grey"
"133396","grey"
"133418","grey"
"133482","grey"
"133491","grey"
"133522","green"
"133558","grey"
"133584","grey"
"133619","turquoise"
"133686","purple"
"133688","grey"
"133690","grey"
"1337","brown"
"133746","turquoise"
"133874","grey"
"1339","turquoise"
"133923","grey"
"133957","turquoise"
"134","grey"
"1340","brown"
"134111","yellow"
"134121","green"
"134145","grey"
"134147","grey"
"134187","grey"
"134218","salmon"
"134265","red"
"134266","blue"
"134285","grey"
"134288","grey"
"134353","green"
"134359","grey"
"134391","blue"
"134429","turquoise"
"134430","turquoise"
"134466","grey"
"134492","brown"
"1345","yellow"
"134510","blue"
"134526","grey"
"134548","yellow"
"134549","pink"
"134553","turquoise"
"1346","brown"
"134637","tan"
"1347","brown"
"134701","yellow"
"134728","green"
"134829","blue"
"134860","grey"
"134864","grey"
"1349","yellow"
"134957","blue"
"135","grey"
"1350","brown"
"1351","brown"
"135112","magenta"
"135114","turquoise"
"135138","yellow"
"135152","brown"
"135154","blue"
"1352","grey"
"135228","grey"
"135250","grey"
"135293","turquoise"
"135295","yellow"
"1353","blue"
"135398","grey"
"135458","grey"
"1355","grey"
"1356","brown"
"135644","grey"
"135656","grey"
"1357","grey"
"1358","pink"
"135886","grey"
"135892","grey"
"1359","grey"
"135924","grey"
"135927","black"
"135932","pink"
"135935","grey"
"135941","grey"
"135946","grey"
"135948","grey"
"136","grey"
"1360","grey"
"136051","yellow"
"1361","black"
"1362","turquoise"
"136227","yellow"
"136242","turquoise"
"136259","grey"
"136263","grey"
"136288","grey"
"1363","purple"
"136306","grey"
"136319","blue"
"136332","grey"
"136371","grey"
"1364","grey"
"1365","grey"
"136541","grey"
"1366","grey"
"136647","grey"
"1368","black"
"136853","turquoise"
"136895","brown"
"1369","grey"
"136991","grey"
"1370","grey"
"137075","brown"
"1371","black"
"137209","grey"
"1373","grey"
"137362","grey"
"137392","blue"
"1374","purple"
"137492","blue"
"1375","green"
"1376","grey"
"137682","yellow"
"137695","blue"
"137735","grey"
"137797","grey"
"1378","brown"
"137814","grey"
"137835","brown"
"137868","grey"
"137872","grey"
"137886","blue"
"1379","grey"
"137902","grey"
"137964","green"
"137970","yellow"
"137994","grey"
"1380","grey"
"138009","grey"
"138046","yellow"
"138050","tan"
"138065","grey"
"1381","brown"
"138151","magenta"
"138162","grey"
"138199","blue"
"1382","brown"
"138240","grey"
"138241","black"
"138255","grey"
"138307","grey"
"138311","brown"
"1384","magenta"
"138428","grey"
"138429","brown"
"138474","turquoise"
"1385","turquoise"
"1386","turquoise"
"138639","black"
"138649","brown"
"1387","turquoise"
"138715","grey"
"138716","turquoise"
"138724","grey"
"138799","grey"
"1388","grey"
"138802","grey"
"138803","grey"
"138804","grey"
"138805","grey"
"138881","grey"
"138882","grey"
"138883","grey"
"1389","grey"
"138948","grey"
"1390","grey"
"139065","yellow"
"139067","grey"
"139081","pink"
"139105","grey"
"139135","grey"
"139170","grey"
"139189","grey"
"1392","yellow"
"139201","grey"
"139212","grey"
"139221","blue"
"139231","turquoise"
"139285","grey"
"1393","grey"
"139322","turquoise"
"139324","turquoise"
"139341","blue"
"139378","grey"
"1394","brown"
"139411","turquoise"
"139420","grey"
"139422","grey"
"139425","grey"
"1395","yellow"
"139562","grey"
"139596","blue"
"139599","blue"
"1396","grey"
"139628","grey"
"139629","grey"
"1397","brown"
"139716","red"
"139728","brown"
"139735","grey"
"139741","grey"
"139760","grey"
"139793","grey"
"1398","turquoise"
"139804","grey"
"139818","red"
"139886","turquoise"
"1399","turquoise"
"14","turquoise"
"140","red"
"1400","brown"
"140032","grey"
"1401","grey"
"140258","grey"
"140290","grey"
"1404","blue"
"140432","grey"
"140453","grey"
"140456","grey"
"140458","grey"
"140459","turquoise"
"140460","turquoise"
"140461","blue"
"140462","grey"
"140465","brown"
"140467","green"
"140469","grey"
"140545","brown"
"140564","yellow"
"140576","magenta"
"140578","grey"
"140597","yellow"
"1406","grey"
"140606","brown"
"140609","salmon"
"140612","green"
"140625","grey"
"140628","grey"
"140678","grey"
"140679","yellow"
"140680","green"
"140683","grey"
"140685","green"
"140686","grey"
"140687","brown"
"140688","black"
"140689","blue"
"140690","grey"
"140691","grey"
"140699","brown"
"1407","brown"
"140700","brown"
"140701","turquoise"
"140706","grey"
"140707","turquoise"
"140710","yellow"
"140711","red"
"140730","brown"
"140732","grey"
"140733","blue"
"140735","grey"
"140738","grey"
"140739","grey"
"140766","pink"
"140767","yellow"
"140771","grey"
"140775","turquoise"
"140776","grey"
"1408","yellow"
"140801","grey"
"140803","pink"
"140807","grey"
"140809","grey"
"140823","green"
"140825","turquoise"
"140828","grey"
"140831","grey"
"140832","grey"
"140834","grey"
"140836","grey"
"140838","green"
"140846","grey"
"140848","grey"
"140849","grey"
"140856","grey"
"140862","grey"
"140870","grey"
"140873","grey"
"140875","grey"
"140876","yellow"
"140880","grey"
"140881","grey"
"140883","blue"
"140885","brown"
"140886","brown"
"140890","turquoise"
"140893","grey"
"140894","grey"
"1409","grey"
"140901","grey"
"140902","grey"
"140947","grey"
"141","red"
"1410","blue"
"1411","grey"
"1412","grey"
"1413","grey"
"1414","grey"
"1415","turquoise"
"1416","grey"
"1417","grey"
"1418","grey"
"1419","grey"
"142","brown"
"1420","grey"
"1421","brown"
"142678","grey"
"142679","blue"
"142680","grey"
"142683","grey"
"142684","grey"
"142685","grey"
"142686","turquoise"
"142689","grey"
"1427","green"
"1428","yellow"
"142827","grey"
"142891","turquoise"
"1429","green"
"142910","grey"
"142913","grey"
"142940","blue"
"143","turquoise"
"143098","blue"
"1431","yellow"
"143162","grey"
"143187","turquoise"
"1432","green"
"143241","grey"
"143244","grey"
"143279","blue"
"143282","grey"
"143379","yellow"
"143384","blue"
"1434","magenta"
"143425","black"
"143458","turquoise"
"143471","grey"
"143496","grey"
"1435","yellow"
"143502","grey"
"143503","grey"
"143570","grey"
"1436","red"
"143630","blue"
"143662","blue"
"143666","grey"
"143678","grey"
"143684","turquoise"
"143686","turquoise"
"143689","grey"
"1437","grey"
"1438","red"
"143872","turquoise"
"143879","black"
"143884","yellow"
"143888","turquoise"
"1439","red"
"143903","pink"
"143941","grey"
"1440","grey"
"144097","green"
"1441","red"
"144100","brown"
"144108","turquoise"
"144110","grey"
"144124","grey"
"144125","grey"
"144132","grey"
"144165","blue"
"144193","grey"
"144195","grey"
"144203","grey"
"144233","grey"
"144245","turquoise"
"1443","grey"
"144321","grey"
"144347","brown"
"144348","salmon"
"144360","grey"
"144363","turquoise"
"144402","green"
"144404","brown"
"144406","grey"
"144423","yellow"
"144448","grey"
"144453","grey"
"144455","grey"
"144481","grey"
"144486","grey"
"1445","blue"
"144501","grey"
"144535","grey"
"144568","grey"
"144571","green"
"144577","black"
"1446","grey"
"144608","grey"
"144699","grey"
"1447","grey"
"144715","grey"
"144717","blue"
"144742","grey"
"144776","grey"
"1448","grey"
"144809","grey"
"144811","black"
"144817","grey"
"144920","grey"
"144983","grey"
"145165","grey"
"145173","blue"
"1452","green"
"145200","grey"
"145216","grey"
"145226","yellow"
"145241","grey"
"145249","grey"
"145258","grey"
"145264","grey"
"145270","pink"
"145282","turquoise"
"1453","grey"
"145376","grey"
"145389","turquoise"
"1454","grey"
"145407","turquoise"
"145438","grey"
"145447","grey"
"145474","grey"
"145482","grey"
"145483","blue"
"145497","grey"
"1455","grey"
"145501","grey"
"145508","brown"
"145553","brown"
"145567","yellow"
"145581","yellow"
"1456","turquoise"
"145624","grey"
"145645","grey"
"145663","grey"
"1457","blue"
"145741","grey"
"145748","grey"
"145757","black"
"145773","yellow"
"145781","turquoise"
"145783","brown"
"145788","grey"
"145814","grey"
"145820","grey"
"145837","brown"
"145845","grey"
"145853","brown"
"145858","grey"
"145864","grey"
"145873","brown"
"1459","brown"
"145942","grey"
"145946","grey"
"145957","yellow"
"145978","grey"
"146","yellow"
"1460","brown"
"146050","turquoise"
"146057","turquoise"
"146059","blue"
"146167","yellow"
"146177","grey"
"146183","grey"
"146198","grey"
"1462","turquoise"
"146206","brown"
"146212","grey"
"146223","grey"
"146225","green"
"146227","yellow"
"146279","brown"
"1463","purple"
"146310","grey"
"146325","grey"
"146330","yellow"
"146336","grey"
"146378","brown"
"146395","grey"
"1464","yellow"
"146429","grey"
"146433","brown"
"146434","turquoise"
"146439","turquoise"
"146456","grey"
"146481","grey"
"1465","blue"
"146512","grey"
"146513","grey"
"146540","grey"
"146542","green"
"146547","brown"
"146556","magenta"
"146562","grey"
"1466","grey"
"146664","brown"
"146691","grey"
"146705","blue"
"146712","brown"
"146713","yellow"
"146722","red"
"146723","grey"
"146754","grey"
"146760","yellow"
"146771","grey"
"146779","grey"
"146795","grey"
"1468","green"
"146802","grey"
"146822","grey"
"146845","grey"
"146849","grey"
"146850","red"
"146852","grey"
"146853","grey"
"146857","grey"
"146861","grey"
"146862","grey"
"146880","grey"
"146894","grey"
"1469","grey"
"146909","grey"
"146923","blue"
"146956","turquoise"
"147","yellow"
"1470","grey"
"147004","grey"
"147007","grey"
"147011","blue"
"147015","grey"
"147040","blue"
"147081","grey"
"147093","grey"
"1471","magenta"
"147111","grey"
"147138","blue"
"147166","grey"
"147172","brown"
"147179","blue"
"147184","grey"
"147199","grey"
"1472","grey"
"1473","grey"
"147323","grey"
"147339","turquoise"
"147372","blue"
"147381","yellow"
"1474","grey"
"147407","grey"
"147409","grey"
"147429","grey"
"147463","green"
"147495","magenta"
"1475","red"
"147525","grey"
"1476","green"
"147645","grey"
"147646","grey"
"147650","green"
"147657","brown"
"147658","grey"
"147660","grey"
"147664","grey"
"147670","blue"
"147685","grey"
"147686","tan"
"147687","brown"
"147694","grey"
"147699","grey"
"1477","midnightblue"
"147700","grey"
"147710","grey"
"147719","grey"
"147727","grey"
"147741","grey"
"147744","grey"
"147746","yellow"
"147798","grey"
"1478","turquoise"
"147804","blue"
"147807","green"
"147808","green"
"147837","grey"
"147841","grey"
"147872","grey"
"1479","brown"
"147906","grey"
"147912","magenta"
"147920","grey"
"147923","grey"
"147929","black"
"147945","grey"
"147947","blue"
"147948","grey"
"147949","grey"
"147965","turquoise"
"147968","green"
"147991","purple"
"148","purple"
"148003","grey"
"148014","brown"
"148022","grey"
"148046","grey"
"148066","grey"
"148103","yellow"
"148109","grey"
"148113","grey"
"148137","grey"
"148145","grey"
"148156","turquoise"
"148170","grey"
"148189","turquoise"
"148198","grey"
"1482","grey"
"148203","black"
"148206","green"
"148213","blue"
"148223","green"
"148229","grey"
"148231","grey"
"148252","yellow"
"148254","turquoise"
"148266","turquoise"
"148268","turquoise"
"148281","grey"
"148304","blue"
"148327","grey"
"148345","grey"
"148362","turquoise"
"148398","green"
"148413","green"
"148418","grey"
"148423","yellow"
"148479","grey"
"1485","grey"
"148523","brown"
"148534","blue"
"148545","grey"
"148581","grey"
"1486","brown"
"148641","yellow"
"148645","grey"
"148696","grey"
"1487","brown"
"148709","grey"
"148713","grey"
"148738","grey"
"148741","magenta"
"148753","yellow"
"148756","grey"
"148789","grey"
"1488","greenyellow"
"148808","yellow"
"148811","grey"
"148823","grey"
"148824","grey"
"148867","turquoise"
"148870","grey"
"148898","grey"
"1489","grey"
"148930","yellow"
"148932","blue"
"148979","grey"
"1490","grey"
"149013","grey"
"149041","turquoise"
"149047","cyan"
"149069","grey"
"149076","brown"
"149086","grey"
"149095","grey"
"1491","grey"
"149111","yellow"
"149134","brown"
"149175","yellow"
"149233","grey"
"149281","grey"
"149297","brown"
"1493","grey"
"149345","magenta"
"149351","grey"
"149371","turquoise"
"149373","grey"
"149420","turquoise"
"149428","tan"
"149461","grey"
"149465","grey"
"149466","grey"
"149473","turquoise"
"149478","red"
"149483","blue"
"149499","grey"
"1495","black"
"149563","red"
"1496","purple"
"149603","turquoise"
"149620","grey"
"149628","grey"
"149643","grey"
"149647","grey"
"149684","grey"
"149685","grey"
"149699","grey"
"1497","blue"
"149708","grey"
"149773","grey"
"149775","grey"
"149830","grey"
"149837","grey"
"149840","grey"
"1499","turquoise"
"149934","grey"
"149950","grey"
"149951","brown"
"149954","grey"
"149986","yellow"
"149992","grey"
"149998","blue"
"15","blue"
"150","yellow"
"1500","turquoise"
"150000","grey"
"150051","grey"
"150082","grey"
"150084","grey"
"150094","grey"
"1501","grey"
"150135","grey"
"150142","grey"
"150147","grey"
"150159","grey"
"150160","grey"
"150165","grey"
"150185","grey"
"150197","grey"
"150209","magenta"
"150221","grey"
"150223","brown"
"150244","brown"
"150248","turquoise"
"150274","green"
"150275","greenyellow"
"150280","grey"
"150290","turquoise"
"150291","brown"
"150297","grey"
"1503","grey"
"150350","grey"
"150353","grey"
"150356","pink"
"150365","grey"
"150368","blue"
"150372","red"
"150379","yellow"
"150381","green"
"150383","green"
"150384","blue"
"1504","grey"
"150465","grey"
"150468","grey"
"150472","turquoise"
"150483","grey"
"150527","grey"
"150538","yellow"
"150568","grey"
"150572","grey"
"150577","grey"
"150590","grey"
"1506","blue"
"150622","black"
"150677","blue"
"150678","green"
"150681","grey"
"150684","brown"
"150696","yellow"
"150709","grey"
"150726","yellow"
"150737","turquoise"
"150759","grey"
"150763","grey"
"150771","red"
"150776","grey"
"150786","green"
"1508","grey"
"150864","blue"
"1509","grey"
"150921","grey"
"150935","grey"
"150946","magenta"
"150962","turquoise"
"150967","yellow"
"150992","grey"
"151","blue"
"1510","grey"
"151009","brown"
"151011","turquoise"
"151050","turquoise"
"151056","grey"
"1511","grey"
"151112","blue"
"151121","grey"
"151126","blue"
"151171","grey"
"151174","grey"
"151176","yellow"
"151188","turquoise"
"151194","grey"
"151195","green"
"1512","grey"
"151230","blue"
"151234","grey"
"151242","grey"
"151246","turquoise"
"151254","grey"
"151258","grey"
"151278","grey"
"151295","red"
"1513","grey"
"151300","grey"
"151306","grey"
"151313","green"
"151325","grey"
"151354","yellow"
"151393","blue"
"1514","black"
"151449","blue"
"151473","blue"
"151475","red"
"151477","grey"
"151484","grey"
"1515","grey"
"151507","grey"
"151516","blue"
"151525","greenyellow"
"151531","yellow"
"151534","tan"
"151556","blue"
"151613","grey"
"151636","red"
"151647","black"
"151648","greenyellow"
"151649","turquoise"
"151651","grey"
"151658","grey"
"1517","grey"
"151742","green"
"151760","grey"
"151790","grey"
"1518","grey"
"151827","purple"
"151835","yellow"
"151871","grey"
"151877","grey"
"151887","grey"
"151888","grey"
"1519","brown"
"151903","turquoise"
"151963","blue"
"151987","turquoise"
"152","green"
"1520","red"
"152002","grey"
"152006","turquoise"
"152007","pink"
"152015","grey"
"152024","grey"
"152065","grey"
"152078","blue"
"152098","grey"
"1521","grey"
"152100","grey"
"152110","blue"
"152118","grey"
"152137","turquoise"
"152138","grey"
"152185","turquoise"
"152189","turquoise"
"152195","grey"
"1522","red"
"152206","grey"
"152217","turquoise"
"152225","grey"
"152273","red"
"152274","grey"
"1523","grey"
"152302","brown"
"152330","blue"
"1524","red"
"152404","brown"
"152405","grey"
"152485","turquoise"
"1525","blue"
"152503","turquoise"
"152518","turquoise"
"152519","turquoise"
"152559","turquoise"
"152573","brown"
"152578","grey"
"152579","blue"
"152586","grey"
"152641","grey"
"152687","grey"
"1527","grey"
"152742","grey"
"152756","turquoise"
"152789","yellow"
"1528","grey"
"152815","brown"
"152816","grey"
"152831","grey"
"152877","grey"
"152926","grey"
"152940","grey"
"152992","green"
"153","pink"
"153020","black"
"153090","grey"
"153129","blue"
"153163","grey"
"153201","grey"
"153218","grey"
"153222","turquoise"
"153241","turquoise"
"153328","grey"
"153339","turquoise"
"153364","blue"
"153396","blue"
"1534","yellow"
"153443","brown"
"153469","turquoise"
"153478","grey"
"1535","red"
"153527","yellow"
"153562","turquoise"
"153571","grey"
"153572","grey"
"153579","grey"
"1536","red"
"153642","turquoise"
"153643","grey"
"153657","grey"
"153684","brown"
"1537","turquoise"
"153733","turquoise"
"153743","grey"
"153745","grey"
"153768","grey"
"153769","yellow"
"153770","turquoise"
"153830","grey"
"1539","cyan"
"153910","grey"
"153918","grey"
"154","grey"
"1540","turquoise"
"154007","greenyellow"
"154043","greenyellow"
"154064","grey"
"154075","grey"
"154089","grey"
"154091","blue"
"154092","black"
"154141","pink"
"154150","grey"
"154197","grey"
"154214","turquoise"
"154215","black"
"154288","grey"
"1543","grey"
"154313","grey"
"154386","grey"
"1544","grey"
"154442","grey"
"154449","grey"
"154467","green"
"1545","grey"
"154661","blue"
"154664","grey"
"154743","blue"
"154754","grey"
"154761","grey"
"154790","yellow"
"154791","green"
"154796","purple"
"1548","grey"
"154807","blue"
"154810","grey"
"154822","grey"
"154860","grey"
"154865","grey"
"154872","grey"
"154881","black"
"1549","grey"
"154907","grey"
"155","yellow"
"155006","grey"
"155038","turquoise"
"155051","grey"
"155054","grey"
"155060","green"
"155061","grey"
"155066","turquoise"
"1551","grey"
"155184","grey"
"155185","grey"
"1553","grey"
"155368","grey"
"155370","grey"
"155382","brown"
"155400","green"
"155435","grey"
"155465","grey"
"1555","grey"
"1556","brown"
"1557","grey"
"1558","grey"
"1559","grey"
"156","brown"
"1562","grey"
"1564","blue"
"1565","grey"
"157","yellow"
"1571","yellow"
"1572","grey"
"157247","grey"
"157273","grey"
"157285","yellow"
"1573","blue"
"157310","grey"
"157313","grey"
"157376","yellow"
"157378","blue"
"157381","grey"
"157506","grey"
"157556","grey"
"157567","blue"
"157570","grey"
"157574","yellow"
"1576","grey"
"157627","brown"
"157638","brown"
"157657","turquoise"
"157680","blue"
"157693","blue"
"157695","blue"
"157697","grey"
"1577","grey"
"157724","grey"
"157739","grey"
"157753","turquoise"
"157769","turquoise"
"157773","grey"
"157777","grey"
"157807","blue"
"157848","grey"
"157855","grey"
"157869","grey"
"1579","grey"
"157922","blue"
"157927","grey"
"157983","grey"
"158","grey"
"1580","grey"
"158035","grey"
"158038","yellow"
"158046","grey"
"158055","grey"
"158056","blue"
"158062","grey"
"158067","grey"
"1581","grey"
"158131","grey"
"158135","black"
"158158","grey"
"158160","grey"
"1582","grey"
"158219","green"
"158228","black"
"158234","yellow"
"158248","green"
"158257","grey"
"158293","grey"
"158297","grey"
"1583","magenta"
"158314","grey"
"158326","grey"
"158358","turquoise"
"158376","grey"
"158381","grey"
"158399","turquoise"
"1584","grey"
"158401","grey"
"158405","brown"
"158427","grey"
"158431","grey"
"158434","brown"
"158435","greenyellow"
"158471","black"
"1585","grey"
"158506","grey"
"158511","grey"
"158521","grey"
"158572","grey"
"158584","brown"
"158586","blue"
"1586","grey"
"158696","blue"
"158724","grey"
"158747","black"
"158763","grey"
"158787","grey"
"158798","grey"
"1588","grey"
"158800","grey"
"158801","grey"
"158830","grey"
"158833","grey"
"158835","grey"
"158866","blue"
"158880","grey"
"1589","grey"
"158931","yellow"
"158960","green"
"158983","grey"
"159","magenta"
"1590","grey"
"159013","brown"
"159090","turquoise"
"159091","grey"
"1591","grey"
"159119","grey"
"159162","grey"
"159195","black"
"1592","blue"
"159296","grey"
"1593","blue"
"159371","grey"
"1594","grey"
"1595","black"
"159686","grey"
"159963","grey"
"159989","grey"
"16","grey"
"160","yellow"
"160065","grey"
"1601","red"
"160140","grey"
"1602","blue"
"160287","grey"
"160298","turquoise"
"1603","grey"
"160313","grey"
"160335","black"
"160364","grey"
"160365","grey"
"1604","black"
"160418","blue"
"160419","grey"
"160428","turquoise"
"160492","grey"
"1605","grey"
"160518","blue"
"1606","brown"
"160622","grey"
"1607","blue"
"160728","blue"
"160760","turquoise"
"160762","grey"
"160777","grey"
"1608","yellow"
"160851","blue"
"160857","grey"
"160897","turquoise"
"1609","brown"
"161","brown"
"1610","grey"
"161003","grey"
"1611","grey"
"161142","grey"
"161145","brown"
"161159","grey"
"161176","brown"
"161198","red"
"1612","blue"
"161247","green"
"161253","grey"
"161291","grey"
"1613","brown"
"161357","blue"
"161394","green"
"161424","blue"
"161436","turquoise"
"161497","yellow"
"1615","turquoise"
"161502","grey"
"161514","grey"
"161582","green"
"1616","blue"
"161635","grey"
"161725","black"
"161742","turquoise"
"161753","grey"
"161779","turquoise"
"1618","grey"
"161823","grey"
"161829","grey"
"161835","blue"
"161882","turquoise"
"161931","grey"
"162","black"
"1620","yellow"
"162073","yellow"
"162083","grey"
"1621","grey"
"162137","grey"
"1622","magenta"
"162239","blue"
"162282","grey"
"162333","grey"
"162387","grey"
"162394","turquoise"
"162417","grey"
"162427","turquoise"
"162461","grey"
"162466","grey"
"162494","brown"
"162514","yellow"
"162515","green"
"162517","grey"
"162540","yellow"
"162605","grey"
"162632","blue"
"162655","blue"
"162681","turquoise"
"162699","grey"
"1627","brown"
"1628","brown"
"1629","turquoise"
"162962","grey"
"162963","brown"
"162966","yellow"
"162967","brown"
"162968","brown"
"162972","turquoise"
"162979","blue"
"162989","grey"
"162993","turquoise"
"162998","grey"
"163","yellow"
"1630","blue"
"163033","turquoise"
"163049","turquoise"
"163050","grey"
"163051","grey"
"163059","grey"
"163071","grey"
"163081","turquoise"
"163087","brown"
"163115","grey"
"163126","blue"
"163131","turquoise"
"163154","green"
"163175","magenta"
"163183","green"
"1632","green"
"163223","grey"
"163227","turquoise"
"163255","yellow"
"163259","turquoise"
"1633","turquoise"
"163351","grey"
"1634","turquoise"
"163404","blue"
"163479","grey"
"163486","blue"
"1635","grey"
"163589","yellow"
"163590","grey"
"1636","brown"
"163688","turquoise"
"163702","grey"
"163720","grey"
"163732","turquoise"
"163747","grey"
"163778","grey"
"163782","grey"
"163786","turquoise"
"1638","turquoise"
"163859","turquoise"
"163882","blue"
"1639","turquoise"
"163933","brown"
"164","turquoise"
"164045","turquoise"
"164091","turquoise"
"1641","yellow"
"164118","grey"
"164127","grey"
"164153","grey"
"1642","grey"
"164237","grey"
"164284","grey"
"1643","blue"
"164312","grey"
"164395","blue"
"1644","grey"
"1645","grey"
"164592","grey"
"1646","grey"
"164633","grey"
"164656","grey"
"164668","grey"
"164684","grey"
"1647","grey"
"164714","grey"
"164781","grey"
"164832","blue"
"1649","green"
"165","grey"
"1650","grey"
"165055","turquoise"
"165082","turquoise"
"165100","grey"
"165140","blue"
"165186","grey"
"1652","brown"
"165215","purple"
"165257","grey"
"1653","blue"
"165324","yellow"
"1654","turquoise"
"1655","turquoise"
"165530","grey"
"165545","grey"
"1656","grey"
"165631","brown"
"165679","blue"
"1657","turquoise"
"165721","grey"
"165829","grey"
"1659","grey"
"165904","grey"
"165918","turquoise"
"166","brown"
"1660","brown"
"166012","grey"
"1662","yellow"
"1663","grey"
"166336","blue"
"166348","grey"
"166378","brown"
"166379","blue"
"1665","turquoise"
"1666","grey"
"166614","black"
"166647","purple"
"166655","grey"
"1667","grey"
"166752","blue"
"166785","grey"
"166793","grey"
"1668","grey"
"166815","turquoise"
"166824","grey"
"166863","grey"
"1669","grey"
"166929","salmon"
"166968","turquoise"
"166979","grey"
"166994","grey"
"167","grey"
"1670","grey"
"1671","grey"
"167127","grey"
"167153","turquoise"
"1672","grey"
"167227","blue"
"167359","brown"
"1674","grey"
"167410","grey"
"167465","turquoise"
"1675","green"
"167555","grey"
"1676","brown"
"167681","purple"
"167691","turquoise"
"1677","grey"
"1678","blue"
"167826","grey"
"167838","grey"
"168002","grey"
"168090","grey"
"168374","turquoise"
"168391","yellow"
"168400","grey"
"168417","grey"
"168433","grey"
"168448","grey"
"168451","turquoise"
"168455","turquoise"
"168507","grey"
"168537","red"
"168544","grey"
"168620","grey"
"168667","blue"
"1687","grey"
"168741","grey"
"168850","brown"
"168975","grey"
"1690","blue"
"169026","grey"
"169044","grey"
"169166","grey"
"169200","black"
"169270","tan"
"169355","grey"
"169436","turquoise"
"169522","turquoise"
"169611","grey"
"169693","grey"
"169714","grey"
"169792","grey"
"169834","grey"
"169841","turquoise"
"169966","grey"
"169981","blue"
"170062","grey"
"170063","grey"
"170067","grey"
"170082","grey"
"170261","blue"
"170302","grey"
"170370","grey"
"170371","pink"
"170384","turquoise"
"170392","grey"
"170393","grey"
"170394","brown"
"170425","grey"
"170463","brown"
"170482","grey"
"170487","grey"
"170506","green"
"170572","grey"
"170575","red"
"170589","grey"
"170591","grey"
"170622","grey"
"170626","grey"
"170627","grey"
"170679","grey"
"170680","grey"
"170685","blue"
"170688","grey"
"170689","grey"
"170690","yellow"
"170691","grey"
"170692","grey"
"170712","grey"
"170825","grey"
"170850","yellow"
"170954","red"
"170958","brown"
"170959","brown"
"170960","turquoise"
"170961","brown"
"171017","brown"
"171019","blue"
"171022","grey"
"171023","yellow"
"171024","blue"
"171169","grey"
"171177","yellow"
"171220","grey"
"171389","grey"
"171391","grey"
"171392","green"
"171423","grey"
"171425","grey"
"171482","grey"
"171483","grey"
"171484","grey"
"171546","grey"
"171558","grey"
"171568","black"
"171586","brown"
"1716","brown"
"1717","pink"
"1718","grey"
"1719","salmon"
"172","green"
"1723","blue"
"1725","turquoise"
"1727","magenta"
"1728","magenta"
"1729","yellow"
"173","cyan"
"1730","turquoise"
"1731","turquoise"
"1733","grey"
"1734","grey"
"1735","grey"
"1736","grey"
"1737","blue"
"1738","green"
"1739","salmon"
"174","yellow"
"1740","blue"
"1741","yellow"
"1742","yellow"
"1743","grey"
"1745","yellow"
"1746","yellow"
"1747","grey"
"1748","grey"
"1749","yellow"
"175","grey"
"1750","yellow"
"1755","pink"
"1756","green"
"1757","magenta"
"1758","grey"
"1759","yellow"
"176","red"
"1760","blue"
"1761","grey"
"1762","grey"
"1763","brown"
"1767","grey"
"1768","yellow"
"1769","grey"
"177","blue"
"1770","grey"
"1773","green"
"1774","grey"
"1775","green"
"1776","grey"
"1777","grey"
"1778","grey"
"178","turquoise"
"1780","blue"
"1781","black"
"1783","salmon"
"1785","pink"
"1786","grey"
"1787","turquoise"
"1788","yellow"
"1789","grey"
"1791","grey"
"1793","salmon"
"1794","red"
"1795","blue"
"1796","blue"
"1797","green"
"1798","green"
"18","purple"
"1800","grey"
"1801","turquoise"
"1802","grey"
"1803","blue"
"1804","yellow"
"1805","brown"
"1806","brown"
"1807","yellow"
"1808","turquoise"
"1809","grey"
"181","turquoise"
"1810","green"
"1811","grey"
"1812","blue"
"1813","brown"
"1814","grey"
"1815","green"
"1816","yellow"
"1818","grey"
"1819","green"
"182","turquoise"
"1820","grey"
"1821","yellow"
"1822","grey"
"1823","grey"
"1824","red"
"1825","grey"
"1826","grey"
"1827","salmon"
"1828","grey"
"1829","grey"
"183","grey"
"1830","grey"
"1831","grey"
"1832","turquoise"
"1833","grey"
"1834","grey"
"1836","brown"
"1837","yellow"
"1838","brown"
"1839","pink"
"1840","brown"
"1841","green"
"1842","brown"
"1843","red"
"1844","yellow"
"1845","green"
"1846","grey"
"1847","grey"
"1848","grey"
"1849","pink"
"185","grey"
"1850","brown"
"1852","grey"
"1854","grey"
"1855","green"
"1856","blue"
"1857","grey"
"1859","blue"
"186","grey"
"1861","yellow"
"1869","green"
"187","grey"
"1870","grey"
"1871","blue"
"1874","green"
"1875","grey"
"1876","grey"
"1877","grey"
"1879","red"
"1880","red"
"1889","blue"
"189","grey"
"1890","red"
"1891","green"
"1892","turquoise"
"1893","grey"
"1894","turquoise"
"1896","yellow"
"19","turquoise"
"190","blue"
"1901","purple"
"1902","lightcyan"
"1903","red"
"1906","grey"
"1907","grey"
"1908","grey"
"1909","turquoise"
"191","turquoise"
"1910","purple"
"1911","grey"
"1912","blue"
"1915","yellow"
"191585","grey"
"1917","yellow"
"192111","brown"
"192134","grey"
"192286","green"
"192666","grey"
"192668","grey"
"192669","brown"
"192670","brown"
"192683","yellow"
"1933","grey"
"1936","green"
"193629","grey"
"1937","green"
"1938","grey"
"1939","blue"
"1942","pink"
"1943","grey"
"1944","yellow"
"1945","blue"
"1946","yellow"
"1947","blue"
"1948","blue"
"1949","yellow"
"1950","grey"
"1951","brown"
"1952","grey"
"1953","grey"
"1954","brown"
"1955","turquoise"
"1956","turquoise"
"1958","grey"
"195814","yellow"
"195827","brown"
"195828","brown"
"1959","grey"
"195977","grey"
"196","brown"
"1960","blue"
"196047","purple"
"196051","blue"
"196074","blue"
"1961","yellow"
"1962","purple"
"196264","grey"
"196294","yellow"
"196335","grey"
"196374","grey"
"196383","grey"
"196385","turquoise"
"196394","blue"
"1964","blue"
"196403","brown"
"196410","blue"
"196415","grey"
"196441","turquoise"
"196446","grey"
"196463","green"
"196472","grey"
"196475","grey"
"196477","grey"
"196483","turquoise"
"1965","grey"
"196500","brown"
"196513","grey"
"196527","turquoise"
"196528","turquoise"
"196541","blue"
"196549","grey"
"1967","grey"
"196740","grey"
"196743","green"
"196792","turquoise"
"1968","grey"
"196872","yellow"
"196883","red"
"1969","red"
"196913","grey"
"196951","grey"
"196968","grey"
"196993","grey"
"196996","grey"
"197","grey"
"197003","grey"
"197021","grey"
"197131","blue"
"197135","grey"
"197187","brown"
"197196","grey"
"197257","magenta"
"197258","green"
"197259","red"
"1973","grey"
"197320","turquoise"
"197322","turquoise"
"197335","grey"
"197342","turquoise"
"197350","grey"
"197358","grey"
"197370","green"
"1974","blue"
"197407","brown"
"1975","grey"
"1977","yellow"
"1978","blue"
"1979","purple"
"1981","turquoise"
"1982","green"
"1983","grey"
"1984","brown"
"198437","turquoise"
"199","red"
"1990","grey"
"1991","grey"
"1992","red"
"199221","grey"
"199223","green"
"1993","blue"
"1994","grey"
"1995","grey"
"1996","yellow"
"199675","grey"
"199692","turquoise"
"199699","grey"
"1997","brown"
"199704","turquoise"
"199713","grey"
"199720","grey"
"199731","pink"
"199745","blue"
"199746","green"
"199777","turquoise"
"199786","grey"
"1998","brown"
"199800","blue"
"199834","grey"
"199857","grey"
"199870","grey"
"199882","grey"
"199899","grey"
"1999","grey"
"199920","grey"
"199953","green"
"199964","grey"
"199974","yellow"
"199990","brown"
"2","red"
"20","pink"
"2000","red"
"200008","grey"
"200010","grey"
"200014","blue"
"200030","grey"
"200035","green"
"200058","brown"
"200081","green"
"2001","grey"
"200132","grey"
"200150","brown"
"200159","grey"
"200162","grey"
"200172","tan"
"200185","green"
"200186","green"
"200197","blue"
"2002","grey"
"200205","yellow"
"200232","grey"
"200261","grey"
"200298","grey"
"2003","grey"
"200312","brown"
"200315","grey"
"200316","blue"
"200350","grey"
"200373","yellow"
"2004","turquoise"
"200403","grey"
"200407","blue"
"200420","grey"
"200424","turquoise"
"2005","turquoise"
"200504","grey"
"200523","grey"
"200539","grey"
"200558","grey"
"200576","turquoise"
"2006","blue"
"200634","green"
"200726","yellow"
"200728","blue"
"200734","grey"
"200765","grey"
"200772","grey"
"200810","grey"
"200844","grey"
"200845","green"
"200879","grey"
"200894","brown"
"200895","grey"
"2009","black"
"200909","grey"
"200916","turquoise"
"200931","grey"
"200933","grey"
"200942","black"
"200958","grey"
"200959","grey"
"2010","green"
"2011","grey"
"201134","yellow"
"201140","grey"
"201158","grey"
"201161","turquoise"
"201163","grey"
"201164","grey"
"201176","red"
"201181","green"
"201191","brown"
"2012","red"
"201229","greenyellow"
"201232","grey"
"201243","grey"
"201254","green"
"201255","grey"
"201266","grey"
"201283","yellow"
"201292","blue"
"201294","blue"
"201299","grey"
"2013","red"
"201305","grey"
"2014","blue"
"201456","grey"
"201475","blue"
"201477","yellow"
"2015","red"
"201501","grey"
"201514","grey"
"201516","grey"
"201562","turquoise"
"201595","turquoise"
"2016","yellow"
"201617","grey"
"201625","grey"
"201626","turquoise"
"201627","turquoise"
"201633","grey"
"201651","grey"
"2017","blue"
"201725","grey"
"201780","blue"
"201798","turquoise"
"201799","red"
"2018","magenta"
"201895","green"
"2019","grey"
"201931","turquoise"
"201965","grey"
"201973","brown"
"202","turquoise"
"2020","grey"
"202018","turquoise"
"202020","green"
"202051","grey"
"202052","blue"
"2021","turquoise"
"202134","yellow"
"202151","purple"
"202181","turquoise"
"2022","red"
"202243","grey"
"202299","grey"
"2023","brown"
"202309","red"
"202333","purple"
"202374","yellow"
"202459","grey"
"202500","grey"
"202559","yellow"
"2026","yellow"
"202658","green"
"2027","blue"
"202781","grey"
"2028","grey"
"202865","grey"
"2029","yellow"
"202915","green"
"203","green"
"2030","grey"
"203054","green"
"203062","green"
"203068","yellow"
"203069","green"
"203074","grey"
"203076","grey"
"203100","grey"
"203102","brown"
"203111","yellow"
"203190","pink"
"203197","yellow"
"203228","grey"
"203238","grey"
"203245","grey"
"203259","grey"
"203260","green"
"203286","green"
"2033","turquoise"
"203328","red"
"2034","turquoise"
"203414","brown"
"203427","turquoise"
"203429","grey"
"203430","grey"
"203447","grey"
"2035","grey"
"203522","grey"
"203523","blue"
"203547","yellow"
"203562","blue"
"203569","grey"
"2036","yellow"
"2037","salmon"
"2038","grey"
"203859","blue"
"2039","yellow"
"204","blue"
"2040","brown"
"204010","grey"
"2041","turquoise"
"2042","blue"
"204219","grey"
"2043","blue"
"2044","blue"
"204474","grey"
"2045","blue"
"2046","brown"
"2047","grey"
"2048","grey"
"204801","grey"
"204851","brown"
"2049","grey"
"204962","blue"
"205","grey"
"2050","red"
"2051","brown"
"205147","yellow"
"2052","magenta"
"205251","brown"
"2053","grey"
"205327","blue"
"2054","grey"
"205428","turquoise"
"2055","black"
"205564","grey"
"2056","grey"
"2057","blue"
"205717","brown"
"2058","brown"
"205860","brown"
"2059","turquoise"
"2060","turquoise"
"2063","brown"
"206338","grey"
"206358","grey"
"2064","magenta"
"206412","grey"
"206426","turquoise"
"2065","pink"
"2066","turquoise"
"2067","grey"
"2068","black"
"2069","grey"
"207","blue"
"2070","grey"
"207063","grey"
"2071","grey"
"207107","green"
"207147","grey"
"2072","turquoise"
"2073","blue"
"2074","turquoise"
"2077","pink"
"2078","red"
"2079","yellow"
"208","blue"
"2081","brown"
"2086","grey"
"2091","green"
"2098","blue"
"2099","grey"
"21","brown"
"210","grey"
"2100","grey"
"2101","grey"
"2103","grey"
"2104","blue"
"2107","grey"
"2108","purple"
"2109","green"
"211","grey"
"2110","grey"
"2113","turquoise"
"2114","grey"
"2115","purple"
"2116","green"
"2117","turquoise"
"2118","grey"
"2119","grey"
"212","grey"
"2120","red"
"2121","greenyellow"
"2122","turquoise"
"2123","black"
"2124","brown"
"2125","grey"
"2128","grey"
"213","greenyellow"
"2130","turquoise"
"2131","yellow"
"2132","grey"
"2134","brown"
"2135","blue"
"2137","brown"
"2138","purple"
"2139","magenta"
"214","black"
"2140","grey"
"2145","blue"
"2146","grey"
"2147","grey"
"2149","turquoise"
"215","blue"
"2150","brown"
"2151","grey"
"2152","grey"
"2153","grey"
"2155","yellow"
"2157","green"
"2158","grey"
"2159","grey"
"216","grey"
"2160","grey"
"2161","brown"
"2162","red"
"2165","grey"
"2166","green"
"2167","grey"
"2168","grey"
"2169","grey"
"217","magenta"
"2170","yellow"
"2171","grey"
"2172","brown"
"2173","grey"
"2175","green"
"2176","yellow"
"2177","grey"
"2178","blue"
"218","grey"
"2180","black"
"2181","blue"
"2182","blue"
"2184","magenta"
"2185","yellow"
"2186","turquoise"
"2187","black"
"2188","turquoise"
"2189","green"
"219","grey"
"2191","grey"
"2192","magenta"
"219285","brown"
"219287","black"
"219293","blue"
"2193","brown"
"219333","turquoise"
"219347","grey"
"219348","green"
"2194","grey"
"219402","turquoise"
"219409","grey"
"219417","cyan"
"219428","grey"
"219429","grey"
"219431","grey"
"219432","cyan"
"219438","grey"
"219445","grey"
"219464","grey"
"219469","cyan"
"219477","grey"
"219479","grey"
"2195","purple"
"219525","grey"
"219527","blue"
"219537","grey"
"219539","turquoise"
"219541","brown"
"219557","grey"
"219578","blue"
"219595","grey"
"2196","grey"
"219621","grey"
"219623","grey"
"219654","blue"
"219670","grey"
"219681","grey"
"219699","black"
"2197","green"
"219731","grey"
"219736","purple"
"219738","brown"
"219743","grey"
"219749","blue"
"219770","yellow"
"219771","grey"
"219790","blue"
"219793","grey"
"219833","grey"
"219844","blue"
"219854","yellow"
"219855","red"
"219865","grey"
"219869","grey"
"219870","grey"
"219874","grey"
"219875","grey"
"219899","turquoise"
"2199","grey"
"219902","brown"
"219927","brown"
"219931","grey"
"219938","grey"
"219956","grey"
"219957","grey"
"219958","grey"
"219960","grey"
"219968","grey"
"219970","grey"
"219972","red"
"219982","grey"
"219983","grey"
"219988","greenyellow"
"219990","grey"
"219995","grey"
"22","brown"
"220","grey"
"2200","turquoise"
"220001","green"
"220002","blue"
"220004","grey"
"220032","grey"
"220042","grey"
"220047","grey"
"220064","grey"
"220070","grey"
"220074","magenta"
"220081","grey"
"220082","grey"
"2201","grey"
"220107","blue"
"220108","pink"
"220115","grey"
"220134","grey"
"220136","grey"
"220158","grey"
"220164","blue"
"2202","grey"
"220202","yellow"
"220213","turquoise"
"220296","blue"
"2203","grey"
"220323","magenta"
"220359","brown"
"220382","blue"
"220388","grey"
"2204","red"
"220416","black"
"220429","grey"
"220441","brown"
"2205","grey"
"220594","grey"
"2206","grey"
"2207","red"
"220729","turquoise"
"2208","grey"
"220832","grey"
"220869","grey"
"2209","red"
"220906","yellow"
"220929","blue"
"220930","turquoise"
"220963","purple"
"220965","turquoise"
"220972","greenyellow"
"220979","grey"
"220980","grey"
"220988","turquoise"
"220992","grey"
"221","grey"
"2210","grey"
"221002","yellow"
"221035","turquoise"
"221037","turquoise"
"221044","grey"
"221060","grey"
"221061","grey"
"221074","purple"
"221078","grey"
"221079","blue"
"221091","grey"
"221092","grey"
"221120","turquoise"
"221122","grey"
"221143","grey"
"221150","grey"
"221154","blue"
"221178","black"
"221184","pink"
"221188","grey"
"221191","grey"
"2212","red"
"221223","grey"
"221241","grey"
"221262","grey"
"221264","turquoise"
"221294","black"
"2213","red"
"221301","grey"
"221302","blue"
"221303","grey"
"221322","green"
"221336","blue"
"221357","cyan"
"221391","grey"
"221393","grey"
"221395","turquoise"
"2214","red"
"221400","grey"
"221409","grey"
"221416","grey"
"221421","grey"
"221424","yellow"
"221438","grey"
"221442","yellow"
"221443","grey"
"221458","pink"
"221468","grey"
"221472","red"
"221476","pink"
"221477","grey"
"221481","blue"
"221491","brown"
"221496","green"
"2215","red"
"221504","grey"
"221527","blue"
"221545","brown"
"221584","grey"
"221613","grey"
"221656","turquoise"
"221662","blue"
"221687","purple"
"221692","yellow"
"2217","blue"
"221710","blue"
"221711","grey"
"221718","grey"
"221749","blue"
"221756","grey"
"221785","grey"
"221786","grey"
"2218","green"
"221806","yellow"
"221823","grey"
"221830","blue"
"221833","blue"
"221883","grey"
"221895","blue"
"2219","grey"
"221908","green"
"221914","blue"
"221927","blue"
"221935","grey"
"221937","grey"
"221938","magenta"
"221955","brown"
"221960","grey"
"221981","turquoise"
"222","grey"
"2220","grey"
"222008","yellow"
"222029","cyan"
"222068","turquoise"
"222161","grey"
"222166","lightcyan"
"222171","grey"
"222183","brown"
"222194","turquoise"
"2222","grey"
"222223","black"
"222229","turquoise"
"222234","yellow"
"222235","grey"
"222236","turquoise"
"222255","blue"
"222256","grey"
"222389","grey"
"2224","grey"
"222484","turquoise"
"222487","grey"
"222537","grey"
"222545","grey"
"222546","grey"
"222553","blue"
"222584","grey"
"222611","grey"
"222642","grey"
"222643","grey"
"222658","turquoise"
"222659","grey"
"222662","yellow"
"222663","grey"
"222696","turquoise"
"222698","grey"
"222699","grey"
"222826","grey"
"222865","yellow"
"222894","grey"
"222901","grey"
"222950","yellow"
"222962","brown"
"222967","grey"
"223","grey"
"2230","grey"
"223075","grey"
"223082","turquoise"
"223117","blue"
"2232","green"
"2235","grey"
"2237","brown"
"2239","grey"
"224","grey"
"2241","turquoise"
"2242","red"
"2243","grey"
"2244","grey"
"2245","brown"
"2246","salmon"
"2247","purple"
"2248","grey"
"225","purple"
"2250","blue"
"2251","grey"
"2252","grey"
"2253","brown"
"2254","yellow"
"2255","blue"
"2256","magenta"
"225689","grey"
"2257","blue"
"2258","blue"
"2259","yellow"
"226","brown"
"2260","grey"
"2261","magenta"
"2262","purple"
"2263","pink"
"2264","green"
"2266","grey"
"2267","grey"
"2268","red"
"2271","yellow"
"2273","blue"
"2274","yellow"
"2275","blue"
"2277","grey"
"22794","lightcyan"
"22795","brown"
"22796","grey"
"22797","red"
"22798","grey"
"2280","turquoise"
"22800","turquoise"
"22801","red"
"22802","black"
"22803","brown"
"22806","grey"
"22807","turquoise"
"22808","magenta"
"22809","grey"
"2281","brown"
"22818","brown"
"2282","grey"
"22820","yellow"
"22821","grey"
"22822","turquoise"
"22823","blue"
"22824","green"
"22826","brown"
"22827","turquoise"
"22828","brown"
"22829","grey"
"22832","grey"
"22834","yellow"
"22835","turquoise"
"22836","turquoise"
"22837","turquoise"
"22838","grey"
"22839","brown"
"22841","turquoise"
"22843","blue"
"22844","grey"
"22845","greenyellow"
"22846","lightcyan"
"22847","turquoise"
"22848","blue"
"22849","turquoise"
"22850","turquoise"
"22852","turquoise"
"22853","blue"
"22854","blue"
"22856","turquoise"
"22858","turquoise"
"22859","brown"
"2286","green"
"22861","red"
"22862","turquoise"
"22863","grey"
"22864","turquoise"
"22865","blue"
"22866","blue"
"22868","blue"
"22869","green"
"2287","yellow"
"22870","brown"
"22871","turquoise"
"22872","green"
"22873","grey"
"22874","grey"
"22875","turquoise"
"22876","yellow"
"22877","turquoise"
"22878","green"
"22879","turquoise"
"2288","tan"
"22880","green"
"22881","blue"
"22882","yellow"
"22883","yellow"
"22884","blue"
"22885","grey"
"22887","blue"
"22888","turquoise"
"22889","brown"
"2289","grey"
"22890","brown"
"22891","blue"
"22893","grey"
"22894","turquoise"
"22895","yellow"
"22897","green"
"22898","red"
"22899","red"
"229","grey"
"2290","blue"
"22900","turquoise"
"22901","grey"
"22902","blue"
"22903","black"
"22904","red"
"22905","yellow"
"22906","turquoise"
"22907","turquoise"
"22908","turquoise"
"22909","brown"
"22911","blue"
"22913","blue"
"22914","blue"
"22915","red"
"22916","grey"
"22917","grey"
"22918","red"
"22919","yellow"
"22920","blue"
"22921","green"
"22924","yellow"
"22925","grey"
"22926","brown"
"22927","brown"
"22928","grey"
"22929","midnightblue"
"22930","blue"
"22931","turquoise"
"22932","turquoise"
"22933","pink"
"22934","blue"
"22936","black"
"22937","green"
"22938","grey"
"2294","red"
"22941","blue"
"22943","grey"
"22944","turquoise"
"22948","greenyellow"
"22949","grey"
"2295","grey"
"22950","blue"
"22952","grey"
"22953","yellow"
"22954","blue"
"22955","brown"
"2296","turquoise"
"2297","red"
"22973","turquoise"
"22974","yellow"
"22976","yellow"
"22977","turquoise"
"22978","purple"
"22979","grey"
"2298","grey"
"22980","turquoise"
"22981","blue"
"22982","black"
"22983","brown"
"22984","grey"
"22985","blue"
"22986","blue"
"22987","grey"
"22989","grey"
"2299","grey"
"22990","turquoise"
"22992","grey"
"22993","grey"
"22994","green"
"22995","brown"
"22996","yellow"
"22997","turquoise"
"22998","salmon"
"22999","blue"
"23","grey"
"230","magenta"
"2300","grey"
"23001","turquoise"
"23002","grey"
"23005","grey"
"23007","blue"
"23008","grey"
"2301","grey"
"23011","turquoise"
"23012","turquoise"
"23013","turquoise"
"23014","blue"
"23015","grey"
"23016","brown"
"23017","brown"
"23019","turquoise"
"2302","magenta"
"23020","grey"
"23022","yellow"
"23023","turquoise"
"23024","pink"
"23025","yellow"
"23026","yellow"
"23028","grey"
"23029","grey"
"2303","grey"
"23030","grey"
"23031","brown"
"23032","blue"
"23033","green"
"23034","salmon"
"23035","blue"
"23036","turquoise"
"23037","turquoise"
"23038","grey"
"23039","blue"
"2304","grey"
"23040","yellow"
"23041","turquoise"
"23042","grey"
"23043","turquoise"
"23046","yellow"
"23047","blue"
"23048","pink"
"23049","turquoise"
"2305","green"
"23051","magenta"
"23052","black"
"23053","brown"
"23054","turquoise"
"23057","yellow"
"23059","grey"
"2306","grey"
"23060","yellow"
"23061","grey"
"23062","grey"
"23063","turquoise"
"23064","brown"
"23065","blue"
"23066","yellow"
"23067","grey"
"2307","grey"
"23070","greenyellow"
"23071","brown"
"23072","yellow"
"23074","blue"
"23075","turquoise"
"23076","salmon"
"23077","green"
"23078","green"
"2308","yellow"
"23080","blue"
"23081","brown"
"23082","grey"
"23085","grey"
"23086","grey"
"23087","grey"
"23089","yellow"
"2309","turquoise"
"23090","purple"
"23091","turquoise"
"23092","blue"
"23093","grey"
"23094","grey"
"23095","turquoise"
"23096","yellow"
"23097","salmon"
"23098","grey"
"23099","turquoise"
"231","grey"
"2310","grey"
"23101","turquoise"
"23102","yellow"
"23105","yellow"
"23107","blue"
"23108","yellow"
"23109","brown"
"23111","turquoise"
"23112","brown"
"23113","brown"
"23114","black"
"23116","turquoise"
"23117","grey"
"23118","turquoise"
"23119","grey"
"2312","turquoise"
"23120","black"
"23122","turquoise"
"23125","brown"
"23126","grey"
"23127","pink"
"23129","blue"
"2313","turquoise"
"23130","green"
"23131","turquoise"
"23132","grey"
"23133","yellow"
"23135","grey"
"23136","blue"
"23137","turquoise"
"23138","blue"
"23139","grey"
"2314","yellow"
"23140","yellow"
"23141","grey"
"23142","blue"
"23143","turquoise"
"23144","green"
"23145","grey"
"23148","pink"
"23149","pink"
"2315","grey"
"23150","black"
"23151","grey"
"23152","grey"
"23154","yellow"
"23155","brown"
"23157","yellow"
"23158","blue"
"2316","red"
"23160","grey"
"23161","turquoise"
"23162","yellow"
"23163","grey"
"23164","turquoise"
"23165","brown"
"23166","red"
"23167","blue"
"23168","blue"
"23169","brown"
"2317","grey"
"23170","brown"
"23171","blue"
"23172","blue"
"23173","blue"
"23174","grey"
"23175","purple"
"23176","pink"
"23177","blue"
"23178","grey"
"23179","turquoise"
"2318","brown"
"23180","yellow"
"23181","brown"
"23184","grey"
"23185","grey"
"23186","turquoise"
"23187","pink"
"23189","brown"
"2319","turquoise"
"23190","turquoise"
"23191","red"
"23192","green"
"23193","grey"
"23194","yellow"
"23195","turquoise"
"23196","turquoise"
"23197","grey"
"23198","black"
"23199","grey"
"23200","turquoise"
"23201","turquoise"
"23203","turquoise"
"23204","blue"
"23205","magenta"
"23207","grey"
"23208","blue"
"23209","magenta"
"2321","turquoise"
"23210","tan"
"23211","grey"
"23212","grey"
"23213","grey"
"23214","green"
"23215","turquoise"
"23216","grey"
"23217","brown"
"23218","red"
"23219","turquoise"
"2322","blue"
"23220","grey"
"23221","yellow"
"23223","brown"
"23224","turquoise"
"23225","grey"
"23228","blue"
"23229","yellow"
"2323","blue"
"23230","blue"
"23231","grey"
"23232","black"
"23233","grey"
"23234","turquoise"
"23235","turquoise"
"23236","blue"
"23237","grey"
"23239","black"
"2324","red"
"23240","grey"
"23241","blue"
"23242","salmon"
"23243","turquoise"
"23244","turquoise"
"23245","grey"
"23246","brown"
"23247","yellow"
"23248","turquoise"
"23250","brown"
"23251","blue"
"23252","blue"
"23253","turquoise"
"23254","black"
"23255","yellow"
"23256","blue"
"23258","salmon"
"23259","blue"
"2326","grey"
"23261","yellow"
"23262","turquoise"
"23263","grey"
"23264","grey"
"23265","turquoise"
"23266","green"
"23268","yellow"
"23269","turquoise"
"2327","brown"
"23270","blue"
"23271","blue"
"23272","turquoise"
"23274","grey"
"23275","blue"
"23276","yellow"
"23277","brown"
"23279","brown"
"2328","yellow"
"23281","yellow"
"23283","turquoise"
"23284","purple"
"23285","blue"
"23286","purple"
"23287","black"
"23288","midnightblue"
"2329","grey"
"23291","turquoise"
"23293","midnightblue"
"23294","red"
"23295","grey"
"23299","green"
"2330","brown"
"23300","blue"
"23301","blue"
"23302","blue"
"23303","pink"
"23304","turquoise"
"23305","green"
"23306","brown"
"23307","brown"
"23308","grey"
"23309","brown"
"2331","grey"
"23310","brown"
"23312","blue"
"23313","green"
"23314","blue"
"23315","grey"
"23316","yellow"
"23317","turquoise"
"23318","turquoise"
"2332","turquoise"
"23321","turquoise"
"23322","blue"
"23324","grey"
"23325","turquoise"
"23326","brown"
"23327","yellow"
"23328","turquoise"
"23329","yellow"
"23331","grey"
"23332","pink"
"23333","blue"
"23334","blue"
"23335","blue"
"23336","yellow"
"23338","grey"
"23339","greenyellow"
"2334","blue"
"23341","blue"
"23344","grey"
"23345","green"
"23347","turquoise"
"23348","brown"
"23349","yellow"
"2335","turquoise"
"23350","turquoise"
"23351","blue"
"23352","yellow"
"23353","brown"
"23354","blue"
"23355","grey"
"23357","grey"
"23358","turquoise"
"23359","yellow"
"23360","brown"
"23361","greenyellow"
"23362","blue"
"23363","black"
"23365","turquoise"
"23366","blue"
"23367","green"
"23368","brown"
"23369","blue"
"23370","blue"
"23371","blue"
"23373","brown"
"23376","turquoise"
"23378","green"
"23379","green"
"23380","grey"
"23381","tan"
"23382","purple"
"23383","black"
"23384","tan"
"23385","black"
"23386","brown"
"23387","grey"
"23389","turquoise"
"2339","pink"
"23390","turquoise"
"23392","grey"
"23394","green"
"23395","purple"
"23396","brown"
"23397","grey"
"23398","green"
"23399","blue"
"23400","yellow"
"23401","grey"
"23403","green"
"23404","grey"
"23405","turquoise"
"23406","red"
"23408","yellow"
"23409","grey"
"23410","brown"
"23411","turquoise"
"23412","grey"
"23413","brown"
"23414","blue"
"23415","brown"
"23416","brown"
"23417","grey"
"23418","purple"
"2342","pink"
"23420","yellow"
"23421","grey"
"23423","brown"
"23424","brown"
"23426","blue"
"23428","yellow"
"23429","turquoise"
"23430","grey"
"23431","turquoise"
"23432","grey"
"23433","turquoise"
"23434","grey"
"23435","turquoise"
"23436","grey"
"23438","green"
"23439","grey"
"23440","grey"
"23443","turquoise"
"23446","black"
"23450","grey"
"23451","brown"
"23452","pink"
"23456","turquoise"
"23457","greenyellow"
"2346","pink"
"23460","black"
"23461","magenta"
"23462","black"
"23463","grey"
"23464","brown"
"23466","brown"
"23467","yellow"
"23468","turquoise"
"23469","brown"
"23471","turquoise"
"23473","turquoise"
"23474","green"
"23475","grey"
"23476","grey"
"23478","yellow"
"23479","yellow"
"2348","grey"
"23480","yellow"
"23481","turquoise"
"23483","brown"
"23484","blue"
"23491","brown"
"23492","yellow"
"23493","yellow"
"23495","grey"
"23498","grey"
"23499","turquoise"
"2350","red"
"23500","salmon"
"23503","yellow"
"23504","yellow"
"23505","green"
"23506","green"
"23507","blue"
"23508","yellow"
"23509","grey"
"23510","brown"
"23511","yellow"
"23512","turquoise"
"23513","blue"
"23514","grey"
"23515","turquoise"
"23516","grey"
"23517","grey"
"23518","blue"
"23519","grey"
"2352","grey"
"23520","grey"
"23521","green"
"23522","turquoise"
"23523","brown"
"23524","black"
"23526","red"
"23527","turquoise"
"23528","turquoise"
"23529","grey"
"2353","grey"
"23530","blue"
"23531","yellow"
"23532","grey"
"23533","red"
"23534","grey"
"23536","turquoise"
"23538","cyan"
"23539","pink"
"2354","yellow"
"23541","grey"
"23542","brown"
"23543","yellow"
"23544","yellow"
"23545","grey"
"23546","grey"
"23547","grey"
"23548","blue"
"23549","magenta"
"2355","red"
"23550","grey"
"23551","brown"
"23552","yellow"
"23553","grey"
"23554","turquoise"
"23555","pink"
"23556","turquoise"
"23557","yellow"
"23558","turquoise"
"23559","green"
"2356","green"
"23560","grey"
"23562","grey"
"23563","brown"
"23564","magenta"
"23566","grey"
"23567","grey"
"23568","grey"
"23569","grey"
"2357","red"
"23574","grey"
"23576","purple"
"2358","red"
"23580","magenta"
"23581","grey"
"23582","blue"
"23583","turquoise"
"23584","grey"
"23585","grey"
"23586","brown"
"23587","brown"
"23588","blue"
"23589","green"
"2359","red"
"23590","grey"
"23591","grey"
"23592","turquoise"
"23593","grey"
"23594","blue"
"23595","green"
"23596","yellow"
"23597","grey"
"23598","blue"
"23600","blue"
"23601","grey"
"23603","brown"
"23604","pink"
"23607","turquoise"
"23608","grey"
"23609","grey"
"23612","purple"
"23613","grey"
"23614","grey"
"23615","green"
"23616","grey"
"23617","grey"
"23619","turquoise"
"23620","magenta"
"23621","black"
"23623","yellow"
"23624","grey"
"23625","brown"
"23626","grey"
"23627","grey"
"23629","grey"
"23630","grey"
"23632","pink"
"23633","grey"
"23635","green"
"23636","grey"
"23637","grey"
"23639","brown"
"23640","brown"
"23641","yellow"
"23642","blue"
"23643","red"
"23644","turquoise"
"23645","grey"
"23646","brown"
"23647","turquoise"
"23648","brown"
"23649","grey"
"23650","grey"
"23654","magenta"
"23657","purple"
"23658","yellow"
"23659","brown"
"23660","grey"
"23670","turquoise"
"23671","grey"
"23673","green"
"23676","yellow"
"23677","black"
"23678","brown"
"23682","grey"
"23683","turquoise"
"23704","red"
"23705","turquoise"
"23708","blue"
"23710","yellow"
"23729","grey"
"23731","blue"
"23732","blue"
"23741","turquoise"
"23742","grey"
"23743","grey"
"23746","grey"
"23753","green"
"23759","brown"
"23760","yellow"
"23761","yellow"
"23762","grey"
"23764","red"
"23765","red"
"23766","grey"
"23767","blue"
"23768","pink"
"23769","grey"
"23770","brown"
"23774","brown"
"23779","brown"
"23780","brown"
"23783","grey"
"23784","grey"
"23786","turquoise"
"23787","brown"
"23788","tan"
"238","grey"
"239","brown"
"2395","grey"
"24","grey"
"240","red"
"241","red"
"24137","grey"
"24138","brown"
"24139","pink"
"24140","grey"
"24141","yellow"
"24142","greenyellow"
"24144","grey"
"24145","blue"
"24146","blue"
"24147","brown"
"24148","green"
"24149","brown"
"24150","grey"
"242","yellow"
"2444","black"
"245","grey"
"245711","grey"
"245802","grey"
"245806","grey"
"245812","blue"
"245911","grey"
"245912","grey"
"245915","grey"
"245929","grey"
"245930","cyan"
"245932","grey"
"245937","grey"
"245938","grey"
"245939","grey"
"245972","grey"
"245973","greenyellow"
"246","grey"
"246100","grey"
"246119","grey"
"246126","grey"
"246175","turquoise"
"246176","grey"
"246181","turquoise"
"246182","grey"
"246184","grey"
"246213","blue"
"246243","turquoise"
"246269","turquoise"
"246312","turquoise"
"246329","blue"
"246330","yellow"
"246705","grey"
"246721","grey"
"246744","brown"
"246754","grey"
"246777","grey"
"246778","grey"
"247","grey"
"2475","turquoise"
"248","grey"
"2483","brown"
"2487","grey"
"2488","grey"
"249","grey"
"2491","grey"
"2492","grey"
"2494","grey"
"2495","green"
"2498","grey"
"25","yellow"
"250","grey"
"251","grey"
"2512","green"
"2515","grey"
"2516","grey"
"2517","tan"
"2519","brown"
"2520","grey"
"2521","greenyellow"
"2523","brown"
"2524","grey"
"2525","grey"
"2526","brown"
"2527","grey"
"2528","grey"
"252839","brown"
"252884","grey"
"2529","grey"
"252948","grey"
"252950","grey"
"252952","grey"
"252954","grey"
"252969","turquoise"
"252983","turquoise"
"252995","brown"
"2530","black"
"253012","grey"
"253017","grey"
"253018","grey"
"253039","grey"
"253044","grey"
"2531","turquoise"
"253128","grey"
"253143","turquoise"
"253152","blue"
"253190","grey"
"2532","grey"
"253260","turquoise"
"253264","grey"
"2533","red"
"253314","brown"
"2534","yellow"
"253430","turquoise"
"253461","turquoise"
"2535","grey"
"253512","turquoise"
"253558","blue"
"253559","turquoise"
"253573","grey"
"253582","grey"
"253635","turquoise"
"253639","brown"
"253650","black"
"2537","grey"
"253714","black"
"253724","grey"
"253725","grey"
"253738","grey"
"253769","green"
"253782","blue"
"2538","grey"
"253827","turquoise"
"253832","turquoise"
"253868","yellow"
"2539","turquoise"
"253935","grey"
"253943","turquoise"
"253959","turquoise"
"253962","brown"
"253970","grey"
"253980","brown"
"253982","turquoise"
"254013","grey"
"254028","grey"
"254042","grey"
"254048","turquoise"
"254050","grey"
"254065","turquoise"
"254099","grey"
"254100","black"
"254102","red"
"254122","brown"
"254128","lightcyan"
"254158","grey"
"254170","blue"
"254173","grey"
"254187","grey"
"2542","grey"
"254225","grey"
"254228","grey"
"254240","grey"
"254251","turquoise"
"254263","brown"
"254268","grey"
"254272","grey"
"254295","blue"
"2543","grey"
"254312","grey"
"254359","brown"
"254394","brown"
"254427","red"
"254428","purple"
"254439","grey"
"254528","grey"
"254531","yellow"
"254552","green"
"254559","brown"
"2547","grey"
"254773","grey"
"254778","grey"
"254786","grey"
"2548","grey"
"254827","turquoise"
"254863","green"
"254879","grey"
"254887","yellow"
"254896","grey"
"2549","black"
"254910","grey"
"254956","grey"
"254958","grey"
"254973","grey"
"2550","brown"
"255022","yellow"
"255025","grey"
"255027","grey"
"255031","turquoise"
"255043","brown"
"255057","brown"
"255061","grey"
"255082","grey"
"2551","turquoise"
"255101","grey"
"255104","magenta"
"255119","grey"
"255130","grey"
"255167","green"
"255177","grey"
"255180","grey"
"255187","grey"
"255189","grey"
"255193","grey"
"255220","grey"
"255231","grey"
"255239","grey"
"255252","grey"
"255275","yellow"
"2553","turquoise"
"255324","grey"
"255330","grey"
"255349","grey"
"255374","turquoise"
"255394","brown"
"2554","blue"
"255403","turquoise"
"255411","grey"
"255426","brown"
"255480","grey"
"255488","turquoise"
"2555","purple"
"255512","grey"
"255520","grey"
"2556","yellow"
"255626","grey"
"255631","blue"
"255649","grey"
"255654","grey"
"2557","blue"
"255725","grey"
"255738","grey"
"255743","grey"
"255758","yellow"
"255762","yellow"
"255783","brown"
"255798","grey"
"2558","yellow"
"255809","red"
"255812","grey"
"255877","red"
"2559","blue"
"255919","turquoise"
"255926","grey"
"255928","turquoise"
"255967","turquoise"
"2560","green"
"256006","grey"
"256021","grey"
"256051","grey"
"256076","grey"
"2561","blue"
"256126","blue"
"256130","blue"
"256148","grey"
"256158","grey"
"2562","yellow"
"256223","grey"
"256227","grey"
"256236","grey"
"256281","brown"
"256297","grey"
"2563","yellow"
"256302","blue"
"256309","blue"
"256329","blue"
"256355","grey"
"256356","green"
"256364","grey"
"256369","grey"
"256380","grey"
"256394","grey"
"2564","grey"
"256435","brown"
"256471","green"
"256472","grey"
"2565","purple"
"256536","yellow"
"256586","blue"
"2566","yellow"
"256643","grey"
"256646","grey"
"256691","green"
"2567","blue"
"256710","grey"
"256714","yellow"
"256764","grey"
"2568","grey"
"256815","grey"
"256880","grey"
"256892","grey"
"2569","grey"
"256933","grey"
"256949","red"
"256957","grey"
"256979","grey"
"256987","brown"
"257","grey"
"2570","turquoise"
"257000","brown"
"257019","grey"
"257044","grey"
"257062","grey"
"257068","green"
"2571","yellow"
"257101","grey"
"257106","red"
"257144","grey"
"257160","grey"
"257169","grey"
"257177","grey"
"257194","blue"
"2572","yellow"
"257202","grey"
"257203","grey"
"257218","turquoise"
"257236","grey"
"257240","blue"
"257313","grey"
"257357","grey"
"257358","grey"
"257364","yellow"
"257396","grey"
"257397","turquoise"
"257407","magenta"
"257415","grey"
"25758","yellow"
"25759","turquoise"
"2576","grey"
"257629","grey"
"25763","grey"
"25764","green"
"25766","green"
"25769","black"
"2577","grey"
"25770","grey"
"25771","turquoise"
"25774","grey"
"25775","yellow"
"25776","green"
"25777","black"
"25778","blue"
"2578","grey"
"25780","black"
"25782","turquoise"
"25786","grey"
"25787","yellow"
"25788","blue"
"25789","brown"
"25790","grey"
"25791","yellow"
"25792","green"
"25793","pink"
"25794","grey"
"25796","green"
"25797","blue"
"25798","green"
"25799","brown"
"258","grey"
"2580","green"
"25800","turquoise"
"25801","turquoise"
"258010","black"
"25802","grey"
"25803","greenyellow"
"25804","brown"
"25805","yellow"
"25806","turquoise"
"25807","green"
"25809","brown"
"2581","turquoise"
"25812","grey"
"25813","turquoise"
"25814","blue"
"25816","red"
"25817","brown"
"25818","brown"
"25819","grey"
"2582","turquoise"
"25820","green"
"25821","turquoise"
"25822","grey"
"25823","brown"
"25824","brown"
"25825","red"
"25826","grey"
"25827","yellow"
"25828","turquoise"
"25829","tan"
"2583","yellow"
"25830","yellow"
"25831","green"
"25832","grey"
"25833","grey"
"25834","grey"
"25836","brown"
"25837","brown"
"25839","blue"
"2584","grey"
"25840","brown"
"25841","yellow"
"25842","turquoise"
"25843","blue"
"25844","turquoise"
"25845","green"
"25847","yellow"
"25849","yellow"
"2585","black"
"25850","brown"
"25851","brown"
"25852","blue"
"25853","turquoise"
"25854","yellow"
"25855","green"
"25858","turquoise"
"25859","yellow"
"25861","black"
"25862","turquoise"
"25864","brown"
"25865","tan"
"2587","grey"
"25870","greenyellow"
"25871","green"
"25873","green"
"25874","yellow"
"25875","greenyellow"
"25876","brown"
"25878","grey"
"25879","turquoise"
"2588","blue"
"25880","brown"
"25884","grey"
"25885","turquoise"
"25886","grey"
"25888","tan"
"2589","turquoise"
"25890","grey"
"25891","magenta"
"25893","yellow"
"25894","grey"
"25895","brown"
"25896","black"
"25897","grey"
"25898","blue"
"259","grey"
"2590","purple"
"25900","turquoise"
"25901","brown"
"25902","grey"
"25903","grey"
"25904","turquoise"
"25906","brown"
"25907","brown"
"25909","green"
"2591","turquoise"
"25911","brown"
"25912","grey"
"25913","turquoise"
"25914","black"
"25915","green"
"25917","grey"
"259173","grey"
"259197","grey"
"2592","turquoise"
"25920","green"
"25921","grey"
"259215","grey"
"259217","yellow"
"25923","brown"
"259230","brown"
"259232","blue"
"259234","grey"
"259236","grey"
"259239","grey"
"25924","turquoise"
"259240","grey"
"259249","grey"
"25925","brown"
"25926","grey"
"259266","blue"
"25927","yellow"
"25928","blue"
"259282","turquoise"
"259283","grey"
"259285","grey"
"259286","grey"
"259287","grey"
"259289","grey"
"25929","turquoise"
"259290","grey"
"259291","brown"
"259292","grey"
"259293","grey"
"259294","grey"
"259295","grey"
"259296","grey"
"2593","green"
"25930","blue"
"259307","grey"
"259308","grey"
"25932","brown"
"25934","turquoise"
"25936","turquoise"
"25937","brown"
"25938","turquoise"
"25939","red"
"25940","blue"
"25941","yellow"
"25942","grey"
"25943","turquoise"
"25945","turquoise"
"25946","magenta"
"25948","brown"
"25949","blue"
"2595","brown"
"25950","grey"
"25953","brown"
"25956","grey"
"25957","brown"
"25959","yellow"
"2596","yellow"
"25960","red"
"25961","brown"
"25962","salmon"
"25963","black"
"25966","magenta"
"2597","turquoise"
"25970","green"
"25972","grey"
"25973","grey"
"25974","green"
"25975","blue"
"25976","brown"
"25977","yellow"
"25978","turquoise"
"25979","grey"
"25980","blue"
"25981","tan"
"25983","grey"
"25984","grey"
"25987","blue"
"25988","grey"
"25989","turquoise"
"25992","grey"
"25994","green"
"25996","yellow"
"25998","blue"
"25999","brown"
"26","grey"
"26000","green"
"26001","green"
"26002","grey"
"26003","turquoise"
"26005","yellow"
"26007","greenyellow"
"26009","turquoise"
"26010","grey"
"26011","yellow"
"26012","brown"
"26013","turquoise"
"26015","grey"
"26017","brown"
"26018","purple"
"26019","salmon"
"26020","yellow"
"26022","pink"
"26024","green"
"26025","magenta"
"26027","grey"
"260293","blue"
"260294","green"
"26030","pink"
"26031","turquoise"
"26032","blue"
"26033","yellow"
"26034","yellow"
"260341","grey"
"26035","magenta"
"26036","turquoise"
"26037","yellow"
"26038","yellow"
"26039","blue"
"26040","green"
"260425","blue"
"260429","grey"
"26043","turquoise"
"260434","yellow"
"260436","grey"
"26045","green"
"26046","turquoise"
"26047","blue"
"26048","grey"
"26049","blue"
"26050","yellow"
"26051","grey"
"26052","blue"
"26053","turquoise"
"26054","turquoise"
"26056","yellow"
"26057","green"
"26058","turquoise"
"26059","yellow"
"26060","turquoise"
"26061","grey"
"26062","grey"
"26063","turquoise"
"26064","salmon"
"26065","turquoise"
"26070","black"
"26071","green"
"26073","brown"
"26074","grey"
"26077","grey"
"26080","grey"
"26082","grey"
"26083","grey"
"26084","purple"
"26085","grey"
"26086","brown"
"26088","green"
"26090","brown"
"26091","turquoise"
"26092","brown"
"26093","green"
"26094","yellow"
"26095","blue"
"26097","pink"
"26098","green"
"26099","blue"
"26100","brown"
"26102","turquoise"
"26103","grey"
"26108","turquoise"
"26112","red"
"26115","yellow"
"26118","brown"
"26119","pink"
"26121","brown"
"26122","turquoise"
"26123","grey"
"26127","blue"
"26128","blue"
"26130","turquoise"
"26133","grey"
"26134","turquoise"
"26135","turquoise"
"26136","turquoise"
"26137","turquoise"
"26138","grey"
"26140","blue"
"26145","grey"
"26146","grey"
"26147","blue"
"26148","turquoise"
"26149","grey"
"2615","red"
"26150","grey"
"26151","blue"
"26152","turquoise"
"26153","red"
"26154","grey"
"26155","brown"
"26156","grey"
"26157","red"
"26160","green"
"26164","blue"
"26165","grey"
"26166","grey"
"26167","turquoise"
"26168","grey"
"2617","yellow"
"261726","blue"
"261729","blue"
"26173","turquoise"
"261734","grey"
"26175","grey"
"2618","red"
"26184","grey"
"26188","grey"
"26189","grey"
"2619","brown"
"26190","green"
"26191","grey"
"262","black"
"2620","turquoise"
"26205","green"
"26206","grey"
"26207","grey"
"2621","grey"
"26211","grey"
"26212","grey"
"26219","grey"
"2622","brown"
"26220","brown"
"26222","brown"
"26223","blue"
"26224","turquoise"
"26225","turquoise"
"26226","blue"
"26227","blue"
"26228","grey"
"26229","green"
"2623","grey"
"26230","blue"
"26231","green"
"26232","green"
"26233","green"
"26234","turquoise"
"26235","brown"
"26238","grey"
"26239","grey"
"2624","red"
"26240","grey"
"26245","grey"
"26246","grey"
"26247","grey"
"26248","grey"
"26249","grey"
"2625","grey"
"26251","yellow"
"26253","grey"
"26254","grey"
"26255","grey"
"26256","grey"
"26257","grey"
"26258","blue"
"26259","turquoise"
"2626","grey"
"26260","turquoise"
"26261","green"
"26262","brown"
"26263","blue"
"26266","grey"
"26267","brown"
"26268","magenta"
"26269","turquoise"
"2627","grey"
"26270","grey"
"26271","brown"
"26272","tan"
"26273","blue"
"26275","grey"
"26276","greenyellow"
"26277","grey"
"26278","turquoise"
"26279","grey"
"2628","brown"
"26280","blue"
"26281","grey"
"26284","brown"
"26285","grey"
"26286","brown"
"26287","brown"
"26289","blue"
"2629","blue"
"26290","grey"
"26291","grey"
"26292","yellow"
"26297","brown"
"26298","grey"
"2630","grey"
"26301","blue"
"2631","purple"
"2632","brown"
"2633","red"
"26330","grey"
"26333","grey"
"26339","grey"
"2634","red"
"26343","grey"
"2635","brown"
"26353","magenta"
"26354","blue"
"26355","brown"
"2636","grey"
"2637","grey"
"2638","grey"
"2639","grey"
"2641","grey"
"2642","grey"
"2643","grey"
"2644","grey"
"2645","blue"
"2646","grey"
"26468","yellow"
"26469","blue"
"2647","green"
"26470","yellow"
"26471","blue"
"26472","green"
"26476","grey"
"2648","green"
"2649","grey"
"26493","grey"
"26494","grey"
"26496","grey"
"26499","grey"
"265","grey"
"2650","blue"
"26502","turquoise"
"26503","green"
"26504","grey"
"26505","pink"
"26507","yellow"
"26508","red"
"26509","red"
"2651","grey"
"26511","grey"
"26512","turquoise"
"26515","grey"
"26517","brown"
"26519","brown"
"26520","turquoise"
"26521","turquoise"
"26523","grey"
"26524","turquoise"
"26525","grey"
"26526","grey"
"26528","green"
"26529","grey"
"2653","grey"
"26531","grey"
"26532","grey"
"26533","grey"
"26534","grey"
"26538","grey"
"26539","grey"
"26548","grey"
"2657","blue"
"26574","green"
"26575","blue"
"26576","green"
"26577","grey"
"26578","blue"
"26579","grey"
"2658","grey"
"26580","brown"
"26584","grey"
"26585","black"
"26586","blue"
"26589","brown"
"26595","grey"
"266","grey"
"2660","turquoise"
"26608","grey"
"26609","grey"
"2661","grey"
"26610","brown"
"2662","grey"
"26628","grey"
"2664","turquoise"
"26648","grey"
"2665","grey"
"266553","grey"
"26658","grey"
"26659","grey"
"266629","grey"
"26664","grey"
"266655","brown"
"266675","grey"
"266697","grey"
"266722","blue"
"266727","grey"
"266740","grey"
"266743","grey"
"266747","grey"
"2668","black"
"266812","yellow"
"26683","grey"
"26686","grey"
"26689","grey"
"2669","brown"
"266917","grey"
"266919","grey"
"26692","grey"
"26693","grey"
"26696","grey"
"266971","grey"
"266977","grey"
"267","grey"
"2670","blue"
"267002","brown"
"267004","grey"
"267010","grey"
"267012","grey"
"267020","grey"
"26707","grey"
"2671","green"
"26716","grey"
"2672","grey"
"2673","turquoise"
"26735","grey"
"26737","grey"
"2674","grey"
"26740","grey"
"26747","blue"
"2675","yellow"
"26750","blue"
"26751","turquoise"
"2676","grey"
"26762","grey"
"26765","grey"
"26767","grey"
"26768","grey"
"26769","turquoise"
"2677","green"
"26770","grey"
"26771","grey"
"26772","grey"
"26773","grey"
"26774","grey"
"26775","grey"
"26776","grey"
"26777","grey"
"26778","purple"
"26779","grey"
"2678","grey"
"26780","grey"
"26781","blue"
"26782","grey"
"26783","grey"
"26784","grey"
"26785","grey"
"26786","grey"
"26787","grey"
"26788","green"
"26789","grey"
"2679","grey"
"26790","tan"
"26791","grey"
"26792","grey"
"26793","grey"
"26795","grey"
"26796","grey"
"26797","grey"
"26798","grey"
"26799","grey"
"268","grey"
"26800","grey"
"26801","grey"
"26802","grey"
"26804","green"
"26805","grey"
"26806","grey"
"26807","grey"
"26808","grey"
"26809","grey"
"2681","grey"
"26810","grey"
"26811","grey"
"26812","grey"
"26813","grey"
"26814","grey"
"26815","grey"
"26816","grey"
"26817","grey"
"26818","grey"
"26819","grey"
"26820","grey"
"26821","grey"
"26822","grey"
"26824","grey"
"26826","grey"
"26827","grey"
"26828","grey"
"26829","grey"
"2683","red"
"26830","grey"
"26831","grey"
"26832","grey"
"26834","grey"
"26835","grey"
"26855","grey"
"2686","yellow"
"26860","grey"
"26863","grey"
"26864","grey"
"26865","grey"
"26866","grey"
"26869","grey"
"2687","blue"
"26870","grey"
"26871","grey"
"26872","yellow"
"26873","grey"
"2688","grey"
"2689","grey"
"269","grey"
"2690","blue"
"2691","grey"
"2692","grey"
"2693","grey"
"2694","grey"
"2695","grey"
"26952","grey"
"26953","blue"
"26958","brown"
"26959","greenyellow"
"2696","black"
"26960","blue"
"2697","purple"
"26973","greenyellow"
"26974","grey"
"26984","blue"
"26985","turquoise"
"26986","brown"
"26993","green"
"26994","blue"
"26995","turquoise"
"26996","red"
"26998","grey"
"26999","yellow"
"27","grey"
"270","grey"
"2700","grey"
"27000","brown"
"27004","grey"
"27005","tan"
"27006","grey"
"2701","red"
"27010","blue"
"27012","yellow"
"27013","pink"
"27018","yellow"
"27019","grey"
"2702","grey"
"27020","blue"
"27022","grey"
"27023","grey"
"2703","grey"
"27030","pink"
"27031","brown"
"27032","green"
"27033","grey"
"27034","blue"
"27035","grey"
"27036","red"
"27037","blue"
"27039","turquoise"
"27040","blue"
"27042","green"
"27043","green"
"27044","grey"
"2705","pink"
"2706","grey"
"27063","grey"
"27065","yellow"
"27067","blue"
"27068","grey"
"27069","blue"
"2707","yellow"
"27071","red"
"27072","blue"
"27074","grey"
"27075","blue"
"27076","grey"
"27077","greenyellow"
"27079","turquoise"
"27085","grey"
"27086","grey"
"27087","grey"
"27089","brown"
"2709","grey"
"27090","magenta"
"27091","turquoise"
"27092","grey"
"27094","grey"
"27095","brown"
"27097","turquoise"
"27098","grey"
"27099","yellow"
"271","brown"
"2710","grey"
"27101","grey"
"27102","grey"
"27106","pink"
"27107","turquoise"
"27109","grey"
"27111","brown"
"27112","brown"
"27113","grey"
"27115","grey"
"2712","grey"
"27120","grey"
"27121","grey"
"27122","yellow"
"27123","grey"
"27124","yellow"
"27125","turquoise"
"27127","grey"
"27128","red"
"27129","grey"
"2713","grey"
"27130","brown"
"27131","grey"
"27132","brown"
"27133","blue"
"27134","grey"
"27136","grey"
"27141","blue"
"27143","red"
"27145","blue"
"27146","blue"
"27147","blue"
"27148","grey"
"27151","grey"
"27152","grey"
"27153","turquoise"
"27154","turquoise"
"27156","grey"
"27158","blue"
"27159","grey"
"27160","grey"
"27161","turquoise"
"27163","grey"
"27164","brown"
"27165","yellow"
"27166","brown"
"2717","grey"
"27173","red"
"27175","brown"
"27177","grey"
"27178","grey"
"27179","grey"
"27180","red"
"27181","red"
"27183","turquoise"
"27184","grey"
"27185","yellow"
"27189","grey"
"2719","grey"
"27190","grey"
"27197","grey"
"27198","grey"
"27199","blue"
"272","black"
"2720","grey"
"27201","grey"
"27202","grey"
"27229","green"
"27230","turquoise"
"27231","grey"
"27232","grey"
"27233","turquoise"
"27235","grey"
"27236","turquoise"
"27237","blue"
"27238","grey"
"27239","brown"
"27240","grey"
"27241","brown"
"27242","magenta"
"27243","green"
"27244","grey"
"27245","grey"
"27246","turquoise"
"27247","yellow"
"27248","blue"
"27249","blue"
"27250","turquoise"
"27252","brown"
"27253","turquoise"
"27254","grey"
"27255","blue"
"27257","grey"
"27258","yellow"
"27283","grey"
"27284","turquoise"
"27285","grey"
"27286","yellow"
"27287","red"
"27288","grey"
"27289","yellow"
"2729","brown"
"27290","grey"
"27291","yellow"
"27292","grey"
"27293","grey"
"27294","brown"
"27295","brown"
"27296","pink"
"27297","grey"
"27299","grey"
"273","yellow"
"2730","turquoise"
"27300","yellow"
"27301","blue"
"27302","grey"
"27303","turquoise"
"27304","blue"
"27306","red"
"27309","brown"
"2731","grey"
"27314","turquoise"
"27315","green"
"27316","grey"
"27319","yellow"
"27324","turquoise"
"27327","turquoise"
"27328","blue"
"27329","grey"
"2733","grey"
"27330","blue"
"27332","grey"
"27333","brown"
"27334","grey"
"27335","brown"
"27336","grey"
"27338","grey"
"27339","yellow"
"2734","grey"
"27340","brown"
"27341","turquoise"
"27342","grey"
"27343","turquoise"
"27344","brown"
"27345","grey"
"27346","turquoise"
"27347","grey"
"27348","grey"
"27349","brown"
"2735","grey"
"27350","red"
"27351","turquoise"
"27352","brown"
"2736","grey"
"2737","magenta"
"2738","turquoise"
"2739","yellow"
"274","purple"
"2740","grey"
"2741","grey"
"2742","blue"
"27429","blue"
"2743","blue"
"27430","turquoise"
"27433","green"
"27434","grey"
"27436","turquoise"
"27439","yellow"
"2744","yellow"
"27440","green"
"27442","grey"
"27443","black"
"27445","blue"
"2745","grey"
"2746","magenta"
"2747","turquoise"
"2749","turquoise"
"275","magenta"
"2752","grey"
"276","grey"
"2760","brown"
"2762","brown"
"2764","blue"
"2765","grey"
"2766","grey"
"2767","brown"
"2768","blue"
"2769","grey"
"277","grey"
"2770","black"
"2771","blue"
"2773","turquoise"
"2774","yellow"
"2775","grey"
"2776","blue"
"2778","yellow"
"2779","grey"
"278","grey"
"2780","grey"
"2781","brown"
"2782","brown"
"2783","turquoise"
"2784","grey"
"2785","brown"
"2786","brown"
"2787","red"
"2788","green"
"279","grey"
"2790","grey"
"2791","red"
"2792","grey"
"2793","red"
"2794","grey"
"2796","blue"
"2797","grey"
"2798","blue"
"2799","brown"
"28","turquoise"
"280","grey"
"2800","grey"
"2801","grey"
"2802","green"
"2803","brown"
"2804","grey"
"2805","yellow"
"2806","yellow"
"280636","turquoise"
"280655","grey"
"280657","grey"
"280658","grey"
"280659","grey"
"280660","grey"
"280664","grey"
"2810","grey"
"2811","grey"
"2812","brown"
"2813","grey"
"2814","grey"
"2815","grey"
"2817","black"
"2819","grey"
"2820","turquoise"
"2821","brown"
"2822","blue"
"28227","green"
"2823","blue"
"28231","red"
"28232","pink"
"28234","grey"
"2824","turquoise"
"2825","grey"
"282566","turquoise"
"2826","brown"
"282616","grey"
"282617","grey"
"282618","grey"
"282679","blue"
"2827","grey"
"282706","grey"
"282763","grey"
"282770","grey"
"2828","red"
"282808","grey"
"282809","brown"
"282890","grey"
"2829","grey"
"282966","grey"
"282969","grey"
"282973","black"
"282974","brown"
"282980","grey"
"282991","yellow"
"282996","grey"
"282997","blue"
"283","yellow"
"2830","yellow"
"283011","brown"
"283025","grey"
"283028","grey"
"283033","grey"
"283038","grey"
"283045","grey"
"283050","grey"
"283070","yellow"
"283078","blue"
"283080","grey"
"283089","grey"
"283092","grey"
"283093","grey"
"2831","grey"
"283102","grey"
"283104","turquoise"
"283106","turquoise"
"283116","grey"
"283120","grey"
"283129","grey"
"283130","greenyellow"
"283131","yellow"
"283140","grey"
"283143","grey"
"283149","red"
"283150","grey"
"283152","grey"
"283159","grey"
"28316","brown"
"283165","blue"
"283171","grey"
"283174","brown"
"283177","grey"
"283189","grey"
"283194","grey"
"283197","grey"
"2832","grey"
"283208","grey"
"283209","blue"
"283212","yellow"
"283214","grey"
"283219","grey"
"283229","magenta"
"283232","grey"
"283234","green"
"283237","grey"
"283238","grey"
"283248","brown"
"283254","black"
"283267","grey"
"283284","grey"
"283297","grey"
"283298","grey"
"283299","grey"
"2833","grey"
"283303","grey"
"283310","blue"
"283314","grey"
"283316","grey"
"283332","grey"
"283335","blue"
"283337","grey"
"283345","grey"
"283349","brown"
"283352","grey"
"283358","blue"
"283373","grey"
"283375","green"
"283377","turquoise"
"283383","turquoise"
"283385","yellow"
"283387","grey"
"283392","yellow"
"2834","yellow"
"283403","grey"
"283404","grey"
"283416","grey"
"283417","blue"
"283420","grey"
"283422","grey"
"283431","turquoise"
"283432","grey"
"283435","grey"
"283440","grey"
"283446","grey"
"283450","green"
"283455","yellow"
"283459","grey"
"283460","grey"
"283461","grey"
"283463","yellow"
"283464","turquoise"
"283471","grey"
"283480","grey"
"283481","grey"
"283482","grey"
"283483","grey"
"283487","grey"
"283489","turquoise"
"283491","grey"
"2835","yellow"
"283507","grey"
"283514","blue"
"283518","turquoise"
"283521","grey"
"283537","grey"
"283547","black"
"283551","grey"
"283553","grey"
"283554","blue"
"283571","turquoise"
"283575","grey"
"283576","yellow"
"283578","turquoise"
"283579","grey"
"283585","grey"
"283587","grey"
"283592","grey"
"283596","grey"
"283598","grey"
"283600","grey"
"283601","grey"
"283624","turquoise"
"283629","brown"
"283635","turquoise"
"283638","yellow"
"283643","green"
"283651","grey"
"283652","blue"
"283659","brown"
"283663","blue"
"283673","grey"
"283677","blue"
"283682","grey"
"283683","yellow"
"283685","grey"
"283687","grey"
"283688","grey"
"283692","grey"
"283693","grey"
"283694","grey"
"2837","grey"
"283710","grey"
"283726","grey"
"283731","yellow"
"283738","grey"
"283742","blue"
"283748","blue"
"283755","red"
"283761","grey"
"283767","grey"
"283768","grey"
"283777","grey"
"283788","grey"
"283796","grey"
"2838","grey"
"283807","grey"
"283820","turquoise"
"283847","grey"
"283848","grey"
"283849","grey"
"283854","grey"
"283856","grey"
"283860","grey"
"283867","grey"
"283869","grey"
"283870","turquoise"
"283871","brown"
"283875","grey"
"283876","grey"
"283887","turquoise"
"283888","grey"
"283897","red"
"283899","brown"
"283902","grey"
"283914","grey"
"283922","brown"
"283927","grey"
"283932","turquoise"
"283933","grey"
"283948","grey"
"283951","brown"
"283953","grey"
"283970","grey"
"283971","grey"
"283982","grey"
"283985","yellow"
"283987","grey"
"283989","green"
"283991","green"
"283999","pink"
"284","grey"
"2840","grey"
"284001","turquoise"
"284004","green"
"284009","grey"
"284013","green"
"284018","yellow"
"284021","red"
"284023","grey"
"284029","grey"
"284034","grey"
"284040","greenyellow"
"284047","turquoise"
"284058","brown"
"284067","grey"
"284069","yellow"
"284071","blue"
"284076","grey"
"284080","grey"
"284083","grey"
"284085","grey"
"284086","grey"
"284098","grey"
"284099","grey"
"2841","grey"
"284100","grey"
"284106","brown"
"284110","grey"
"284111","grey"
"284114","grey"
"284116","grey"
"284119","blue"
"284123","grey"
"284124","grey"
"284129","brown"
"284131","brown"
"284161","blue"
"284184","green"
"284185","blue"
"284186","grey"
"284191","grey"
"284194","grey"
"2842","grey"
"284207","blue"
"284215","grey"
"284217","grey"
"284232","grey"
"284233","brown"
"284240","grey"
"284241","grey"
"284252","yellow"
"284254","grey"
"284257","grey"
"284260","grey"
"284266","grey"
"284273","blue"
"284274","grey"
"284276","grey"
"284293","pink"
"284294","grey"
"284297","magenta"
"2843","turquoise"
"284306","grey"
"284307","green"
"284309","green"
"284312","greenyellow"
"284323","grey"
"284325","blue"
"284338","brown"
"284339","brown"
"284340","grey"
"284344","grey"
"284346","brown"
"284348","brown"
"284349","brown"
"284352","brown"
"284353","grey"
"284355","grey"
"284358","brown"
"284359","grey"
"284361","pink"
"284365","grey"
"284366","grey"
"284367","grey"
"284369","grey"
"284370","turquoise"
"284371","brown"
"284379","grey"
"284382","grey"
"284385","green"
"284390","grey"
"284391","brown"
"284395","yellow"
"2844","blue"
"284402","grey"
"284403","grey"
"284406","grey"
"284408","brown"
"284412","grey"
"284415","grey"
"284417","brown"
"284418","grey"
"284422","brown"
"284424","yellow"
"284427","turquoise"
"284433","grey"
"284434","purple"
"284439","brown"
"284440","turquoise"
"284443","turquoise"
"284451","blue"
"284454","blue"
"284459","green"
"284467","grey"
"284485","brown"
"284486","blue"
"284498","turquoise"
"2845","blue"
"284521","grey"
"284525","grey"
"284532","grey"
"284541","grey"
"284546","grey"
"284551","grey"
"284561","grey"
"284565","turquoise"
"284573","grey"
"284576","grey"
"284577","grey"
"284578","yellow"
"284581","grey"
"284593","grey"
"2846","grey"
"284600","grey"
"284611","blue"
"284612","grey"
"284613","grey"
"284615","yellow"
"284618","turquoise"
"284632","grey"
"284648","grey"
"284649","grey"
"284654","grey"
"284656","yellow"
"284661","grey"
"284677","grey"
"284680","turquoise"
"284688","grey"
"284695","salmon"
"284697","turquoise"
"2847","yellow"
"284702","grey"
"284716","yellow"
"284723","grey"
"284729","grey"
"284739","grey"
"284749","grey"
"284751","grey"
"284756","grey"
"284757","grey"
"284759","red"
"284788","grey"
"284798","yellow"
"2848","grey"
"284800","grey"
"284801","grey"
"284802","grey"
"284805","grey"
"284825","grey"
"284827","grey"
"284835","grey"
"284836","grey"
"284837","grey"
"284865","grey"
"284889","brown"
"284898","grey"
"2849","yellow"
"284900","grey"
"284904","grey"
"284930","blue"
"284933","tan"
"284942","grey"
"284948","pink"
"284950","grey"
"284958","grey"
"284992","pink"
"284996","grey"
"284998","magenta"
"285","red"
"2850","turquoise"
"285000","grey"
"285016","grey"
"285025","grey"
"285033","grey"
"285043","grey"
"285045","grey"
"285051","grey"
"285074","grey"
"285084","grey"
"285093","brown"
"285095","grey"
"285097","grey"
"285103","grey"
"28511","blue"
"285116","turquoise"
"28512","blue"
"285126","yellow"
"28513","black"
"28514","black"
"285141","grey"
"285148","yellow"
"285150","yellow"
"285154","yellow"
"285172","blue"
"285175","blue"
"285180","grey"
"285189","grey"
"285190","grey"
"285191","grey"
"285193","brown"
"285194","grey"
"285195","brown"
"2852","grey"
"285203","turquoise"
"285205","grey"
"285220","blue"
"285224","grey"
"285231","grey"
"285237","turquoise"
"285242","grey"
"285266","grey"
"285267","brown"
"285268","yellow"
"285282","grey"
"285286","grey"
"2853","grey"
"285311","grey"
"285313","grey"
"285315","brown"
"285326","grey"
"285331","grey"
"285335","grey"
"285343","turquoise"
"285346","turquoise"
"285349","turquoise"
"285352","grey"
"285359","grey"
"285362","blue"
"285367","turquoise"
"285368","yellow"
"285370","grey"
"285375","grey"
"285381","turquoise"
"285382","purple"
"285386","grey"
"285389","grey"
"2854","grey"
"285401","grey"
"285407","grey"
"285419","grey"
"285423","grey"
"285429","grey"
"285440","grey"
"285441","grey"
"285456","grey"
"285463","grey"
"285464","grey"
"285484","yellow"
"285489","grey"
"285492","grey"
"285498","grey"
"285501","grey"
"285512","grey"
"285513","turquoise"
"285521","blue"
"285525","grey"
"285527","black"
"285533","yellow"
"285540","grey"
"285547","grey"
"285548","grey"
"285550","grey"
"285555","grey"
"285556","grey"
"285577","grey"
"285588","grey"
"285590","yellow"
"285593","grey"
"285596","yellow"
"285598","turquoise"
"2856","grey"
"285600","blue"
"285601","yellow"
"285605","turquoise"
"285613","yellow"
"285622","grey"
"285626","grey"
"285627","grey"
"285629","grey"
"285636","turquoise"
"285638","grey"
"285641","grey"
"285643","grey"
"285659","grey"
"285668","grey"
"285671","turquoise"
"285672","turquoise"
"285676","green"
"285679","grey"
"285692","grey"
"285696","yellow"
"2857","red"
"285704","blue"
"285708","grey"
"285735","yellow"
"285740","grey"
"285753","turquoise"
"285755","grey"
"285758","grey"
"285759","grey"
"285761","blue"
"285762","grey"
"285766","yellow"
"285768","grey"
"285778","grey"
"285780","yellow"
"285782","grey"
"285796","pink"
"285800","black"
"285804","grey"
"285819","green"
"285830","grey"
"285834","grey"
"285847","grey"
"285848","grey"
"285852","grey"
"285855","blue"
"285878","yellow"
"285888","grey"
"285889","grey"
"2859","blue"
"285905","brown"
"285908","blue"
"285941","grey"
"285943","grey"
"285954","yellow"
"285955","grey"
"285958","turquoise"
"285961","grey"
"285962","grey"
"285965","grey"
"285966","grey"
"285971","blue"
"285972","grey"
"285973","grey"
"285987","blue"
"285989","grey"
"286","yellow"
"286002","yellow"
"286006","grey"
"286016","grey"
"286023","grey"
"286042","greenyellow"
"286046","grey"
"286053","grey"
"286059","grey"
"286075","grey"
"286076","grey"
"286077","grey"
"286083","grey"
"286094","grey"
"286097","blue"
"2861","black"
"286101","grey"
"286102","grey"
"286103","grey"
"286114","grey"
"286122","grey"
"286128","grey"
"286133","grey"
"286135","grey"
"286140","grey"
"286144","turquoise"
"286148","turquoise"
"286151","grey"
"286177","grey"
"286178","grey"
"286183","grey"
"286184","blue"
"286186","grey"
"286187","grey"
"286189","grey"
"286190","turquoise"
"2862","grey"
"286204","blue"
"286205","blue"
"286207","grey"
"286223","grey"
"286234","grey"
"286238","grey"
"286256","green"
"286257","green"
"286262","purple"
"2863","grey"
"286319","yellow"
"286333","blue"
"286336","grey"
"286343","grey"
"286359","grey"
"286362","grey"
"286365","grey"
"286367","yellow"
"286370","grey"
"286380","grey"
"2864","grey"
"286410","brown"
"286411","yellow"
"286436","grey"
"286437","turquoise"
"286442","grey"
"286451","turquoise"
"286464","grey"
"286467","grey"
"286480","blue"
"286495","green"
"286499","blue"
"2865","grey"
"286514","grey"
"286527","grey"
"286530","grey"
"286554","grey"
"286676","grey"
"2867","red"
"286749","brown"
"286753","grey"
"2868","green"
"286826","turquoise"
"286827","black"
"286887","grey"
"2869","grey"
"286967","grey"
"287","blue"
"2870","brown"
"287015","grey"
"2872","tan"
"2873","green"
"2874","green"
"2875","blue"
"2876","green"
"2877","grey"
"2878","grey"
"2879","brown"
"288","black"
"2880","grey"
"2882","grey"
"2885","yellow"
"2886","yellow"
"2887","grey"
"2888","yellow"
"2889","grey"
"2890","yellow"
"2891","blue"
"2892","blue"
"2893","yellow"
"2894","grey"
"2895","turquoise"
"28951","grey"
"28952","turquoise"
"28954","grey"
"28955","turquoise"
"28956","brown"
"28957","grey"
"28958","brown"
"28959","red"
"2896","red"
"28960","grey"
"28962","turquoise"
"28964","green"
"28965","grey"
"28966","turquoise"
"28968","blue"
"28969","yellow"
"2897","brown"
"28970","brown"
"28971","green"
"28972","yellow"
"28973","grey"
"28974","green"
"28976","turquoise"
"28977","turquoise"
"28978","blue"
"2898","yellow"
"28981","green"
"28982","blue"
"28983","grey"
"28984","blue"
"28985","yellow"
"28986","blue"
"28987","brown"
"28988","brown"
"28989","turquoise"
"2899","yellow"
"28990","yellow"
"28991","green"
"28992","green"
"28996","salmon"
"28998","grey"
"28999","yellow"
"29","yellow"
"290","red"
"2900","grey"
"2901","brown"
"29015","blue"
"29018","grey"
"2902","yellow"
"29028","turquoise"
"2903","blue"
"29034","grey"
"29035","turquoise"
"2904","blue"
"2905","magenta"
"29057","grey"
"29058","turquoise"
"2906","brown"
"29062","grey"
"29063","turquoise"
"29065","grey"
"29066","brown"
"29068","turquoise"
"2907","turquoise"
"29070","blue"
"29071","grey"
"29072","salmon"
"29074","tan"
"29075","grey"
"29078","blue"
"29079","blue"
"2908","turquoise"
"29080","grey"
"29081","grey"
"29082","green"
"29083","blue"
"29085","green"
"29086","brown"
"29087","yellow"
"29088","yellow"
"29089","yellow"
"2909","grey"
"29090","greenyellow"
"29091","turquoise"
"29092","grey"
"29093","brown"
"29094","blue"
"29095","green"
"29097","grey"
"29098","green"
"29099","brown"
"291","blue"
"29100","turquoise"
"29101","brown"
"29102","yellow"
"29103","grey"
"29104","grey"
"29105","yellow"
"29106","blue"
"29107","grey"
"29108","red"
"29109","blue"
"2911","blue"
"29110","magenta"
"29113","grey"
"29114","yellow"
"29115","green"
"29116","black"
"29117","yellow"
"29118","blue"
"29119","salmon"
"2912","yellow"
"29121","grey"
"29122","grey"
"29123","turquoise"
"29124","grey"
"29125","grey"
"29126","grey"
"29127","black"
"29128","brown"
"2913","turquoise"
"2914","yellow"
"2915","blue"
"2916","grey"
"2917","blue"
"2918","blue"
"2919","grey"
"292","grey"
"2920","grey"
"2921","grey"
"2922","grey"
"2923","grey"
"2925","green"
"2926","yellow"
"2928","grey"
"293","grey"
"2931","brown"
"2932","blue"
"2934","pink"
"2935","turquoise"
"2936","grey"
"2937","greenyellow"
"2938","grey"
"2939","grey"
"2940","grey"
"2941","yellow"
"2944","grey"
"2946","magenta"
"2947","grey"
"2948","brown"
"2949","grey"
"2950","green"
"2954","greenyellow"
"2956","greenyellow"
"2957","turquoise"
"2958","grey"
"2959","blue"
"2960","turquoise"
"2961","grey"
"2962","brown"
"2963","grey"
"2965","blue"
"2966","grey"
"2967","green"
"2968","grey"
"2969","turquoise"
"2970","turquoise"
"2971","turquoise"
"2972","green"
"2974","grey"
"2975","brown"
"2976","grey"
"29760","red"
"29761","blue"
"29763","green"
"29765","grey"
"29766","brown"
"29767","blue"
"2977","blue"
"29774","grey"
"29775","red"
"29777","turquoise"
"2978","yellow"
"29780","grey"
"29781","brown"
"29785","grey"
"29789","blue"
"2979","grey"
"29796","brown"
"29797","grey"
"29798","grey"
"29799","brown"
"2980","grey"
"29800","turquoise"
"29801","green"
"29802","brown"
"29803","blue"
"2981","grey"
"2982","blue"
"2983","blue"
"2984","grey"
"29841","blue"
"29842","grey"
"29843","brown"
"29844","brown"
"29850","grey"
"29851","grey"
"29855","grey"
"2986","grey"
"2987","brown"
"29880","grey"
"29881","tan"
"29882","green"
"29883","blue"
"29886","blue"
"29887","blue"
"29888","brown"
"29889","grey"
"29890","grey"
"29893","green"
"29894","grey"
"29895","grey"
"29896","grey"
"29899","brown"
"2990","green"
"29901","brown"
"29902","blue"
"29903","brown"
"29904","grey"
"29906","brown"
"29907","grey"
"29909","grey"
"29911","grey"
"29914","brown"
"29915","turquoise"
"29916","green"
"29919","grey"
"2992","grey"
"29920","grey"
"29922","yellow"
"29923","red"
"29924","brown"
"29925","grey"
"29926","green"
"29927","blue"
"29928","brown"
"29929","grey"
"2993","grey"
"29930","grey"
"29931","grey"
"29933","red"
"29934","grey"
"29935","grey"
"29937","green"
"2994","grey"
"29940","red"
"29941","red"
"29942","grey"
"29943","grey"
"29944","yellow"
"29945","turquoise"
"29946","blue"
"29947","grey"
"29948","grey"
"29949","grey"
"2995","blue"
"29950","blue"
"29951","turquoise"
"29952","green"
"29953","blue"
"29954","pink"
"29956","black"
"29957","turquoise"
"29958","grey"
"29959","brown"
"2996","yellow"
"29960","grey"
"29964","grey"
"29965","brown"
"29966","turquoise"
"29967","blue"
"29968","brown"
"29969","turquoise"
"2997","magenta"
"29970","grey"
"29974","grey"
"29978","blue"
"29979","blue"
"2998","grey"
"29980","grey"
"29982","blue"
"29984","magenta"
"29985","brown"
"29986","grey"
"29988","green"
"29989","grey"
"2999","grey"
"29990","blue"
"29991","grey"
"29992","blue"
"29993","yellow"
"29994","turquoise"
"29995","grey"
"29997","blue"
"29998","blue"
"29999","grey"
"3","grey"
"30","blue"
"3000","brown"
"30000","brown"
"30001","green"
"30008","magenta"
"30009","grey"
"3001","grey"
"30010","blue"
"30011","magenta"
"30012","grey"
"3002","grey"
"3003","grey"
"3004","blue"
"3005","grey"
"3006","blue"
"30061","turquoise"
"30062","grey"
"3007","grey"
"3008","grey"
"3009","grey"
"301","brown"
"3010","grey"
"3012","grey"
"3013","grey"
"3014","green"
"3015","grey"
"3017","blue"
"3018","grey"
"302","red"
"3020","brown"
"3021","grey"
"3024","grey"
"3026","grey"
"3028","blue"
"3029","turquoise"
"303","grey"
"3030","magenta"
"3032","brown"
"3033","grey"
"3034","grey"
"3035","brown"
"3036","yellow"
"3037","brown"
"3038","grey"
"3039","turquoise"
"304","red"
"3040","grey"
"3042","grey"
"3043","grey"
"3044","grey"
"3045","grey"
"3046","grey"
"3047","grey"
"3048","grey"
"3049","brown"
"305","grey"
"3050","grey"
"3052","blue"
"3053","grey"
"3054","grey"
"3055","red"
"3059","red"
"306","grey"
"3060","green"
"3061","grey"
"3062","yellow"
"3064","yellow"
"3065","blue"
"3066","magenta"
"3067","grey"
"3068","blue"
"3069","grey"
"307","yellow"
"3070","grey"
"3071","red"
"3073","grey"
"3074","blue"
"3075","turquoise"
"3077","brown"
"3078","grey"
"308","brown"
"3080","grey"
"3081","grey"
"30811","yellow"
"30812","pink"
"30813","yellow"
"30814","grey"
"30815","brown"
"30816","brown"
"30817","red"
"30818","brown"
"30819","brown"
"3082","turquoise"
"30820","grey"
"30827","green"
"3083","grey"
"30832","turquoise"
"30833","green"
"30834","green"
"30835","grey"
"30836","grey"
"30837","grey"
"3084","yellow"
"30844","red"
"30845","yellow"
"30846","blue"
"30848","grey"
"30849","green"
"30850","pink"
"30851","blue"
"3087","red"
"309","yellow"
"3090","grey"
"3091","green"
"3092","black"
"3093","blue"
"3094","yellow"
"3096","turquoise"
"30968","brown"
"3097","blue"
"3098","yellow"
"3099","red"
"31","grey"
"310","blue"
"3101","red"
"3104","grey"
"3105","red"
"3107","grey"
"3108","red"
"3109","red"
"311","brown"
"3110","grey"
"3111","red"
"3112","grey"
"3116","grey"
"3117","red"
"3119","grey"
"312","grey"
"3120","grey"
"3123","red"
"3125","grey"
"3126","grey"
"3127","grey"
"3128","red"
"313","red"
"3131","yellow"
"3134","red"
"3135","grey"
"3136","grey"
"3137","grey"
"3139","grey"
"314","grey"
"3140","turquoise"
"3141","black"
"3142","blue"
"3145","green"
"3146","grey"
"3148","grey"
"3149","grey"
"3150","turquoise"
"3151","grey"
"3155","green"
"3156","blue"
"3157","blue"
"3158","grey"
"3159","brown"
"316","brown"
"3161","grey"
"3162","red"
"3163","turquoise"
"3164","grey"
"3166","blue"
"3167","grey"
"3169","grey"
"317","blue"
"3170","grey"
"3171","grey"
"3172","yellow"
"3174","grey"
"3175","grey"
"3176","brown"
"317648","greenyellow"
"317649","blue"
"317662","salmon"
"317671","grey"
"3177","turquoise"
"317701","grey"
"317705","grey"
"317716","grey"
"317719","yellow"
"317749","green"
"317751","grey"
"317760","grey"
"317761","grey"
"317762","midnightblue"
"317772","grey"
"317781","turquoise"
"3178","grey"
"318","brown"
"3181","greenyellow"
"3182","grey"
"3183","brown"
"3184","grey"
"3185","brown"
"3187","turquoise"
"3188","blue"
"3189","greenyellow"
"319","grey"
"3190","turquoise"
"319085","grey"
"319089","grey"
"3191","grey"
"319100","grey"
"319101","grey"
"319103","grey"
"319139","grey"
"3192","brown"
"3195","grey"
"3196","brown"
"3198","grey"
"3199","grey"
"32","grey"
"320","yellow"
"3200","grey"
"3201","grey"
"3202","grey"
"3203","grey"
"3204","grey"
"3205","grey"
"3206","grey"
"3207","grey"
"3208","brown"
"3209","grey"
"321","yellow"
"3212","grey"
"3213","grey"
"3214","grey"
"3215","grey"
"3216","grey"
"3217","grey"
"3218","grey"
"3219","grey"
"322","purple"
"3221","grey"
"3222","grey"
"3223","grey"
"3224","grey"
"3225","grey"
"3226","grey"
"3227","grey"
"3228","grey"
"3229","grey"
"323","black"
"3231","pink"
"3232","pink"
"3233","grey"
"3234","grey"
"3235","grey"
"3236","grey"
"3237","grey"
"3238","cyan"
"3239","grey"
"324","turquoise"
"3240","grey"
"3241","brown"
"3242","grey"
"3248","grey"
"3249","pink"
"325","grey"
"3250","grey"
"3251","blue"
"3257","green"
"326","grey"
"3262","grey"
"3263","grey"
"326340","grey"
"326342","grey"
"326343","grey"
"3265","brown"
"3266","grey"
"326624","yellow"
"326625","turquoise"
"3267","turquoise"
"3268","blue"
"3269","grey"
"327","turquoise"
"3270","grey"
"3273","grey"
"3274","blue"
"3275","blue"
"3276","turquoise"
"327657","grey"
"328","grey"
"3280","grey"
"3281","grey"
"3283","grey"
"3284","grey"
"329","turquoise"
"3290","grey"
"3291","grey"
"3292","green"
"3293","pink"
"3294","grey"
"3295","brown"
"3297","green"
"3298","blue"
"3299","blue"
"33","grey"
"330","grey"
"3300","green"
"3301","greenyellow"
"3303","tan"
"3304","tan"
"3305","tan"
"3306","black"
"3308","greenyellow"
"3309","greenyellow"
"331","turquoise"
"3310","tan"
"3311","grey"
"3312","greenyellow"
"3313","grey"
"3315","tan"
"3316","green"
"332","grey"
"3320","greenyellow"
"3321","yellow"
"3326","grey"
"3329","greenyellow"
"333","pink"
"3336","tan"
"3337","tan"
"3338","green"
"3339","yellow"
"333926","brown"
"333929","brown"
"333932","grey"
"334","blue"
"3340","grey"
"3344","turquoise"
"3346","grey"
"3347","grey"
"335","green"
"3350","blue"
"3351","turquoise"
"3352","yellow"
"3354","yellow"
"3355","grey"
"3356","blue"
"3357","grey"
"3358","blue"
"3359","yellow"
"336","grey"
"3360","blue"
"3361","yellow"
"3362","brown"
"3363","blue"
"3364","green"
"337","grey"
"3371","grey"
"3373","red"
"3375","grey"
"3376","blue"
"337867","brown"
"337873","grey"
"337875","grey"
"337876","blue"
"337878","grey"
"337879","grey"
"337880","grey"
"337882","grey"
"337959","grey"
"337960","grey"
"337966","grey"
"337968","grey"
"337970","grey"
"337972","grey"
"337973","grey"
"337974","grey"
"337977","grey"
"337978","grey"
"337985","grey"
"338","grey"
"338002","grey"
"338005","grey"
"338069","grey"
"338094","grey"
"3381","grey"
"3382","yellow"
"3383","red"
"338321","grey"
"338322","grey"
"338323","grey"
"338324","grey"
"338328","pink"
"338339","grey"
"338376","grey"
"338382","grey"
"338398","grey"
"3384","red"
"338427","grey"
"338428","grey"
"338429","grey"
"338433","grey"
"338436","grey"
"338440","grey"
"338442","grey"
"3385","grey"
"338557","yellow"
"338567","grey"
"338579","grey"
"338588","grey"
"338596","turquoise"
"338599","grey"
"3386","grey"
"338645","grey"
"338651","blue"
"338657","green"
"338661","grey"
"338662","grey"
"338667","grey"
"338692","brown"
"338694","grey"
"338699","blue"
"338707","green"
"338739","grey"
"338751","grey"
"338755","grey"
"338758","blue"
"338761","grey"
"338773","red"
"338785","grey"
"338797","grey"
"338799","blue"
"338809","grey"
"338811","blue"
"338817","yellow"
"338821","grey"
"338862","grey"
"338864","grey"
"338872","grey"
"338879","grey"
"338917","grey"
"338949","grey"
"338963","grey"
"339","grey"
"339005","grey"
"339044","grey"
"339059","grey"
"339105","green"
"339122","grey"
"339123","brown"
"339145","grey"
"339166","grey"
"339168","grey"
"339175","grey"
"339184","grey"
"339192","grey"
"339201","grey"
"339210","green"
"339221","grey"
"339229","green"
"339230","green"
"339231","brown"
"339240","grey"
"339260","blue"
"339263","blue"
"339287","green"
"339290","black"
"339291","cyan"
"339298","grey"
"339302","grey"
"339318","turquoise"
"339324","turquoise"
"339327","turquoise"
"339344","brown"
"339345","grey"
"339366","magenta"
"339390","brown"
"339398","grey"
"3394","red"
"339400","grey"
"339403","grey"
"339416","turquoise"
"339442","grey"
"339448","grey"
"339451","green"
"339453","brown"
"339456","turquoise"
"339457","grey"
"339468","grey"
"339479","green"
"339483","blue"
"339487","turquoise"
"339488","yellow"
"339500","turquoise"
"339501","grey"
"339505","grey"
"339512","grey"
"339524","yellow"
"339529","yellow"
"339535","grey"
"339539","grey"
"339541","green"
"339559","grey"
"339568","grey"
"339593","grey"
"3396","turquoise"
"339622","grey"
"339665","brown"
"339666","turquoise"
"339669","grey"
"339674","brown"
"339685","grey"
"3397","grey"
"339742","grey"
"339745","turquoise"
"339751","turquoise"
"339761","grey"
"339766","grey"
"339768","grey"
"339778","grey"
"339779","grey"
"339788","grey"
"339789","grey"
"3398","blue"
"339803","grey"
"339804","yellow"
"339807","grey"
"339822","grey"
"339829","turquoise"
"339834","grey"
"339855","grey"
"339862","grey"
"339874","grey"
"339883","grey"
"339894","grey"
"339896","grey"
"3399","blue"
"339906","grey"
"339926","purple"
"339929","grey"
"339942","green"
"339965","green"
"339967","grey"
"339975","grey"
"339976","grey"
"339977","grey"
"339978","cyan"
"339983","brown"
"339988","grey"
"34","turquoise"
"3400","grey"
"340017","brown"
"340024","grey"
"340037","grey"
"340061","grey"
"340069","grey"
"340073","grey"
"340074","grey"
"340075","grey"
"340090","grey"
"340094","grey"
"340107","grey"
"340113","grey"
"340120","blue"
"340146","grey"
"340152","grey"
"340156","blue"
"340168","grey"
"340198","grey"
"340204","grey"
"340205","grey"
"340206","grey"
"340252","turquoise"
"340260","grey"
"340267","grey"
"340273","grey"
"340277","black"
"340286","grey"
"340307","grey"
"340340","grey"
"340348","magenta"
"340351","turquoise"
"340357","grey"
"340359","blue"
"340371","grey"
"340385","turquoise"
"340390","grey"
"340393","brown"
"340419","blue"
"340441","grey"
"340481","blue"
"340485","turquoise"
"340508","grey"
"340512","grey"
"340515","grey"
"340526","grey"
"340527","turquoise"
"340529","yellow"
"340533","blue"
"340542","yellow"
"340543","yellow"
"340544","black"
"340547","blue"
"340554","blue"
"340562","blue"
"340578","blue"
"340581","grey"
"340591","green"
"340595","grey"
"340596","grey"
"340602","grey"
"340654","grey"
"340665","grey"
"340706","turquoise"
"340719","grey"
"340745","grey"
"340784","grey"
"340811","grey"
"340895","grey"
"340900","grey"
"340980","grey"
"340990","grey"
"341","red"
"341019","grey"
"341032","grey"
"341056","grey"
"341116","grey"
"341152","grey"
"341208","grey"
"341276","grey"
"341277","grey"
"341346","brown"
"341350","turquoise"
"341359","blue"
"341392","grey"
"341405","grey"
"341418","grey"
"341567","grey"
"341568","grey"
"3416","turquoise"
"341640","grey"
"341676","brown"
"3417","turquoise"
"341799","grey"
"3418","grey"
"341880","yellow"
"341883","grey"
"3419","grey"
"341947","grey"
"342","grey"
"3420","brown"
"342035","grey"
"342096","grey"
"3421","brown"
"342125","grey"
"342132","grey"
"342184","blue"
"3422","grey"
"3423","yellow"
"342346","grey"
"342357","grey"
"342371","turquoise"
"342372","grey"
"3425","grey"
"342510","grey"
"342527","grey"
"342538","grey"
"342574","grey"
"3426","brown"
"342618","grey"
"342666","grey"
"342667","yellow"
"3428","red"
"342850","grey"
"342865","grey"
"342892","brown"
"342897","grey"
"342898","grey"
"3429","grey"
"342900","cyan"
"342908","grey"
"342909","brown"
"342918","brown"
"342926","brown"
"342931","grey"
"342933","grey"
"342945","grey"
"342977","brown"
"342979","turquoise"
"343","turquoise"
"3430","magenta"
"343035","grey"
"343066","grey"
"343069","grey"
"343071","grey"
"343099","grey"
"3431","red"
"343169","grey"
"343171","yellow"
"343172","grey"
"343263","grey"
"3433","brown"
"3434","blue"
"343406","grey"
"343413","grey"
"343450","blue"
"343472","grey"
"343505","grey"
"343521","grey"
"343578","grey"
"343637","grey"
"343641","grey"
"3437","grey"
"343702","blue"
"3439","grey"
"343930","grey"
"343990","yellow"
"344","red"
"3440","grey"
"344018","grey"
"344022","grey"
"3441","grey"
"344148","black"
"344167","grey"
"3442","grey"
"3443","grey"
"344387","grey"
"3444","grey"
"344405","grey"
"344454","grey"
"3445","grey"
"344558","grey"
"344561","grey"
"344595","grey"
"3446","grey"
"344657","grey"
"344658","grey"
"3447","grey"
"344752","grey"
"344758","blue"
"344787","blue"
"3448","grey"
"344805","grey"
"344807","grey"
"344838","yellow"
"344875","grey"
"344887","grey"
"344892","grey"
"3449","grey"
"344901","grey"
"344905","grey"
"344967","yellow"
"345","grey"
"345051","grey"
"345062","grey"
"345079","blue"
"3451","grey"
"345193","grey"
"3452","blue"
"345222","brown"
"345274","grey"
"345275","grey"
"3453","grey"
"3454","turquoise"
"345456","grey"
"345462","turquoise"
"3455","turquoise"
"345557","blue"
"3456","grey"
"345611","grey"
"345630","brown"
"345643","grey"
"345651","grey"
"345757","blue"
"345778","blue"
"3458","grey"
"345895","grey"
"3459","brown"
"345930","grey"
"346","grey"
"3460","grey"
"346007","turquoise"
"346157","blue"
"346171","pink"
"346288","grey"
"346389","grey"
"346517","grey"
"346525","grey"
"346528","grey"
"346562","grey"
"346606","grey"
"346653","grey"
"346673","grey"
"346689","grey"
"3467","grey"
"347","pink"
"347051","yellow"
"347088","grey"
"347127","grey"
"347148","grey"
"347168","grey"
"347169","grey"
"347240","turquoise"
"347252","brown"
"347273","grey"
"347344","turquoise"
"347365","grey"
"347404","blue"
"347411","grey"
"347442","grey"
"347454","red"
"347468","grey"
"347475","grey"
"347487","grey"
"3475","grey"
"347516","grey"
"347517","magenta"
"347527","grey"
"3476","grey"
"347686","grey"
"347688","grey"
"347689","black"
"347694","grey"
"347730","yellow"
"347731","blue"
"347732","grey"
"347733","grey"
"347734","grey"
"347735","grey"
"347736","grey"
"347741","grey"
"347744","turquoise"
"347745","blue"
"347746","grey"
"347853","grey"
"347862","turquoise"
"3479","blue"
"347902","grey"
"347918","grey"
"348","magenta"
"3480","brown"
"348013","blue"
"348021","grey"
"348093","grey"
"348094","grey"
"3481","grey"
"348110","grey"
"348120","grey"
"348158","grey"
"348174","grey"
"348180","turquoise"
"3482","turquoise"
"348235","turquoise"
"348249","grey"
"348254","brown"
"348262","green"
"3483","green"
"348303","grey"
"348327","grey"
"348378","grey"
"3484","grey"
"348487","turquoise"
"3485","grey"
"3486","grey"
"348645","red"
"348654","grey"
"3487","grey"
"348738","grey"
"348751","grey"
"348761","grey"
"348793","grey"
"3488","grey"
"348801","yellow"
"348807","grey"
"348808","grey"
"348825","grey"
"348840","grey"
"3489","brown"
"348926","grey"
"348932","grey"
"348938","pink"
"348980","yellow"
"348995","grey"
"3490","red"
"349075","brown"
"3491","grey"
"349114","grey"
"349136","grey"
"349149","grey"
"349152","blue"
"349160","grey"
"349196","grey"
"349334","grey"
"349408","grey"
"349565","grey"
"349633","grey"
"349667","brown"
"35","green"
"350","grey"
"350383","grey"
"3508","grey"
"351","green"
"3512","grey"
"3516","turquoise"
"352887","grey"
"352909","grey"
"352954","grey"
"352961","grey"
"352999","grey"
"353","green"
"353088","turquoise"
"353091","grey"
"353116","green"
"353131","grey"
"353132","grey"
"353133","grey"
"353134","grey"
"353135","grey"
"353140","grey"
"353142","grey"
"353143","grey"
"353144","grey"
"353145","cyan"
"353149","brown"
"353164","grey"
"353174","brown"
"353189","blue"
"353219","grey"
"353238","grey"
"353274","brown"
"353288","grey"
"353299","grey"
"353322","grey"
"353324","grey"
"353332","grey"
"353333","grey"
"353345","red"
"353355","yellow"
"353376","greenyellow"
"353497","brown"
"353500","grey"
"353511","grey"
"353514","red"
"354","grey"
"3543","grey"
"3547","grey"
"3549","grey"
"355","grey"
"3550","turquoise"
"3551","yellow"
"3552","grey"
"3553","red"
"3554","red"
"3556","turquoise"
"3557","grey"
"3558","grey"
"3559","grey"
"356","grey"
"3560","grey"
"3561","blue"
"3562","grey"
"3563","tan"
"3565","grey"
"3566","red"
"3567","grey"
"3568","grey"
"3569","grey"
"357","yellow"
"3570","brown"
"3572","turquoise"
"3574","grey"
"3575","red"
"3576","grey"
"3577","red"
"3578","grey"
"3579","red"
"358","grey"
"3580","grey"
"3581","grey"
"3586","red"
"3587","red"
"3588","blue"
"3589","grey"
"359","grey"
"3590","blue"
"3592","grey"
"3593","grey"
"3594","red"
"3595","yellow"
"3596","grey"
"3597","red"
"359710","grey"
"359787","grey"
"3598","grey"
"359806","grey"
"359821","grey"
"359822","grey"
"359948","greenyellow"
"36","green"
"360","grey"
"3600","grey"
"360023","turquoise"
"360030","grey"
"3601","red"
"360132","grey"
"360155","grey"
"360200","brown"
"360203","grey"
"360205","grey"
"360226","grey"
"3603","red"
"3604","grey"
"3605","grey"
"3606","red"
"3607","brown"
"3608","grey"
"3609","grey"
"361","purple"
"3611","blue"
"3612","blue"
"3613","magenta"
"3614","turquoise"
"3615","green"
"3617","turquoise"
"3619","turquoise"
"362","grey"
"3620","grey"
"3621","grey"
"3622","grey"
"3623","greenyellow"
"3624","grey"
"3625","grey"
"3626","grey"
"3627","grey"
"3628","pink"
"363","grey"
"3630","grey"
"3631","blue"
"3632","green"
"3633","blue"
"3635","red"
"3636","yellow"
"3638","black"
"364","grey"
"3640","grey"
"3641","grey"
"3642","yellow"
"3643","yellow"
"3645","grey"
"3646","brown"
"3651","grey"
"3652","turquoise"
"3653","grey"
"3654","grey"
"3655","turquoise"
"3656","greenyellow"
"3658","turquoise"
"3659","red"
"366","grey"
"3660","brown"
"3661","green"
"3662","grey"
"3663","red"
"3664","grey"
"3665","blue"
"3667","green"
"3669","pink"
"367","grey"
"3670","grey"
"3671","brown"
"3672","turquoise"
"3673","black"
"3674","turquoise"
"3675","brown"
"3676","turquoise"
"3678","red"
"3679","magenta"
"368","grey"
"3680","green"
"3681","grey"
"3682","green"
"3683","red"
"3684","red"
"3685","turquoise"
"3687","red"
"3688","turquoise"
"3689","red"
"369","green"
"3690","red"
"3691","grey"
"3692","brown"
"3693","blue"
"3694","grey"
"3695","grey"
"3696","turquoise"
"3697","grey"
"3698","grey"
"3699","grey"
"37","blue"
"3700","green"
"3702","grey"
"3703","brown"
"3704","brown"
"3705","green"
"3706","brown"
"3707","blue"
"3708","blue"
"3709","brown"
"3710","red"
"3712","grey"
"3713","grey"
"3714","grey"
"3716","green"
"3717","turquoise"
"3718","red"
"372","brown"
"3720","grey"
"3725","grey"
"3726","grey"
"3727","turquoise"
"3728","blue"
"373","turquoise"
"3730","turquoise"
"373156","green"
"3732","grey"
"3735","brown"
"373509","grey"
"3736","yellow"
"3737","brown"
"3738","blue"
"373856","grey"
"373861","tan"
"373863","blue"
"3739","blue"
"374","grey"
"3741","grey"
"3742","grey"
"374286","grey"
"374291","turquoise"
"3743","grey"
"374308","grey"
"374354","turquoise"
"374355","grey"
"374378","grey"
"374383","blue"
"374387","magenta"
"374393","grey"
"374395","blue"
"3744","grey"
"374403","grey"
"374407","grey"
"374443","grey"
"374454","grey"
"374462","grey"
"374470","grey"
"374491","grey"
"3745","blue"
"374569","grey"
"3746","yellow"
"374618","grey"
"374650","grey"
"374654","magenta"
"374655","purple"
"374659","brown"
"374666","grey"
"3747","yellow"
"374739","grey"
"374768","grey"
"374786","grey"
"3748","yellow"
"374819","turquoise"
"374860","blue"
"374864","blue"
"374868","grey"
"374872","blue"
"374875","brown"
"374877","grey"
"374879","turquoise"
"374882","turquoise"
"374887","brown"
"374890","grey"
"374897","grey"
"374899","turquoise"
"3749","brown"
"374900","brown"
"374907","grey"
"374918","grey"
"374920","green"
"374928","green"
"374946","grey"
"374955","yellow"
"374969","turquoise"
"374973","grey"
"374977","grey"
"374986","turquoise"
"374987","grey"
"375","brown"
"3750","grey"
"375033","turquoise"
"375035","brown"
"375056","turquoise"
"375057","yellow"
"375061","grey"
"3751","blue"
"375133","grey"
"375189","grey"
"375190","green"
"375196","yellow"
"3752","turquoise"
"375248","grey"
"375260","green"
"375287","turquoise"
"375295","yellow"
"375298","grey"
"3753","grey"
"375307","grey"
"375316","green"
"375318","grey"
"375323","yellow"
"375337","grey"
"375341","green"
"375346","brown"
"375387","red"
"3754","brown"
"375444","blue"
"375449","purple"
"375484","blue"
"3755","yellow"
"375513","grey"
"375519","grey"
"375567","blue"
"375593","grey"
"3756","yellow"
"375607","brown"
"375611","grey"
"375612","turquoise"
"375616","grey"
"375686","grey"
"375690","grey"
"3757","brown"
"375704","magenta"
"375719","grey"
"375743","turquoise"
"375748","turquoise"
"375757","green"
"375759","green"
"375775","green"
"375790","grey"
"375791","turquoise"
"3758","yellow"
"3759","black"
"375940","grey"
"3760","blue"
"3761","yellow"
"376132","grey"
"3762","red"
"376267","yellow"
"3763","blue"
"3764","red"
"376412","grey"
"376497","green"
"3765","grey"
"3766","grey"
"376693","pink"
"3767","brown"
"3768","yellow"
"376844","grey"
"3769","grey"
"376940","turquoise"
"377","yellow"
"3770","grey"
"377007","grey"
"377047","grey"
"3772","red"
"3773","purple"
"3775","blue"
"3776","blue"
"377630","grey"
"377677","blue"
"3777","brown"
"3778","yellow"
"377841","green"
"3779","grey"
"378","blue"
"3780","brown"
"3781","grey"
"378108","grey"
"3782","purple"
"3783","grey"
"3784","red"
"3785","yellow"
"3786","blue"
"3787","yellow"
"378706","grey"
"378708","brown"
"3788","yellow"
"378805","blue"
"378807","grey"
"378825","grey"
"378832","grey"
"378881","grey"
"378884","yellow"
"378925","grey"
"378938","grey"
"379","yellow"
"3790","grey"
"379013","turquoise"
"379025","grey"
"379034","grey"
"3791","brown"
"3792","pink"
"3795","brown"
"3796","turquoise"
"3797","yellow"
"3798","turquoise"
"3799","salmon"
"38","grey"
"3800","turquoise"
"3801","green"
"3802","grey"
"3803","grey"
"3804","grey"
"3805","grey"
"3806","grey"
"3808","grey"
"3809","grey"
"381","turquoise"
"3810","grey"
"3811","grey"
"3812","grey"
"3813","grey"
"3814","grey"
"3815","blue"
"3816","grey"
"3817","grey"
"3818","blue"
"382","brown"
"3820","grey"
"3821","grey"
"3822","grey"
"3823","grey"
"3824","grey"
"3827","grey"
"383","grey"
"3831","yellow"
"3832","blue"
"3833","grey"
"3834","grey"
"3835","green"
"3836","blue"
"3837","turquoise"
"3838","blue"
"3839","blue"
"384","brown"
"3840","turquoise"
"3841","blue"
"3842","turquoise"
"3843","grey"
"3845","blue"
"3846","brown"
"3848","grey"
"3849","grey"
"3850","grey"
"3851","grey"
"3852","yellow"
"3853","grey"
"3854","grey"
"3855","grey"
"3856","grey"
"3857","grey"
"3858","grey"
"3859","grey"
"3860","grey"
"3861","grey"
"386593","blue"
"386597","yellow"
"3866","grey"
"386607","turquoise"
"386617","blue"
"386618","grey"
"386627","grey"
"386653","grey"
"386672","grey"
"386674","grey"
"386675","grey"
"386676","grey"
"386677","grey"
"386678","grey"
"386679","grey"
"386680","grey"
"386681","grey"
"386682","grey"
"386683","grey"
"386685","grey"
"386724","blue"
"386746","grey"
"386757","grey"
"386758","purple"
"3868","grey"
"387","blue"
"387032","turquoise"
"387036","grey"
"387065","grey"
"387066","green"
"387082","grey"
"387097","brown"
"387103","brown"
"387104","blue"
"387111","grey"
"387119","turquoise"
"387129","grey"
"3872","brown"
"387254","grey"
"387263","grey"
"387264","grey"
"387266","grey"
"387267","grey"
"387273","grey"
"387316","grey"
"387319","grey"
"387332","grey"
"387338","grey"
"387357","blue"
"387486","black"
"387496","grey"
"3875","grey"
"387509","brown"
"387521","pink"
"387522","turquoise"
"387590","black"
"387597","purple"
"387601","blue"
"387628","grey"
"387638","grey"
"387640","yellow"
"387642","grey"
"387644","brown"
"387646","turquoise"
"387647","brown"
"387680","grey"
"387694","grey"
"387695","grey"
"387700","brown"
"387707","grey"
"387712","pink"
"387715","grey"
"387718","grey"
"387720","grey"
"387723","grey"
"387733","grey"
"387742","grey"
"387748","grey"
"387751","brown"
"387755","grey"
"387758","purple"
"387763","red"
"387775","blue"
"387778","grey"
"387787","grey"
"387804","blue"
"387810","grey"
"387836","grey"
"387837","grey"
"387841","grey"
"387849","tan"
"387856","yellow"
"387882","grey"
"387885","grey"
"387890","blue"
"387893","green"
"387895","grey"
"387911","grey"
"387914","black"
"387921","green"
"387923","brown"
"387978","yellow"
"387990","grey"
"388","grey"
"3880","grey"
"388007","grey"
"388011","grey"
"388015","grey"
"388021","brown"
"3881","grey"
"388115","blue"
"388121","yellow"
"388125","grey"
"388135","brown"
"388152","grey"
"388165","turquoise"
"388182","grey"
"388199","grey"
"3882","grey"
"388210","grey"
"388228","brown"
"388242","grey"
"388272","green"
"388276","cyan"
"388282","grey"
"388284","grey"
"388289","grey"
"3883","grey"
"388323","grey"
"388324","grey"
"388325","red"
"388327","yellow"
"388333","grey"
"388335","grey"
"388336","grey"
"388341","black"
"388364","grey"
"388372","grey"
"388381","grey"
"388387","grey"
"388389","grey"
"388394","yellow"
"3884","grey"
"388403","black"
"388406","grey"
"388407","grey"
"388419","grey"
"388428","grey"
"388436","grey"
"388456","grey"
"388468","grey"
"388499","grey"
"3885","grey"
"388503","grey"
"388507","magenta"
"388512","grey"
"388514","grey"
"388523","turquoise"
"388524","blue"
"388531","grey"
"388533","grey"
"388536","turquoise"
"388550","grey"
"388551","grey"
"388552","turquoise"
"388553","grey"
"388555","grey"
"388558","brown"
"388559","grey"
"388561","greenyellow"
"388564","grey"
"388566","grey"
"388567","turquoise"
"388569","grey"
"388574","grey"
"388581","turquoise"
"388585","grey"
"388588","grey"
"388591","brown"
"388595","grey"
"3886","grey"
"388610","yellow"
"388611","grey"
"388630","grey"
"388633","grey"
"388646","grey"
"388649","grey"
"388650","turquoise"
"388662","yellow"
"388667","grey"
"388677","grey"
"388685","grey"
"388692","grey"
"388695","grey"
"388697","grey"
"388698","grey"
"3887","brown"
"388701","grey"
"388714","grey"
"388719","grey"
"388722","grey"
"388730","green"
"388743","grey"
"388753","yellow"
"388759","turquoise"
"388762","grey"
"388780","grey"
"388789","brown"
"388795","grey"
"388796","turquoise"
"388799","grey"
"3888","grey"
"388813","grey"
"388815","purple"
"388818","cyan"
"388820","grey"
"388830","grey"
"388849","grey"
"388882","grey"
"388886","turquoise"
"3889","grey"
"388906","grey"
"388910","grey"
"388931","grey"
"388939","grey"
"388942","grey"
"388946","grey"
"388948","grey"
"388951","grey"
"388960","grey"
"388962","grey"
"388963","turquoise"
"388965","grey"
"388969","yellow"
"389","magenta"
"3890","grey"
"389015","grey"
"389023","yellow"
"389033","grey"
"389043","grey"
"389058","grey"
"389072","green"
"389073","yellow"
"389075","grey"
"389084","turquoise"
"389090","grey"
"3891","grey"
"389102","grey"
"389114","grey"
"389118","grey"
"389119","grey"
"389123","grey"
"389124","grey"
"389125","grey"
"389136","turquoise"
"389151","grey"
"389152","grey"
"389158","grey"
"389161","grey"
"389170","grey"
"389177","grey"
"389197","brown"
"389199","grey"
"3892","brown"
"389203","grey"
"389206","blue"
"389207","grey"
"389208","grey"
"389247","grey"
"389257","grey"
"389273","grey"
"389289","blue"
"389320","grey"
"389332","yellow"
"389333","turquoise"
"389336","grey"
"389337","pink"
"389362","brown"
"389376","grey"
"389383","grey"
"389384","grey"
"389396","grey"
"389400","grey"
"389421","blue"
"389432","blue"
"389434","grey"
"389458","brown"
"389493","brown"
"3895","turquoise"
"389524","grey"
"389538","grey"
"389541","green"
"389549","grey"
"389558","grey"
"389602","grey"
"389607","grey"
"389610","grey"
"389633","grey"
"389634","grey"
"389641","grey"
"389643","grey"
"389649","grey"
"389658","grey"
"389668","blue"
"389676","grey"
"389677","turquoise"
"389690","grey"
"389692","grey"
"3897","yellow"
"389705","grey"
"389715","grey"
"389730","grey"
"389741","grey"
"389761","grey"
"389763","grey"
"389765","greenyellow"
"389766","grey"
"389791","grey"
"389792","grey"
"389799","grey"
"3898","grey"
"389812","brown"
"389813","grey"
"389816","grey"
"389827","grey"
"389831","grey"
"389834","grey"
"389840","grey"
"389852","grey"
"389856","blue"
"389857","grey"
"389860","grey"
"389895","yellow"
"389898","grey"
"3899","blue"
"389903","grey"
"389906","brown"
"389932","grey"
"389941","blue"
"39","grey"
"390","grey"
"390003","grey"
"390010","grey"
"390036","grey"
"390037","grey"
"390038","cyan"
"390054","grey"
"390058","grey"
"390059","grey"
"390061","grey"
"390063","grey"
"390064","grey"
"390066","grey"
"390067","grey"
"390072","grey"
"390075","grey"
"390077","grey"
"390079","grey"
"390081","grey"
"390083","grey"
"390084","grey"
"390093","grey"
"390110","grey"
"390142","grey"
"390144","grey"
"390148","grey"
"390152","grey"
"390155","grey"
"390162","grey"
"390167","cyan"
"390181","grey"
"390190","grey"
"390191","grey"
"390195","grey"
"390197","grey"
"3902","grey"
"390201","grey"
"390205","brown"
"390212","grey"
"390213","grey"
"390226","grey"
"390231","grey"
"390243","grey"
"390245","grey"
"390259","grey"
"390260","grey"
"390261","grey"
"390265","grey"
"390271","grey"
"390275","grey"
"3903","red"
"390323","grey"
"390326","grey"
"3904","grey"
"390429","grey"
"390431","grey"
"390436","grey"
"390437","grey"
"390439","cyan"
"390442","grey"
"390445","grey"
"390535","grey"
"390539","grey"
"390561","grey"
"390594","grey"
"390595","turquoise"
"390598","grey"
"3906","grey"
"390616","blue"
"390637","grey"
"390648","grey"
"390649","grey"
"390651","grey"
"390660","yellow"
"390664","grey"
"390667","grey"
"390732","grey"
"390748","grey"
"390756","grey"
"390790","grey"
"390792","grey"
"3908","brown"
"390858","grey"
"390874","grey"
"390877","grey"
"390883","grey"
"390892","grey"
"3909","brown"
"390916","grey"
"390927","turquoise"
"390928","pink"
"390937","grey"
"390940","blue"
"390956","grey"
"390963","grey"
"390980","grey"
"390992","grey"
"390999","grey"
"391","pink"
"3910","grey"
"391002","grey"
"391003","grey"
"391004","cyan"
"391013","grey"
"391037","grey"
"391051","grey"
"391059","red"
"3911","red"
"391104","grey"
"391107","grey"
"391123","grey"
"391189","grey"
"391190","grey"
"391191","grey"
"391192","grey"
"391194","grey"
"391195","grey"
"391196","grey"
"3912","yellow"
"391211","grey"
"391253","grey"
"391257","grey"
"391267","grey"
"3913","blue"
"391343","grey"
"391356","brown"
"391365","grey"
"3914","brown"
"391475","grey"
"3915","turquoise"
"391518","grey"
"3916","pink"
"391622","grey"
"391712","grey"
"391722","grey"
"391723","grey"
"3918","grey"
"392","green"
"3920","black"
"3921","grey"
"392138","grey"
"392196","grey"
"392197","grey"
"392232","blue"
"392255","grey"
"392275","grey"
"392288","grey"
"392307","grey"
"392309","grey"
"392360","grey"
"392364","grey"
"392376","grey"
"392390","grey"
"392391","grey"
"392392","grey"
"392399","grey"
"392452","grey"
"392459","grey"
"392465","grey"
"392490","green"
"3925","yellow"
"392509","grey"
"392617","grey"
"392636","black"
"3927","black"
"392843","grey"
"392862","grey"
"3929","grey"
"393","red"
"3930","turquoise"
"393046","grey"
"3931","blue"
"3932","grey"
"3933","grey"
"3934","grey"
"3936","red"
"3937","red"
"3938","grey"
"3939","grey"
"394","turquoise"
"394263","grey"
"3945","grey"
"3948","grey"
"3949","grey"
"395","turquoise"
"3950","grey"
"3952","grey"
"3953","brown"
"3954","brown"
"3955","magenta"
"3956","green"
"3957","grey"
"3958","grey"
"3959","pink"
"396","turquoise"
"3960","blue"
"3963","grey"
"3964","blue"
"3965","red"
"397","red"
"3972","grey"
"3973","grey"
"3975","grey"
"3976","grey"
"3977","turquoise"
"3978","pink"
"398","brown"
"3980","grey"
"3981","turquoise"
"3982","grey"
"3983","grey"
"3984","brown"
"3985","red"
"3987","brown"
"3988","black"
"399","red"
"3990","grey"
"3991","pink"
"3992","grey"
"3993","pink"
"399473","grey"
"399474","blue"
"399491","grey"
"3995","turquoise"
"399512","green"
"3996","black"
"399664","grey"
"399665","pink"
"399668","yellow"
"399669","grey"
"399670","grey"
"399671","grey"
"399687","pink"
"399693","grey"
"399694","black"
"399697","yellow"
"399706","grey"
"399708","grey"
"399715","grey"
"399716","grey"
"399717","grey"
"399726","magenta"
"399744","grey"
"399746","grey"
"399761","grey"
"3998","turquoise"
"399806","grey"
"399814","grey"
"399815","blue"
"399818","grey"
"399821","grey"
"399823","grey"
"399827","yellow"
"399829","blue"
"399833","blue"
"399844","grey"
"399876","grey"
"399881","grey"
"399886","grey"
"399888","grey"
"399900","green"
"399909","yellow"
"399923","grey"
"399939","grey"
"399940","grey"
"399947","yellow"
"399948","grey"
"399949","grey"
"399959","grey"
"399967","grey"
"399968","grey"
"399972","grey"
"399979","brown"
"40","yellow"
"400","blue"
"4000","pink"
"400002","grey"
"400027","grey"
"400043","red"
"400046","yellow"
"400058","grey"
"400073","blue"
"400084","grey"
"400087","grey"
"4001","grey"
"400110","yellow"
"400120","blue"
"400121","grey"
"400123","grey"
"400128","grey"
"400165","grey"
"400221","grey"
"400224","blue"
"400236","magenta"
"400238","brown"
"400242","green"
"400258","grey"
"400322","grey"
"400359","grey"
"400360","grey"
"4004","brown"
"400410","green"
"400451","brown"
"400454","grey"
"400456","blue"
"400499","brown"
"4005","red"
"400500","grey"
"400506","grey"
"400508","grey"
"400511","grey"
"400512","grey"
"400533","grey"
"400541","turquoise"
"400548","grey"
"400550","red"
"400553","yellow"
"400558","grey"
"400566","brown"
"400569","blue"
"400578","grey"
"400579","grey"
"400581","grey"
"400591","tan"
"400604","grey"
"400612","grey"
"400617","black"
"400618","magenta"
"400619","grey"
"400620","grey"
"400622","yellow"
"400624","grey"
"400627","brown"
"400629","grey"
"400643","grey"
"400644","grey"
"400654","grey"
"400655","grey"
"400657","grey"
"400658","grey"
"400660","grey"
"400661","grey"
"400668","grey"
"400673","brown"
"400680","grey"
"400682","grey"
"400684","green"
"400685","grey"
"400696","grey"
"4007","red"
"400706","yellow"
"400709","grey"
"400710","grey"
"400713","grey"
"400720","turquoise"
"400728","grey"
"400736","grey"
"400745","yellow"
"400746","grey"
"400748","grey"
"400752","grey"
"400756","grey"
"400757","grey"
"400759","grey"
"400761","pink"
"400765","brown"
"400768","grey"
"400793","grey"
"400794","grey"
"400797","grey"
"400798","turquoise"
"400799","grey"
"4008","blue"
"400800","grey"
"400804","grey"
"400812","grey"
"400818","grey"
"400823","red"
"400830","grey"
"400831","grey"
"400839","blue"
"400850","grey"
"400863","grey"
"400866","grey"
"400867","grey"
"400870","grey"
"400891","grey"
"400892","grey"
"4009","grey"
"400916","brown"
"400927","grey"
"400931","blue"
"400932","yellow"
"400935","grey"
"400940","grey"
"400941","grey"
"400945","grey"
"400946","grey"
"400950","grey"
"400952","grey"
"400954","blue"
"400955","yellow"
"400957","grey"
"400958","grey"
"400960","turquoise"
"400961","salmon"
"400966","grey"
"400986","grey"
"400997","grey"
"400999","turquoise"
"401","blue"
"4010","grey"
"401010","grey"
"401014","grey"
"401022","pink"
"401024","turquoise"
"401027","grey"
"401036","grey"
"401039","grey"
"401040","grey"
"401052","turquoise"
"401067","grey"
"401074","grey"
"401081","grey"
"401082","grey"
"401089","turquoise"
"401093","grey"
"401097","blue"
"401098","grey"
"401103","grey"
"401105","grey"
"401106","grey"
"401109","grey"
"401115","turquoise"
"401124","grey"
"401127","grey"
"401134","grey"
"401135","grey"
"401136","grey"
"401137","grey"
"401138","grey"
"401145","blue"
"401149","blue"
"401152","grey"
"401164","grey"
"401172","grey"
"401177","grey"
"401190","blue"
"4012","turquoise"
"401207","grey"
"401230","grey"
"401232","grey"
"401233","blue"
"401236","grey"
"401237","blue"
"401242","grey"
"401247","grey"
"401250","turquoise"
"401251","green"
"401253","yellow"
"401258","grey"
"401260","grey"
"401261","brown"
"401262","turquoise"
"401264","grey"
"401265","turquoise"
"401281","grey"
"401282","salmon"
"401285","grey"
"401286","grey"
"401287","grey"
"401288","yellow"
"401289","grey"
"401296","grey"
"4013","grey"
"401303","brown"
"401312","grey"
"401320","grey"
"401321","tan"
"401324","grey"
"401331","grey"
"401335","grey"
"401337","grey"
"401357","grey"
"401387","grey"
"401388","grey"
"401397","grey"
"401398","grey"
"401399","turquoise"
"4014","brown"
"401409","grey"
"401410","grey"
"401427","grey"
"401428","grey"
"401431","brown"
"401442","yellow"
"401447","grey"
"401463","blue"
"401466","yellow"
"401474","blue"
"401478","blue"
"401480","grey"
"401491","grey"
"401492","grey"
"401494","red"
"401497","grey"
"401498","grey"
"4015","blue"
"401505","grey"
"401507","grey"
"401508","grey"
"401509","grey"
"401535","grey"
"401541","grey"
"401546","grey"
"401548","black"
"401551","green"
"401554","grey"
"401557","grey"
"401561","grey"
"401562","grey"
"401563","black"
"401565","brown"
"401577","grey"
"401585","grey"
"401588","grey"
"401589","grey"
"4016","grey"
"401612","grey"
"401613","grey"
"401629","grey"
"401630","grey"
"401634","grey"
"401647","brown"
"401665","grey"
"4017","blue"
"401720","brown"
"4018","yellow"
"401884","grey"
"401898","blue"
"401934","grey"
"401944","blue"
"401983","grey"
"401992","grey"
"401993","grey"
"401994","blue"
"402","brown"
"402055","grey"
"402117","blue"
"402135","grey"
"402160","grey"
"402176","grey"
"4023","red"
"402317","grey"
"402381","brown"
"402415","grey"
"402483","yellow"
"4025","grey"
"402569","grey"
"402573","green"
"4026","turquoise"
"402635","grey"
"402665","brown"
"402682","grey"
"402778","brown"
"402779","grey"
"403","greenyellow"
"403150","grey"
"403253","grey"
"403257","grey"
"403274","grey"
"403277","grey"
"403282","grey"
"403284","grey"
"4033","blue"
"403312","grey"
"403313","tan"
"403314","grey"
"403315","grey"
"403323","grey"
"403339","grey"
"403340","grey"
"403341","turquoise"
"4034","blue"
"4035","purple"
"4036","black"
"4037","brown"
"4038","brown"
"4040","turquoise"
"404037","yellow"
"404093","pink"
"4041","red"
"404201","turquoise"
"404203","grey"
"404216","blue"
"404217","brown"
"404220","grey"
"404266","grey"
"404281","turquoise"
"4043","grey"
"4045","purple"
"404550","green"
"404552","grey"
"4046","grey"
"404636","grey"
"404663","grey"
"404665","grey"
"404672","grey"
"4047","pink"
"404734","turquoise"
"404744","blue"
"404770","grey"
"404785","grey"
"4048","grey"
"4049","green"
"405","brown"
"4050","turquoise"
"4051","grey"
"4052","brown"
"4053","grey"
"4054","blue"
"4055","blue"
"4056","grey"
"4057","grey"
"405753","grey"
"405754","grey"
"4058","brown"
"4059","blue"
"406","grey"
"4060","brown"
"4061","brown"
"4062","brown"
"4063","grey"
"4064","red"
"4065","turquoise"
"4066","blue"
"4067","red"
"4068","yellow"
"406881","grey"
"406882","grey"
"406883","grey"
"406884","grey"
"406885","grey"
"406886","grey"
"406887","grey"
"406888","grey"
"406889","grey"
"406890","grey"
"406891","grey"
"406892","grey"
"406893","grey"
"406894","grey"
"406896","grey"
"406897","grey"
"406899","grey"
"4069","red"
"406900","grey"
"406901","grey"
"406903","grey"
"406905","grey"
"406907","grey"
"406908","grey"
"406909","grey"
"406910","grey"
"406911","grey"
"406912","grey"
"406913","grey"
"406914","grey"
"406915","grey"
"406916","grey"
"406917","grey"
"406918","grey"
"406919","grey"
"406920","grey"
"406921","grey"
"406922","grey"
"406923","cyan"
"406924","grey"
"406925","grey"
"406926","grey"
"406927","grey"
"406928","grey"
"406929","grey"
"406930","grey"
"406931","grey"
"406932","grey"
"406934","grey"
"406935","grey"
"406936","grey"
"406937","grey"
"406938","grey"
"406939","grey"
"406941","grey"
"406942","grey"
"406943","grey"
"406944","grey"
"406945","grey"
"406947","grey"
"406948","grey"
"406954","grey"
"406955","grey"
"406956","grey"
"406957","grey"
"406960","grey"
"406961","grey"
"406962","turquoise"
"406963","grey"
"406966","grey"
"406967","grey"
"406968","grey"
"406969","grey"
"406970","grey"
"406971","grey"
"406974","grey"
"406975","grey"
"406976","grey"
"406977","grey"
"406978","grey"
"406980","grey"
"406981","grey"
"406982","grey"
"406983","grey"
"406984","grey"
"406986","grey"
"406987","grey"
"406990","grey"
"406991","grey"
"406992","grey"
"406993","grey"
"406994","grey"
"406995","grey"
"406996","grey"
"406997","grey"
"406998","grey"
"407","grey"
"4070","grey"
"407000","grey"
"407001","cyan"
"407002","grey"
"407003","grey"
"407004","grey"
"407006","grey"
"407007","grey"
"407008","grey"
"407009","grey"
"407010","grey"
"407011","grey"
"407012","grey"
"407013","grey"
"407014","grey"
"407015","grey"
"407016","grey"
"407017","grey"
"407018","grey"
"407019","grey"
"407021","grey"
"407022","grey"
"407023","grey"
"407024","grey"
"407025","grey"
"407026","grey"
"407027","grey"
"407028","grey"
"407029","grey"
"407031","grey"
"407032","grey"
"407033","grey"
"407034","grey"
"407035","grey"
"407036","grey"
"407037","grey"
"407039","grey"
"407040","grey"
"407041","grey"
"407042","grey"
"407043","brown"
"407044","grey"
"407045","grey"
"407046","grey"
"407047","grey"
"407048","grey"
"407049","grey"
"407050","grey"
"407051","grey"
"407052","grey"
"407054","grey"
"407056","grey"
"4071","red"
"4072","grey"
"4074","green"
"4076","green"
"4077","turquoise"
"407738","yellow"
"407835","turquoise"
"407975","grey"
"407977","magenta"
"408","brown"
"408029","grey"
"408050","turquoise"
"4081","grey"
"408186","grey"
"408187","grey"
"4082","blue"
"408263","yellow"
"4084","greenyellow"
"4085","blue"
"4086","turquoise"
"4087","turquoise"
"4088","grey"
"4089","turquoise"
"409","green"
"4090","turquoise"
"4091","red"
"4092","brown"
"4093","turquoise"
"4094","red"
"4097","grey"
"4099","pink"
"41","grey"
"410","blue"
"4100","grey"
"4101","grey"
"4102","grey"
"4103","grey"
"4104","grey"
"4105","grey"
"4107","grey"
"4109","grey"
"411","turquoise"
"4110","grey"
"4111","grey"
"4112","grey"
"4113","grey"
"4114","grey"
"4115","grey"
"4116","grey"
"4117","grey"
"4118","pink"
"412","yellow"
"4121","blue"
"4122","black"
"4123","green"
"4124","black"
"4125","red"
"4126","brown"
"4128","purple"
"4129","grey"
"4130","yellow"
"4131","blue"
"4133","yellow"
"4134","lightcyan"
"4135","brown"
"4137","yellow"
"4139","blue"
"414","grey"
"4140","green"
"414059","grey"
"414060","grey"
"414062","grey"
"4141","grey"
"414149","magenta"
"414152","grey"
"414157","grey"
"414189","grey"
"414194","blue"
"414196","green"
"414197","green"
"4142","blue"
"414201","grey"
"414208","grey"
"414212","grey"
"414216","grey"
"414224","grey"
"414235","grey"
"414236","grey"
"414241","grey"
"414243","grey"
"414245","grey"
"414260","grey"
"4143","grey"
"414300","grey"
"414301","grey"
"414318","grey"
"414319","grey"
"414328","grey"
"414332","grey"
"414351","grey"
"4144","black"
"4145","brown"
"4146","grey"
"4147","brown"
"414760","grey"
"414764","grey"
"414765","turquoise"
"414766","grey"
"414777","turquoise"
"414778","yellow"
"4148","grey"
"414899","grey"
"4149","green"
"414918","brown"
"414919","blue"
"414926","grey"
"414927","grey"
"415","grey"
"4150","green"
"415056","grey"
"4151","grey"
"415116","grey"
"415117","grey"
"4152","grey"
"4153","grey"
"4154","turquoise"
"4155","lightcyan"
"4157","green"
"4158","grey"
"4159","grey"
"416","grey"
"4160","yellow"
"4161","grey"
"4162","grey"
"4163","purple"
"4166","yellow"
"4168","blue"
"417","grey"
"4170","red"
"4171","grey"
"4172","grey"
"4173","blue"
"4174","pink"
"4175","blue"
"4176","lightcyan"
"4179","turquoise"
"4184","grey"
"4185","yellow"
"4188","blue"
"4189","blue"
"419","grey"
"4190","yellow"
"4191","yellow"
"4192","magenta"
"4193","turquoise"
"4194","yellow"
"4199","blue"
"420","grey"
"4200","turquoise"
"4201","brown"
"4204","turquoise"
"4205","blue"
"4207","green"
"4208","yellow"
"4209","yellow"
"421","green"
"4210","red"
"4211","pink"
"4212","purple"
"4213","grey"
"4214","brown"
"4215","blue"
"4216","grey"
"4217","turquoise"
"4218","blue"
"4221","turquoise"
"4222","grey"
"4223","blue"
"4224","grey"
"4225","grey"
"4232","grey"
"4233","blue"
"4234","brown"
"4236","grey"
"4237","grey"
"4238","brown"
"4239","grey"
"4240","blue"
"4241","brown"
"4242","red"
"4245","blue"
"4246","grey"
"4247","turquoise"
"4248","yellow"
"4249","grey"
"4250","grey"
"425054","grey"
"4253","midnightblue"
"4254","blue"
"4255","green"
"4256","grey"
"4257","grey"
"4258","grey"
"4259","yellow"
"4261","red"
"4267","grey"
"427","brown"
"4277","tan"
"4281","purple"
"4282","brown"
"4283","grey"
"4284","grey"
"4285","grey"
"4286","brown"
"4287","grey"
"4288","grey"
"4289","turquoise"
"429","magenta"
"4291","grey"
"4292","grey"
"4293","yellow"
"4294","brown"
"4295","grey"
"4296","blue"
"4297","turquoise"
"4298","green"
"4299","brown"
"43","grey"
"430","grey"
"4300","grey"
"4301","brown"
"4302","blue"
"4303","lightcyan"
"4306","blue"
"4308","grey"
"4311","grey"
"4312","grey"
"4313","red"
"4314","grey"
"4316","grey"
"4317","grey"
"431704","grey"
"431705","grey"
"431707","grey"
"4318","grey"
"4319","grey"
"432","brown"
"4320","blue"
"4321","grey"
"4322","grey"
"4323","yellow"
"432369","turquoise"
"4324","grey"
"4325","turquoise"
"4326","brown"
"4327","green"
"4329","purple"
"433","grey"
"4330","grey"
"4331","grey"
"4332","red"
"4335","yellow"
"4336","pink"
"4337","green"
"4338","yellow"
"434","grey"
"4340","pink"
"4342","grey"
"4343","blue"
"4345","blue"
"435","grey"
"4350","brown"
"4351","brown"
"4352","grey"
"4353","grey"
"4354","yellow"
"4355","turquoise"
"4356","grey"
"4357","green"
"4358","turquoise"
"4359","grey"
"4360","red"
"4361","brown"
"4363","grey"
"438","grey"
"43847","green"
"43849","grey"
"439","turquoise"
"439915","grey"
"439916","grey"
"439921","grey"
"439927","grey"
"439931","turquoise"
"439933","grey"
"439934","grey"
"439941","grey"
"439949","pink"
"439950","grey"
"439951","grey"
"439965","grey"
"439990","grey"
"439994","grey"
"439996","grey"
"440","yellow"
"440021","blue"
"440023","grey"
"440026","grey"
"440028","grey"
"440031","grey"
"440034","grey"
"440040","yellow"
"440041","grey"
"440044","grey"
"440049","black"
"440050","grey"
"440051","grey"
"440068","grey"
"440072","grey"
"440073","brown"
"440077","grey"
"440078","grey"
"440081","grey"
"440087","grey"
"440093","brown"
"440097","grey"
"440101","grey"
"440104","green"
"440107","grey"
"440117","grey"
"440119","blue"
"440131","grey"
"440132","grey"
"440137","grey"
"440138","turquoise"
"440145","blue"
"440157","grey"
"440163","grey"
"440173","grey"
"440184","grey"
"440193","grey"
"440224","grey"
"440243","grey"
"440248","grey"
"440253","grey"
"440270","tan"
"440275","grey"
"440278","grey"
"440279","purple"
"440288","grey"
"440292","grey"
"440295","turquoise"
"440299","grey"
"440300","grey"
"440307","grey"
"440311","blue"
"440313","grey"
"440335","grey"
"440337","grey"
"440345","grey"
"440348","grey"
"440352","grey"
"440354","grey"
"440356","turquoise"
"440359","red"
"440386","grey"
"440387","grey"
"440390","grey"
"440400","brown"
"440416","grey"
"440419","grey"
"440423","turquoise"
"440434","grey"
"440435","blue"
"440446","grey"
"440452","grey"
"440456","turquoise"
"440461","grey"
"440465","brown"
"440482","blue"
"440498","green"
"440503","magenta"
"440508","brown"
"440515","turquoise"
"440518","grey"
"440519","grey"
"440533","grey"
"440556","magenta"
"440561","grey"
"440563","grey"
"440567","brown"
"440570","grey"
"440574","brown"
"440584","grey"
"440585","grey"
"440590","grey"
"440594","grey"
"440600","grey"
"440602","grey"
"440603","grey"
"440672","grey"
"440689","grey"
"440695","grey"
"440699","grey"
"440700","grey"
"440704","grey"
"440712","grey"
"440730","grey"
"440738","grey"
"440742","grey"
"440757","grey"
"440799","grey"
"440804","grey"
"440822","grey"
"440823","yellow"
"440829","turquoise"
"440836","grey"
"440854","grey"
"440894","yellow"
"440895","grey"
"440896","brown"
"440900","grey"
"440905","grey"
"440910","grey"
"440925","grey"
"440926","grey"
"440934","yellow"
"440944","grey"
"440952","grey"
"440955","grey"
"440956","grey"
"440957","turquoise"
"440970","grey"
"440982","yellow"
"440993","grey"
"441009","grey"
"441024","turquoise"
"441025","grey"
"441027","green"
"441046","blue"
"441052","yellow"
"441054","grey"
"441058","grey"
"441061","yellow"
"441072","grey"
"441081","grey"
"441089","grey"
"441094","black"
"441108","blue"
"441116","grey"
"441123","grey"
"441124","green"
"441150","green"
"441151","yellow"
"441155","grey"
"441161","grey"
"441168","grey"
"441172","blue"
"441177","grey"
"441178","grey"
"441179","grey"
"441191","grey"
"441194","grey"
"441204","grey"
"441208","grey"
"441212","grey"
"441234","grey"
"441239","grey"
"441242","grey"
"441250","grey"
"441251","grey"
"441263","brown"
"441272","greenyellow"
"441273","grey"
"441282","grey"
"441294","grey"
"441295","grey"
"441307","grey"
"441355","grey"
"441369","grey"
"441374","grey"
"441376","blue"
"441381","grey"
"441389","grey"
"441394","grey"
"441402","grey"
"441425","grey"
"441430","grey"
"441432","grey"
"441452","grey"
"441454","grey"
"441455","brown"
"441457","grey"
"441459","grey"
"441461","grey"
"441476","grey"
"441478","grey"
"441490","grey"
"441493","grey"
"441495","grey"
"441501","grey"
"441502","grey"
"441509","grey"
"441518","grey"
"441525","grey"
"441528","grey"
"441531","grey"
"441549","grey"
"441581","grey"
"441601","grey"
"441608","grey"
"441631","blue"
"441639","grey"
"441666","blue"
"441670","grey"
"441687","grey"
"441728","grey"
"441733","grey"
"441818","turquoise"
"441864","grey"
"441869","grey"
"441871","grey"
"441897","grey"
"441908","grey"
"441911","grey"
"441925","grey"
"441932","grey"
"441933","grey"
"441951","green"
"442028","grey"
"442038","grey"
"442075","grey"
"442117","blue"
"442132","grey"
"442184","grey"
"442186","grey"
"442191","grey"
"442194","grey"
"442211","grey"
"442213","turquoise"
"442229","grey"
"442245","grey"
"442247","grey"
"442319","turquoise"
"442361","grey"
"442388","cyan"
"442421","grey"
"442425","grey"
"442444","grey"
"442454","grey"
"442459","grey"
"442497","grey"
"442523","blue"
"442524","grey"
"442578","grey"
"442582","grey"
"442590","grey"
"442720","grey"
"442721","grey"
"442890","cyan"
"442892","grey"
"442893","grey"
"442894","grey"
"442895","grey"
"442896","grey"
"442897","grey"
"442898","grey"
"442899","grey"
"442900","grey"
"442901","grey"
"442902","grey"
"442903","grey"
"442904","grey"
"442905","grey"
"442906","grey"
"442907","grey"
"442908","grey"
"442909","grey"
"442910","grey"
"442911","grey"
"442912","grey"
"442913","grey"
"442914","grey"
"442915","grey"
"442916","grey"
"442917","grey"
"442918","grey"
"442919","grey"
"443","black"
"4430","turquoise"
"4435","brown"
"4436","blue"
"4437","grey"
"4438","grey"
"4439","grey"
"444","purple"
"4440","magenta"
"444882","blue"
"445","brown"
"445328","grey"
"445329","grey"
"445347","grey"
"445372","red"
"445571","grey"
"445577","brown"
"445582","grey"
"445815","grey"
"4477","grey"
"4478","yellow"
"4481","red"
"4482","brown"
"4485","green"
"4486","grey"
"4487","magenta"
"4488","grey"
"448831","grey"
"448834","grey"
"4489","red"
"4490","grey"
"4493","grey"
"4494","grey"
"449491","grey"
"449493","grey"
"4495","grey"
"449520","grey"
"4496","grey"
"4498","grey"
"4499","grey"
"4500","blue"
"4501","grey"
"4502","magenta"
"4504","green"
"4507","brown"
"4508","midnightblue"
"4509","midnightblue"
"4511","midnightblue"
"4512","midnightblue"
"4513","midnightblue"
"4514","midnightblue"
"4515","yellow"
"4519","midnightblue"
"4520","greenyellow"
"4521","pink"
"4522","grey"
"4524","grey"
"4528","grey"
"4534","turquoise"
"4535","midnightblue"
"4536","midnightblue"
"4537","midnightblue"
"4538","midnightblue"
"4539","midnightblue"
"4540","midnightblue"
"4541","midnightblue"
"4542","red"
"4543","grey"
"4544","grey"
"4547","grey"
"4548","grey"
"4549","midnightblue"
"4550","midnightblue"
"4552","black"
"4553","midnightblue"
"4555","midnightblue"
"4556","midnightblue"
"4558","grey"
"4563","midnightblue"
"4564","midnightblue"
"4565","midnightblue"
"4566","midnightblue"
"4567","midnightblue"
"4568","midnightblue"
"4569","midnightblue"
"4570","grey"
"4571","midnightblue"
"4572","midnightblue"
"4573","midnightblue"
"4574","midnightblue"
"4575","midnightblue"
"4576","midnightblue"
"4577","midnightblue"
"4578","midnightblue"
"4579","midnightblue"
"4580","turquoise"
"4582","grey"
"4584","grey"
"4585","grey"
"4586","grey"
"4588","grey"
"4589","grey"
"4591","blue"
"4593","grey"
"4594","green"
"4595","green"
"4597","green"
"4598","green"
"4599","grey"
"460","green"
"4600","grey"
"4601","yellow"
"4602","grey"
"4603","turquoise"
"4604","magenta"
"4605","grey"
"4606","grey"
"4607","grey"
"4608","grey"
"4609","red"
"4610","grey"
"4613","grey"
"4615","red"
"4616","red"
"4617","grey"
"4618","grey"
"4619","grey"
"462","grey"
"4620","grey"
"4621","green"
"4622","grey"
"4624","grey"
"4625","brown"
"4626","grey"
"4627","red"
"4628","blue"
"4629","grey"
"463","turquoise"
"4632","grey"
"4633","grey"
"4634","magenta"
"4635","grey"
"4636","green"
"4637","green"
"4638","brown"
"4640","grey"
"4641","yellow"
"4642","black"
"4643","black"
"4644","blue"
"4645","magenta"
"4646","turquoise"
"4647","grey"
"4648","grey"
"4649","green"
"4650","pink"
"4651","yellow"
"4653","grey"
"4654","grey"
"4656","grey"
"4659","turquoise"
"466","brown"
"4660","grey"
"4661","grey"
"4664","turquoise"
"4665","grey"
"4666","green"
"4668","red"
"4669","grey"
"467","grey"
"4670","blue"
"4671","red"
"4673","turquoise"
"4674","blue"
"4675","blue"
"4676","green"
"4677","blue"
"4678","green"
"468","green"
"4680","grey"
"4681","brown"
"4682","blue"
"4683","turquoise"
"4684","black"
"4685","turquoise"
"4686","turquoise"
"4688","red"
"4689","red"
"4690","brown"
"4691","grey"
"4692","yellow"
"4693","grey"
"4694","brown"
"4695","brown"
"4696","brown"
"4697","grey"
"4698","blue"
"47","blue"
"4700","brown"
"4701","brown"
"4702","yellow"
"4703","turquoise"
"4704","greenyellow"
"4705","turquoise"
"4706","yellow"
"4707","brown"
"4708","brown"
"4709","grey"
"471","turquoise"
"4710","brown"
"4711","yellow"
"4712","yellow"
"4713","brown"
"4714","brown"
"4715","brown"
"4716","brown"
"4717","yellow"
"4718","yellow"
"4719","blue"
"472","brown"
"4720","grey"
"4722","brown"
"4723","turquoise"
"4724","grey"
"4725","brown"
"4726","turquoise"
"4728","brown"
"4729","brown"
"473","grey"
"4731","brown"
"4733","turquoise"
"4734","turquoise"
"4735","grey"
"4736","green"
"4738","brown"
"4739","red"
"474","grey"
"4741","yellow"
"474170","grey"
"474338","grey"
"474343","blue"
"474344","turquoise"
"474354","grey"
"474382","grey"
"474383","grey"
"474384","grey"
"4744","yellow"
"4745","yellow"
"4747","yellow"
"475","green"
"4750","turquoise"
"4751","blue"
"4752","grey"
"4753","yellow"
"4756","black"
"4758","brown"
"4759","grey"
"476","yellow"
"4760","yellow"
"4761","brown"
"4762","grey"
"4763","turquoise"
"477","purple"
"4771","brown"
"4772","blue"
"4773","red"
"4774","yellow"
"4775","blue"
"4776","magenta"
"4778","grey"
"4779","grey"
"478","yellow"
"4780","brown"
"4781","grey"
"4782","grey"
"4783","grey"
"4784","grey"
"479","grey"
"4790","brown"
"4791","blue"
"4792","red"
"4793","green"
"4794","turquoise"
"4795","brown"
"4796","grey"
"4798","grey"
"4799","grey"
"48","grey"
"480","grey"
"4800","salmon"
"4801","grey"
"4802","brown"
"4803","grey"
"4804","grey"
"4807","grey"
"4808","grey"
"4809","turquoise"
"481","blue"
"4810","purple"
"4811","turquoise"
"4814","blue"
"4815","pink"
"4817","turquoise"
"4818","grey"
"482","magenta"
"4820","brown"
"4821","pink"
"4824","grey"
"4825","turquoise"
"4826","yellow"
"4828","blue"
"4829","turquoise"
"483","grey"
"4830","yellow"
"4831","brown"
"4832","green"
"4833","green"
"4835","brown"
"4836","grey"
"4837","turquoise"
"4838","grey"
"4839","green"
"4841","grey"
"4842","grey"
"4843","yellow"
"4846","red"
"4848","black"
"4849","blue"
"4850","greenyellow"
"4851","brown"
"4852","yellow"
"4853","purple"
"4854","red"
"4855","red"
"4856","blue"
"4857","grey"
"4858","brown"
"486","green"
"4860","red"
"4861","brown"
"4862","pink"
"4863","green"
"4864","black"
"4867","grey"
"4868","blue"
"4869","grey"
"487","green"
"4878","brown"
"4879","grey"
"488","blue"
"4880","yellow"
"4881","red"
"4882","grey"
"4883","blue"
"4884","yellow"
"4885","grey"
"4886","blue"
"4887","blue"
"4888","black"
"4889","blue"
"489","grey"
"4891","brown"
"4892","grey"
"4893","turquoise"
"4897","blue"
"4898","grey"
"4899","blue"
"49","grey"
"490","blue"
"4900","brown"
"4901","magenta"
"4902","grey"
"4904","red"
"4905","yellow"
"4907","purple"
"4908","grey"
"4909","grey"
"491","yellow"
"4913","turquoise"
"4914","grey"
"4915","purple"
"4916","grey"
"4917","grey"
"4919","turquoise"
"492","yellow"
"4920","grey"
"4921","brown"
"4922","grey"
"4923","yellow"
"492303","grey"
"492307","grey"
"492311","grey"
"4924","turquoise"
"4925","grey"
"4926","grey"
"4927","grey"
"4928","brown"
"4929","grey"
"493","blue"
"4931","turquoise"
"4935","magenta"
"493753","grey"
"493754","turquoise"
"4938","grey"
"493812","grey"
"493829","blue"
"493856","grey"
"493860","turquoise"
"493861","grey"
"493869","brown"
"4939","grey"
"493900","brown"
"493901","grey"
"493911","turquoise"
"493913","grey"
"4940","brown"
"494115","turquoise"
"494119","grey"
"494127","grey"
"494141","grey"
"494143","grey"
"494188","grey"
"4942","blue"
"4943","brown"
"494323","grey"
"494325","grey"
"494326","grey"
"494327","grey"
"494328","grey"
"494329","grey"
"494330","grey"
"494331","grey"
"494332","grey"
"494335","grey"
"494336","grey"
"494337","grey"
"494470","yellow"
"494513","grey"
"494514","pink"
"494551","grey"
"494558","grey"
"4948","blue"
"495","grey"
"4951","grey"
"4952","yellow"
"4953","grey"
"4956","grey"
"4957","grey"
"4958","grey"
"496","grey"
"4967","grey"
"4968","black"
"4969","grey"
"497048","grey"
"497049","grey"
"497189","grey"
"497190","grey"
"497256","grey"
"497258","grey"
"497259","grey"
"4973","red"
"4974","green"
"4975","grey"
"4976","blue"
"497634","grey"
"497661","grey"
"4978","yellow"
"498","yellow"
"4982","red"
"4983","turquoise"
"4985","blue"
"49854","turquoise"
"49855","turquoise"
"49856","green"
"4986","yellow"
"49860","grey"
"49861","grey"
"4987","yellow"
"4988","blue"
"4990","grey"
"4991","grey"
"4992","blue"
"4993","grey"
"4994","grey"
"4995","grey"
"4998","grey"
"4999","black"
"50","grey"
"5000","yellow"
"5001","yellow"
"5002","turquoise"
"5003","grey"
"5004","grey"
"5005","grey"
"5007","turquoise"
"5008","red"
"5009","grey"
"501","grey"
"5010","pink"
"5013","magenta"
"5015","grey"
"5016","brown"
"5017","grey"
"5018","turquoise"
"5019","blue"
"5020","grey"
"5021","grey"
"5023","grey"
"5024","grey"
"5025","grey"
"5026","yellow"
"5027","black"
"5028","turquoise"
"5029","grey"
"5030","grey"
"5031","grey"
"5032","green"
"5033","greenyellow"
"5034","green"
"503519","grey"
"503538","brown"
"503542","brown"
"503569","grey"
"503582","grey"
"5036","brown"
"503637","grey"
"503639","grey"
"503640","grey"
"503645","grey"
"503693","grey"
"5037","brown"
"503834","grey"
"503835","grey"
"504189","cyan"
"504190","cyan"
"5042","brown"
"5045","grey"
"5046","black"
"5047","grey"
"5048","blue"
"50484","turquoise"
"50485","green"
"50486","tan"
"50487","grey"
"50488","grey"
"50489","grey"
"5049","red"
"5050","brown"
"50506","grey"
"50507","grey"
"50508","grey"
"50509","grey"
"5051","brown"
"50511","grey"
"50512","brown"
"50514","grey"
"50515","turquoise"
"5052","green"
"5053","grey"
"5054","grey"
"5055","blue"
"5058","yellow"
"506","grey"
"50604","grey"
"50613","grey"
"50614","brown"
"50615","grey"
"50616","grey"
"50617","grey"
"50618","turquoise"
"50619","red"
"5062","turquoise"
"50624","grey"
"50626","green"
"50628","grey"
"5063","yellow"
"50632","yellow"
"50636","grey"
"5064","brown"
"50640","turquoise"
"50649","brown"
"50650","yellow"
"50651","brown"
"50652","grey"
"5066","blue"
"5067","blue"
"50674","grey"
"5068","grey"
"5069","grey"
"50700","grey"
"5071","blue"
"50717","grey"
"5073","grey"
"5074","turquoise"
"5075","grey"
"5076","yellow"
"5077","grey"
"5078","grey"
"5079","grey"
"5080","purple"
"50801","brown"
"50804","turquoise"
"50805","grey"
"50807","green"
"50808","turquoise"
"50809","greenyellow"
"5081","yellow"
"50810","blue"
"50813","greenyellow"
"50814","turquoise"
"5082","brown"
"5083","grey"
"50831","grey"
"50832","turquoise"
"50833","grey"
"50834","grey"
"50835","grey"
"50836","grey"
"50837","grey"
"50838","grey"
"50839","grey"
"50840","turquoise"
"50846","grey"
"50848","red"
"50852","grey"
"50853","grey"
"50854","green"
"50855","brown"
"50856","grey"
"50858","grey"
"50859","black"
"50861","brown"
"50862","turquoise"
"50863","grey"
"50865","grey"
"5087","blue"
"5089","grey"
"509","blue"
"5090","brown"
"5091","magenta"
"5092","grey"
"5093","greenyellow"
"50937","yellow"
"50939","grey"
"5094","blue"
"50940","grey"
"50943","turquoise"
"50944","yellow"
"50945","grey"
"5095","grey"
"5096","grey"
"50964","grey"
"5097","grey"
"5098","magenta"
"5099","blue"
"50999","turquoise"
"51","grey"
"5100","yellow"
"51000","black"
"51001","grey"
"51002","grey"
"51003","yellow"
"51004","greenyellow"
"51005","grey"
"51006","green"
"51008","brown"
"51009","tan"
"5101","turquoise"
"51010","turquoise"
"51011","grey"
"51012","turquoise"
"51013","brown"
"51014","turquoise"
"51015","turquoise"
"51016","turquoise"
"51018","blue"
"51019","yellow"
"51020","green"
"51021","greenyellow"
"51022","blue"
"51023","grey"
"51024","green"
"51025","turquoise"
"51026","blue"
"51027","turquoise"
"51028","blue"
"51029","turquoise"
"51030","turquoise"
"51031","yellow"
"51032","grey"
"51035","green"
"5104","grey"
"51042","turquoise"
"51043","yellow"
"51046","yellow"
"5105","grey"
"51050","grey"
"51052","grey"
"51053","grey"
"51054","grey"
"51056","grey"
"51057","black"
"51058","blue"
"51059","blue"
"5106","grey"
"51060","yellow"
"51061","brown"
"51062","blue"
"51063","red"
"51065","grey"
"51066","grey"
"51067","blue"
"51068","turquoise"
"51069","turquoise"
"51070","green"
"51071","brown"
"51072","turquoise"
"51073","brown"
"51074","brown"
"51075","turquoise"
"51076","grey"
"51077","brown"
"51078","brown"
"51079","turquoise"
"5108","salmon"
"51081","brown"
"51082","brown"
"51083","grey"
"51084","grey"
"51085","turquoise"
"51086","grey"
"51087","brown"
"51088","salmon"
"51090","pink"
"51091","turquoise"
"51092","grey"
"51093","green"
"51094","grey"
"51095","turquoise"
"51096","blue"
"51097","grey"
"51098","grey"
"51099","brown"
"5110","blue"
"51100","turquoise"
"51101","blue"
"51102","greenyellow"
"51103","yellow"
"51104","black"
"51105","turquoise"
"51106","blue"
"51107","grey"
"51108","grey"
"51109","blue"
"5111","grey"
"51110","turquoise"
"51111","salmon"
"51112","brown"
"51114","black"
"51115","grey"
"51116","brown"
"51117","green"
"51118","yellow"
"51119","grey"
"51121","grey"
"51122","turquoise"
"51123","grey"
"51124","blue"
"51125","black"
"51126","blue"
"51127","yellow"
"51128","brown"
"51129","grey"
"51130","purple"
"51131","blue"
"51132","blue"
"51133","turquoise"
"51134","green"
"51135","yellow"
"51136","turquoise"
"51138","blue"
"51141","blue"
"51142","brown"
"51143","blue"
"51144","turquoise"
"51145","grey"
"51146","grey"
"51147","green"
"51148","pink"
"51149","green"
"51150","turquoise"
"51151","grey"
"51154","brown"
"51155","brown"
"51156","grey"
"51157","brown"
"5116","brown"
"51160","green"
"51161","grey"
"51162","green"
"51163","brown"
"51164","turquoise"
"51166","green"
"51167","turquoise"
"51168","yellow"
"51170","grey"
"51171","turquoise"
"51172","brown"
"51174","brown"
"51175","turquoise"
"51176","red"
"51177","brown"
"51179","grey"
"5118","blue"
"51181","green"
"51182","blue"
"51184","grey"
"51185","turquoise"
"51186","tan"
"51187","yellow"
"51188","turquoise"
"5119","brown"
"51191","yellow"
"51192","brown"
"51193","turquoise"
"51194","turquoise"
"51195","brown"
"51196","brown"
"51198","grey"
"51199","turquoise"
"51200","grey"
"51202","grey"
"51203","grey"
"51204","brown"
"51205","grey"
"51206","brown"
"51207","grey"
"51208","grey"
"51209","blue"
"5121","yellow"
"51213","grey"
"51214","grey"
"51218","yellow"
"5122","blue"
"51222","green"
"51224","grey"
"51225","red"
"51226","blue"
"51227","grey"
"51228","pink"
"51230","turquoise"
"51231","grey"
"51232","green"
"51233","grey"
"51234","yellow"
"51236","green"
"51237","grey"
"51239","turquoise"
"51241","yellow"
"51244","blue"
"51246","black"
"51247","blue"
"51248","yellow"
"51249","grey"
"5125","turquoise"
"51250","turquoise"
"51251","blue"
"51252","pink"
"51253","brown"
"51255","green"
"51256","brown"
"51257","turquoise"
"51258","green"
"51259","blue"
"5126","yellow"
"51260","brown"
"51263","blue"
"51264","turquoise"
"51265","grey"
"51266","grey"
"51267","red"
"51268","magenta"
"5127","brown"
"51270","grey"
"51271","tan"
"51272","blue"
"51274","brown"
"51275","turquoise"
"51276","black"
"51277","black"
"51278","grey"
"51279","grey"
"5128","turquoise"
"51280","grey"
"51281","grey"
"51282","brown"
"51283","red"
"51284","red"
"51285","grey"
"51286","brown"
"51287","grey"
"51289","grey"
"5129","pink"
"51290","blue"
"51291","red"
"51292","grey"
"51293","turquoise"
"51294","grey"
"51295","brown"
"51296","green"
"51297","grey"
"51298","grey"
"51299","yellow"
"513","brown"
"5130","turquoise"
"51300","grey"
"51301","blue"
"51302","brown"
"51303","brown"
"51304","grey"
"51305","yellow"
"51306","turquoise"
"51307","grey"
"51308","brown"
"51309","blue"
"51310","brown"
"51311","red"
"51312","grey"
"51313","purple"
"51314","grey"
"51315","brown"
"51316","red"
"51317","lightcyan"
"51318","blue"
"51319","green"
"5132","grey"
"51320","turquoise"
"51321","brown"
"51322","turquoise"
"51324","grey"
"51326","grey"
"51327","grey"
"51329","green"
"5133","grey"
"51330","red"
"51332","green"
"51333","grey"
"51334","blue"
"51335","brown"
"51337","turquoise"
"51338","red"
"51339","grey"
"5134","grey"
"51340","turquoise"
"51341","grey"
"51343","turquoise"
"51347","grey"
"51348","grey"
"51350","grey"
"51351","turquoise"
"51352","grey"
"5136","yellow"
"51360","blue"
"51361","blue"
"51362","green"
"51363","grey"
"51364","grey"
"51365","red"
"51366","turquoise"
"51367","green"
"51368","brown"
"5137","black"
"51371","yellow"
"51372","grey"
"51373","brown"
"51374","green"
"51375","turquoise"
"51377","blue"
"51378","grey"
"51379","grey"
"5138","yellow"
"51380","grey"
"51382","yellow"
"51384","blue"
"51385","grey"
"51386","brown"
"51388","grey"
"51389","grey"
"5139","turquoise"
"51390","grey"
"51393","grey"
"51397","blue"
"51398","green"
"51399","brown"
"514","turquoise"
"5140","green"
"51400","yellow"
"51406","grey"
"51409","blue"
"5141","brown"
"51411","red"
"51412","yellow"
"5142","brown"
"51421","black"
"51422","yellow"
"51426","turquoise"
"51427","turquoise"
"51428","brown"
"51429","black"
"5143","grey"
"51430","turquoise"
"51433","pink"
"51434","brown"
"51435","grey"
"51438","grey"
"51439","blue"
"5144","blue"
"51440","yellow"
"51441","blue"
"51442","grey"
"51444","turquoise"
"51447","green"
"51449","blue"
"5145","grey"
"51450","green"
"51451","brown"
"51454","turquoise"
"51455","turquoise"
"51458","grey"
"5146","grey"
"51460","turquoise"
"51463","turquoise"
"51465","turquoise"
"51466","brown"
"5147","grey"
"51471","grey"
"51473","grey"
"51474","turquoise"
"51475","grey"
"51477","blue"
"51478","grey"
"51479","brown"
"5148","grey"
"51480","grey"
"51481","grey"
"5149","grey"
"51490","green"
"51491","brown"
"51493","grey"
"51495","blue"
"51496","turquoise"
"51497","green"
"51499","grey"
"515","blue"
"5150","grey"
"51501","grey"
"51503","brown"
"51504","brown"
"51506","turquoise"
"51507","grey"
"5151","black"
"51510","blue"
"51512","grey"
"51513","grey"
"51514","grey"
"51517","brown"
"5152","blue"
"51520","grey"
"51522","grey"
"51523","turquoise"
"51524","green"
"51526","grey"
"51527","blue"
"51528","blue"
"51529","green"
"5153","yellow"
"51530","brown"
"51531","grey"
"51533","grey"
"51534","blue"
"51535","blue"
"51537","grey"
"51538","brown"
"5154","purple"
"51540","blue"
"51542","turquoise"
"51545","green"
"51547","green"
"51548","green"
"5155","grey"
"51550","green"
"51552","blue"
"51554","grey"
"51555","black"
"51557","grey"
"51559","yellow"
"5156","turquoise"
"51560","yellow"
"51561","grey"
"51562","turquoise"
"51564","blue"
"51566","turquoise"
"51567","blue"
"51569","blue"
"5157","grey"
"51571","blue"
"51573","grey"
"51574","brown"
"51575","turquoise"
"5158","pink"
"51582","blue"
"51585","brown"
"51586","turquoise"
"51588","grey"
"5159","red"
"51592","turquoise"
"51593","green"
"51594","yellow"
"51596","brown"
"51599","red"
"516","brown"
"5160","brown"
"51601","brown"
"51602","yellow"
"51603","grey"
"51604","grey"
"51605","blue"
"51606","yellow"
"51608","turquoise"
"5161","grey"
"51611","grey"
"51614","green"
"51616","grey"
"51617","yellow"
"51619","brown"
"5162","grey"
"51621","black"
"51622","grey"
"51626","tan"
"51629","green"
"5163","grey"
"51631","grey"
"51633","turquoise"
"51634","green"
"51635","grey"
"51637","turquoise"
"51639","grey"
"5164","brown"
"51642","purple"
"51643","brown"
"51645","grey"
"51646","blue"
"51647","green"
"51649","yellow"
"5165","yellow"
"51650","yellow"
"51651","brown"
"51652","grey"
"51654","green"
"51655","grey"
"51657","green"
"51659","grey"
"5166","brown"
"51660","grey"
"51661","brown"
"51663","turquoise"
"51665","lightcyan"
"51666","grey"
"51667","blue"
"51668","yellow"
"51669","blue"
"5167","grey"
"51673","grey"
"51676","yellow"
"51678","blue"
"5168","black"
"51684","blue"
"5169","grey"
"51690","green"
"51691","turquoise"
"51692","grey"
"51693","green"
"51696","turquoise"
"51699","blue"
"517","green"
"5170","green"
"51700","pink"
"51701","blue"
"51702","grey"
"51703","red"
"51704","black"
"51705","turquoise"
"51706","green"
"51710","grey"
"51714","turquoise"
"51715","turquoise"
"51716","grey"
"51719","blue"
"5172","blue"
"51720","blue"
"51725","yellow"
"51726","grey"
"51727","turquoise"
"51728","yellow"
"51729","grey"
"5173","yellow"
"51733","grey"
"51734","green"
"51735","turquoise"
"51738","grey"
"5174","grey"
"51741","yellow"
"51742","turquoise"
"51744","grey"
"51747","brown"
"5175","red"
"51750","grey"
"51751","grey"
"51752","brown"
"51754","brown"
"51755","turquoise"
"51759","grey"
"5176","yellow"
"51760","yellow"
"51761","yellow"
"51762","turquoise"
"51763","green"
"51764","brown"
"51765","turquoise"
"51768","turquoise"
"51773","turquoise"
"51776","turquoise"
"51778","grey"
"5178","blue"
"51780","turquoise"
"5179","yellow"
"518","yellow"
"51802","grey"
"51804","tan"
"51805","yellow"
"51806","grey"
"51807","yellow"
"51808","turquoise"
"51809","brown"
"51816","grey"
"5184","grey"
"5187","grey"
"5188","brown"
"5189","brown"
"5190","green"
"5191","grey"
"5192","green"
"5193","green"
"5194","turquoise"
"5195","brown"
"5196","grey"
"5197","grey"
"5198","turquoise"
"5199","turquoise"
"52","blue"
"5201","brown"
"5202","turquoise"
"5203","yellow"
"5204","green"
"5205","turquoise"
"5207","grey"
"5208","grey"
"5209","grey"
"521","green"
"5210","blue"
"5211","turquoise"
"5212","grey"
"5213","yellow"
"5214","yellow"
"5216","green"
"5217","blue"
"5218","blue"
"522","yellow"
"5222","grey"
"5223","yellow"
"5224","blue"
"5225","grey"
"5226","grey"
"5228","blue"
"5229","turquoise"
"523","blue"
"5230","blue"
"5232","grey"
"5236","grey"
"5238","green"
"5239","red"
"5241","brown"
"5243","turquoise"
"5244","grey"
"5245","green"
"525","green"
"5250","yellow"
"5251","yellow"
"5252","green"
"5253","turquoise"
"5255","purple"
"5256","blue"
"5257","green"
"526","yellow"
"5260","green"
"5261","brown"
"5264","grey"
"5265","red"
"5266","grey"
"5267","grey"
"5268","grey"
"5269","blue"
"527","yellow"
"5270","grey"
"5271","grey"
"5272","red"
"5273","grey"
"5274","blue"
"5275","grey"
"5276","grey"
"5277","turquoise"
"5279","grey"
"528","blue"
"5281","turquoise"
"5283","grey"
"5284","grey"
"5286","turquoise"
"5287","black"
"5288","blue"
"5289","brown"
"529","yellow"
"5290","turquoise"
"5291","blue"
"5292","red"
"5293","brown"
"5294","red"
"5295","blue"
"5296","grey"
"5297","blue"
"5298","turquoise"
"53","greenyellow"
"5300","brown"
"5301","grey"
"5303","turquoise"
"5304","grey"
"5305","black"
"5306","yellow"
"5307","grey"
"5308","grey"
"5309","grey"
"5310","yellow"
"5311","turquoise"
"5313","turquoise"
"5314","blue"
"5315","yellow"
"5316","green"
"5317","yellow"
"5318","green"
"5319","grey"
"5320","grey"
"5321","red"
"5322","magenta"
"5324","turquoise"
"5325","green"
"5326","grey"
"5327","grey"
"5328","grey"
"5329","red"
"533","brown"
"5330","red"
"5331","blue"
"5332","blue"
"5333","red"
"53335","yellow"
"53336","grey"
"53339","blue"
"5334","black"
"53340","yellow"
"53342","magenta"
"53343","greenyellow"
"53344","blue"
"53345","grey"
"53346","blue"
"53347","grey"
"53349","grey"
"5335","brown"
"53353","green"
"53354","blue"
"53358","yellow"
"5336","red"
"5337","black"
"53371","turquoise"
"53373","blue"
"5338","grey"
"5339","magenta"
"534","yellow"
"5340","blue"
"53405","grey"
"53407","brown"
"5341","red"
"5342","grey"
"5343","grey"
"5345","green"
"5346","grey"
"5347","grey"
"5348","magenta"
"5349","magenta"
"535","brown"
"5350","grey"
"5351","blue"
"5352","turquoise"
"5354","black"
"5355","red"
"5356","grey"
"5357","blue"
"5358","turquoise"
"5359","red"
"5360","magenta"
"5361","grey"
"53615","green"
"53616","blue"
"5362","grey"
"53630","grey"
"53632","grey"
"53635","green"
"53637","pink"
"5364","blue"
"5365","pink"
"5366","turquoise"
"5367","grey"
"5368","brown"
"5369","grey"
"537","yellow"
"5370","grey"
"5371","red"
"5372","brown"
"5373","grey"
"5375","grey"
"5376","pink"
"5378","blue"
"5379","grey"
"538","turquoise"
"5380","grey"
"5382","grey"
"53820","grey"
"53822","brown"
"53826","yellow"
"53827","blue"
"53828","grey"
"53829","red"
"5383","grey"
"53831","red"
"53832","grey"
"53833","grey"
"53834","magenta"
"53836","grey"
"53838","grey"
"53840","red"
"53841","grey"
"53842","grey"
"53844","yellow"
"5387","grey"
"539","yellow"
"53904","grey"
"53905","pink"
"53916","green"
"53917","brown"
"53918","grey"
"53919","purple"
"5393","turquoise"
"53938","grey"
"5394","grey"
"53942","yellow"
"53944","grey"
"53947","blue"
"5395","green"
"5396","brown"
"53981","turquoise"
"54","grey"
"540","turquoise"
"54014","blue"
"54020","grey"
"54033","blue"
"54039","brown"
"54058","grey"
"54059","turquoise"
"5406","grey"
"54064","grey"
"54065","grey"
"54067","yellow"
"54069","grey"
"5407","grey"
"54072","grey"
"54075","grey"
"5408","grey"
"54082","grey"
"54083","magenta"
"54084","grey"
"54088","grey"
"54089","grey"
"5409","turquoise"
"54090","grey"
"54093","green"
"54094","grey"
"54097","grey"
"54101","grey"
"54102","grey"
"54103","grey"
"54106","tan"
"54107","grey"
"54108","pink"
"5411","yellow"
"54112","blue"
"5412","turquoise"
"5413","brown"
"5414","pink"
"54143","grey"
"541466","grey"
"541468","black"
"541471","grey"
"541473","grey"
"54148","grey"
"54149","black"
"541565","green"
"541578","grey"
"54165","turquoise"
"54187","brown"
"5420","turquoise"
"54205","blue"
"54206","turquoise"
"54207","grey"
"54209","red"
"54210","red"
"54212","grey"
"5422","brown"
"54221","yellow"
"5423","yellow"
"5424","blue"
"5425","green"
"5426","grey"
"5427","grey"
"542767","grey"
"5428","grey"
"5429","yellow"
"5430","grey"
"5431","blue"
"5432","grey"
"54328","grey"
"54329","grey"
"5433","brown"
"54331","blue"
"54332","blue"
"5434","brown"
"54344","green"
"54345","grey"
"54346","grey"
"5435","green"
"5436","green"
"54360","red"
"54361","grey"
"54363","grey"
"5437","green"
"5438","green"
"54386","yellow"
"5439","green"
"5440","yellow"
"54407","greenyellow"
"5441","green"
"54413","grey"
"54414","blue"
"5442","green"
"54429","brown"
"5443","grey"
"54431","green"
"54432","turquoise"
"54433","grey"
"54434","grey"
"54435","grey"
"54436","red"
"54437","brown"
"54438","yellow"
"54439","turquoise"
"5444","grey"
"54440","red"
"54441","grey"
"54442","blue"
"54443","black"
"5445","brown"
"54453","turquoise"
"54454","turquoise"
"54455","grey"
"54456","grey"
"54457","yellow"
"54458","yellow"
"5446","grey"
"54460","brown"
"54461","turquoise"
"54462","turquoise"
"54463","magenta"
"54464","turquoise"
"54465","turquoise"
"54466","blue"
"54467","turquoise"
"54468","grey"
"54469","turquoise"
"5447","grey"
"54470","red"
"54471","grey"
"54472","yellow"
"54474","grey"
"54475","greenyellow"
"54476","yellow"
"54477","blue"
"54478","grey"
"54480","brown"
"54482","turquoise"
"54487","grey"
"5449","grey"
"54490","grey"
"54491","red"
"54492","grey"
"54494","grey"
"54495","blue"
"54496","brown"
"54497","green"
"54498","magenta"
"54499","grey"
"545","green"
"5450","pink"
"54502","red"
"54503","blue"
"54504","red"
"54505","turquoise"
"54507","red"
"54508","grey"
"54509","grey"
"5451","grey"
"54510","turquoise"
"54511","blue"
"54512","brown"
"54514","grey"
"54516","grey"
"54517","magenta"
"54518","red"
"5452","grey"
"54520","turquoise"
"54521","brown"
"54522","yellow"
"54529","blue"
"5453","grey"
"54531","green"
"54532","turquoise"
"54534","grey"
"54535","green"
"54536","blue"
"54537","grey"
"54538","red"
"54539","brown"
"5454","turquoise"
"54540","green"
"54541","blue"
"54542","turquoise"
"54543","green"
"54544","grey"
"54545","turquoise"
"54546","grey"
"54549","grey"
"5455","turquoise"
"54550","brown"
"54551","yellow"
"54552","brown"
"54553","brown"
"54554","grey"
"54555","green"
"54556","turquoise"
"54557","blue"
"54558","yellow"
"5456","turquoise"
"54566","brown"
"54567","red"
"5457","grey"
"54575","grey"
"54576","grey"
"54577","grey"
"54578","grey"
"54579","grey"
"5458","grey"
"54581","brown"
"54583","turquoise"
"54584","brown"
"54585","blue"
"54586","grey"
"54587","grey"
"5459","grey"
"54596","grey"
"546","turquoise"
"5460","grey"
"54600","grey"
"54602","blue"
"54606","green"
"54617","grey"
"54619","turquoise"
"5462","grey"
"54620","brown"
"54621","grey"
"54622","blue"
"54623","turquoise"
"54625","brown"
"54626","grey"
"54627","blue"
"54629","turquoise"
"5463","brown"
"5464","grey"
"5465","brown"
"54657","grey"
"54658","grey"
"54659","grey"
"54660","grey"
"54661","brown"
"54662","turquoise"
"54663","brown"
"54664","turquoise"
"54665","turquoise"
"5467","grey"
"54674","blue"
"54675","grey"
"54676","grey"
"54677","grey"
"5468","grey"
"54680","brown"
"54681","yellow"
"54682","blue"
"5469","turquoise"
"547","grey"
"5470","grey"
"54700","turquoise"
"54704","blue"
"54707","grey"
"54708","turquoise"
"5471","turquoise"
"54714","grey"
"54715","yellow"
"54716","grey"
"54718","turquoise"
"54726","turquoise"
"54729","cyan"
"5473","grey"
"54732","turquoise"
"54733","turquoise"
"54734","turquoise"
"54737","grey"
"54738","grey"
"54739","grey"
"54741","brown"
"54742","grey"
"54749","blue"
"5475","yellow"
"54751","red"
"54752","yellow"
"54753","magenta"
"54754","grey"
"54756","grey"
"54757","grey"
"54758","brown"
"5476","black"
"54760","blue"
"54762","purple"
"54763","grey"
"54764","turquoise"
"54765","grey"
"54766","grey"
"54768","grey"
"54769","blue"
"54776","turquoise"
"54777","grey"
"54778","turquoise"
"5478","turquoise"
"54780","grey"
"54784","brown"
"54785","brown"
"54788","turquoise"
"5479","green"
"54790","turquoise"
"54793","turquoise"
"54795","grey"
"54796","brown"
"54797","grey"
"54798","purple"
"54799","turquoise"
"5480","grey"
"54800","turquoise"
"54801","turquoise"
"54802","grey"
"54805","grey"
"54806","yellow"
"54807","brown"
"54808","green"
"54809","red"
"5481","grey"
"54810","grey"
"54811","turquoise"
"54812","turquoise"
"54813","turquoise"
"54814","brown"
"54815","blue"
"54816","turquoise"
"54819","turquoise"
"54820","black"
"54821","grey"
"54822","turquoise"
"54823","brown"
"54825","brown"
"54826","grey"
"54827","grey"
"54828","yellow"
"54829","grey"
"54830","grey"
"54831","grey"
"548313","grey"
"54832","turquoise"
"54834","brown"
"54836","grey"
"54838","blue"
"54839","blue"
"54840","grey"
"54841","blue"
"54842","magenta"
"54843","turquoise"
"54845","blue"
"54847","yellow"
"54848","grey"
"54849","grey"
"54850","grey"
"54851","grey"
"54852","turquoise"
"54853","grey"
"54854","grey"
"54855","yellow"
"54856","grey"
"54857","grey"
"54858","midnightblue"
"54859","green"
"548593","grey"
"548596","brown"
"54860","grey"
"54861","blue"
"54862","green"
"54863","red"
"548644","grey"
"548645","blue"
"54865","grey"
"54866","grey"
"54867","blue"
"54868","yellow"
"54869","grey"
"54870","blue"
"54872","grey"
"54873","grey"
"54874","turquoise"
"54875","brown"
"54876","tan"
"54877","brown"
"54878","blue"
"54879","grey"
"54880","brown"
"54881","grey"
"54882","brown"
"54883","grey"
"54884","grey"
"54885","brown"
"54886","brown"
"54887","turquoise"
"54888","grey"
"54890","grey"
"54891","turquoise"
"54892","green"
"54893","brown"
"54894","magenta"
"54896","turquoise"
"54897","grey"
"54898","purple"
"54899","black"
"549","blue"
"54900","grey"
"54901","brown"
"54902","yellow"
"54903","blue"
"54904","turquoise"
"54905","grey"
"54906","grey"
"54908","salmon"
"54910","black"
"54913","brown"
"54914","yellow"
"54915","grey"
"54916","grey"
"54918","turquoise"
"54919","grey"
"54920","green"
"54921","grey"
"54922","red"
"54923","green"
"54925","salmon"
"54926","grey"
"54927","grey"
"54928","blue"
"54929","green"
"5493","yellow"
"54930","blue"
"54931","blue"
"54932","green"
"54933","pink"
"54934","grey"
"54935","green"
"54936","turquoise"
"54937","grey"
"54938","brown"
"54939","green"
"5494","turquoise"
"54940","blue"
"54941","black"
"54942","blue"
"54943","blue"
"54944","brown"
"54946","brown"
"54947","red"
"54948","brown"
"54949","turquoise"
"5495","salmon"
"54951","turquoise"
"54952","green"
"54953","brown"
"54954","turquoise"
"54955","green"
"54956","blue"
"54957","grey"
"54958","turquoise"
"54959","grey"
"5496","turquoise"
"54960","grey"
"54961","pink"
"54962","grey"
"54963","green"
"54964","blue"
"54965","blue"
"54967","grey"
"54968","blue"
"54969","yellow"
"54970","grey"
"54971","green"
"54972","black"
"54973","green"
"54974","grey"
"54976","turquoise"
"54977","turquoise"
"54978","grey"
"54979","green"
"5498","green"
"54980","grey"
"54981","grey"
"54982","green"
"54984","brown"
"54985","brown"
"54986","grey"
"54987","green"
"54988","grey"
"54989","blue"
"5499","green"
"54991","turquoise"
"54993","blue"
"54994","grey"
"54995","brown"
"54996","blue"
"54997","turquoise"
"54998","brown"
"55","grey"
"550","green"
"5500","turquoise"
"55000","turquoise"
"55001","grey"
"55002","yellow"
"55003","blue"
"55004","green"
"55005","yellow"
"55006","blue"
"55007","grey"
"55008","grey"
"55009","green"
"5501","turquoise"
"55010","grey"
"55011","turquoise"
"550112","grey"
"550113","grey"
"55012","grey"
"55013","grey"
"55014","turquoise"
"55015","turquoise"
"55016","brown"
"55017","grey"
"55018","grey"
"5502","brown"
"55020","blue"
"55022","pink"
"55023","turquoise"
"55024","green"
"55025","grey"
"55026","brown"
"55027","grey"
"55028","grey"
"55030","blue"
"55031","turquoise"
"55032","turquoise"
"55033","grey"
"55034","grey"
"55035","greenyellow"
"55036","grey"
"55037","turquoise"
"55038","blue"
"55039","grey"
"5504","blue"
"55040","yellow"
"55041","blue"
"55048","tan"
"55049","brown"
"55051","black"
"55052","brown"
"55054","grey"
"55055","blue"
"55056","greenyellow"
"55057","grey"
"5506","grey"
"55061","yellow"
"55062","grey"
"55063","green"
"550631","grey"
"55064","grey"
"550643","brown"
"55065","turquoise"
"55066","grey"
"55068","grey"
"55069","brown"
"5507","grey"
"55070","grey"
"55071","grey"
"55072","green"
"55073","grey"
"55074","blue"
"55075","grey"
"55076","brown"
"55079","grey"
"55080","grey"
"55081","blue"
"55082","brown"
"55083","grey"
"55084","brown"
"55086","turquoise"
"55088","turquoise"
"55089","grey"
"5509","purple"
"55090","brown"
"55092","blue"
"55093","grey"
"55094","grey"
"55095","blue"
"55096","turquoise"
"551","grey"
"5510","brown"
"55100","greenyellow"
"55101","brown"
"55102","turquoise"
"55103","blue"
"55105","turquoise"
"55106","turquoise"
"55107","grey"
"55108","grey"
"55109","turquoise"
"5511","brown"
"55110","grey"
"55111","brown"
"55112","grey"
"55113","blue"
"55114","blue"
"55116","brown"
"55117","magenta"
"55118","grey"
"55119","greenyellow"
"55120","grey"
"55122","yellow"
"55124","grey"
"55125","turquoise"
"55127","green"
"55128","grey"
"55129","grey"
"55130","grey"
"55131","yellow"
"55132","turquoise"
"55133","grey"
"55135","green"
"55137","turquoise"
"55138","grey"
"55139","green"
"5514","blue"
"55140","brown"
"55142","green"
"55143","grey"
"55144","black"
"55145","brown"
"55146","turquoise"
"55147","grey"
"55148","blue"
"55149","turquoise"
"5515","blue"
"55150","turquoise"
"55151","brown"
"55152","green"
"55153","blue"
"55154","brown"
"55156","turquoise"
"55157","turquoise"
"55159","black"
"5516","turquoise"
"55160","magenta"
"55161","blue"
"55163","brown"
"55164","grey"
"55165","grey"
"55166","brown"
"55167","turquoise"
"55168","brown"
"55170","green"
"55171","brown"
"55172","turquoise"
"55173","yellow"
"55174","turquoise"
"55175","green"
"55176","yellow"
"55177","grey"
"55178","brown"
"55179","grey"
"5518","brown"
"55180","grey"
"55181","green"
"55182","pink"
"55183","turquoise"
"55184","yellow"
"55186","turquoise"
"55187","green"
"55188","green"
"5519","greenyellow"
"55190","blue"
"55191","green"
"55192","green"
"55193","turquoise"
"55194","blue"
"55195","grey"
"55196","brown"
"55197","turquoise"
"55198","yellow"
"55199","grey"
"552","grey"
"5520","black"
"55200","grey"
"55201","brown"
"55203","grey"
"55204","green"
"55205","turquoise"
"55206","blue"
"55207","blue"
"55208","grey"
"55209","turquoise"
"5521","blue"
"55210","green"
"55211","grey"
"55212","blue"
"55213","turquoise"
"55214","yellow"
"55215","turquoise"
"55216","grey"
"55217","turquoise"
"55218","brown"
"55219","magenta"
"5522","yellow"
"55220","yellow"
"55222","brown"
"55223","black"
"55224","grey"
"55225","grey"
"55226","greenyellow"
"55227","black"
"55228","yellow"
"55229","grey"
"5523","black"
"55230","blue"
"55231","blue"
"55233","brown"
"55234","grey"
"55236","turquoise"
"55237","grey"
"55238","brown"
"55239","grey"
"5524","brown"
"55240","red"
"55243","turquoise"
"55244","grey"
"55245","yellow"
"55246","grey"
"55247","grey"
"55248","black"
"55249","green"
"5525","yellow"
"55250","grey"
"55251","turquoise"
"55252","turquoise"
"55253","grey"
"55254","brown"
"55255","blue"
"55256","magenta"
"55257","green"
"55258","grey"
"55259","grey"
"5526","yellow"
"55260","turquoise"
"55262","brown"
"55266","turquoise"
"55267","grey"
"55268","green"
"55269","yellow"
"5527","blue"
"55270","grey"
"55272","turquoise"
"55273","turquoise"
"55274","brown"
"55275","yellow"
"55276","turquoise"
"55277","grey"
"55278","turquoise"
"55279","turquoise"
"5528","brown"
"55280","grey"
"55281","yellow"
"55282","grey"
"55283","grey"
"55284","blue"
"55285","turquoise"
"552853","grey"
"552859","grey"
"55286","grey"
"552860","grey"
"55287","grey"
"55288","blue"
"552889","blue"
"55289","grey"
"552891","grey"
"5529","blue"
"55290","yellow"
"552900","grey"
"55291","grey"
"55293","turquoise"
"55294","yellow"
"55295","brown"
"55296","blue"
"55297","turquoise"
"55298","grey"
"55299","grey"
"553","grey"
"5530","blue"
"55300","turquoise"
"55301","grey"
"55303","red"
"55304","grey"
"55308","grey"
"5531","green"
"553103","grey"
"55311","green"
"553115","brown"
"55312","blue"
"553128","grey"
"55313","black"
"55314","black"
"55315","blue"
"553158","grey"
"55316","green"
"55317","brown"
"55319","green"
"5532","yellow"
"55320","turquoise"
"55321","brown"
"55322","blue"
"55323","pink"
"55324","turquoise"
"55325","grey"
"55326","turquoise"
"55327","grey"
"55328","grey"
"55329","grey"
"5533","grey"
"55330","turquoise"
"55331","black"
"55332","red"
"55333","turquoise"
"55334","green"
"55335","blue"
"55336","grey"
"55337","turquoise"
"55339","grey"
"5534","yellow"
"55340","red"
"55341","grey"
"55342","blue"
"55343","grey"
"55344","grey"
"55345","grey"
"55346","magenta"
"55347","turquoise"
"55349","yellow"
"5535","grey"
"55350","grey"
"55351","grey"
"55352","brown"
"55353","blue"
"55355","grey"
"55356","black"
"55357","pink"
"55359","yellow"
"5536","brown"
"55361","brown"
"55362","turquoise"
"55363","grey"
"55364","grey"
"55365","red"
"55366","turquoise"
"55367","green"
"5537","blue"
"55370","brown"
"55374","blue"
"55379","grey"
"5538","blue"
"55384","brown"
"55388","grey"
"5539","grey"
"554","grey"
"5540","grey"
"554045","grey"
"55410","grey"
"5542","grey"
"554201","grey"
"554202","grey"
"554203","grey"
"554206","grey"
"55421","black"
"554210","grey"
"554212","grey"
"554214","grey"
"55422","grey"
"554223","grey"
"554226","yellow"
"55423","grey"
"554235","brown"
"554236","blue"
"554249","grey"
"55425","blue"
"554251","grey"
"554279","grey"
"554282","grey"
"55432","turquoise"
"55435","turquoise"
"55437","grey"
"55449","grey"
"55450","brown"
"55454","brown"
"5546","brown"
"55466","grey"
"5547","magenta"
"55471","blue"
"55472","turquoise"
"55486","green"
"5549","magenta"
"5550","blue"
"55500","turquoise"
"55501","turquoise"
"55502","blue"
"55503","yellow"
"55504","brown"
"55505","turquoise"
"55506","brown"
"55507","grey"
"55508","green"
"55509","turquoise"
"5551","grey"
"55510","grey"
"55511","grey"
"55512","yellow"
"55515","grey"
"5552","red"
"55520","grey"
"55521","blue"
"55526","purple"
"55527","brown"
"55529","turquoise"
"5553","grey"
"55530","yellow"
"55531","yellow"
"55532","turquoise"
"55534","brown"
"55536","yellow"
"55539","grey"
"55540","grey"
"55544","blue"
"55545","grey"
"5555","grey"
"55552","grey"
"55553","purple"
"55554","grey"
"55556","grey"
"55558","blue"
"55559","green"
"55561","grey"
"55565","brown"
"55567","grey"
"55568","yellow"
"5557","turquoise"
"55571","grey"
"55572","brown"
"55573","brown"
"55576","grey"
"55577","blue"
"55578","greenyellow"
"5558","grey"
"55582","turquoise"
"55584","grey"
"55585","grey"
"55586","grey"
"55588","greenyellow"
"55589","turquoise"
"55591","green"
"55592","grey"
"55593","brown"
"55596","greenyellow"
"55599","turquoise"
"55600","grey"
"55601","turquoise"
"55602","turquoise"
"55603","yellow"
"55604","purple"
"55605","blue"
"55607","turquoise"
"55608","grey"
"55609","turquoise"
"55610","blue"
"55611","brown"
"55612","turquoise"
"55613","grey"
"55614","brown"
"55615","green"
"55616","grey"
"55617","blue"
"55619","black"
"5562","turquoise"
"55620","turquoise"
"55621","green"
"55622","grey"
"55623","turquoise"
"55624","blue"
"55625","grey"
"55626","grey"
"55627","grey"
"55628","turquoise"
"55629","grey"
"5563","blue"
"55630","brown"
"55631","blue"
"55632","turquoise"
"55633","brown"
"55634","brown"
"55635","blue"
"55636","salmon"
"55638","blue"
"5564","grey"
"55640","red"
"55643","brown"
"55644","green"
"55646","blue"
"55647","red"
"5565","turquoise"
"55650","yellow"
"55651","brown"
"55652","green"
"55653","brown"
"55654","brown"
"55655","yellow"
"55656","grey"
"55657","green"
"55658","turquoise"
"55659","grey"
"5566","yellow"
"55660","turquoise"
"55661","green"
"55662","grey"
"55663","green"
"55664","blue"
"55665","brown"
"55666","green"
"55667","turquoise"
"55668","turquoise"
"55669","blue"
"5567","blue"
"55670","yellow"
"55671","greenyellow"
"55672","turquoise"
"55676","brown"
"55677","pink"
"55679","grey"
"5568","grey"
"55680","turquoise"
"55681","turquoise"
"55683","grey"
"55684","turquoise"
"55686","blue"
"55687","green"
"55689","turquoise"
"5569","blue"
"55690","brown"
"55691","grey"
"55692","green"
"55693","tan"
"55695","green"
"55696","grey"
"55697","brown"
"55698","magenta"
"55699","turquoise"
"5570","blue"
"55700","purple"
"55701","blue"
"55702","green"
"55703","blue"
"55704","turquoise"
"55705","grey"
"55706","blue"
"55707","blue"
"55709","grey"
"5571","grey"
"55711","blue"
"55713","grey"
"55714","blue"
"55715","brown"
"55716","green"
"55717","turquoise"
"55718","turquoise"
"55719","turquoise"
"55720","grey"
"55721","grey"
"55722","grey"
"55723","grey"
"55726","brown"
"55727","turquoise"
"55728","turquoise"
"55729","turquoise"
"5573","turquoise"
"55731","grey"
"55732","black"
"55733","blue"
"55734","blue"
"55735","brown"
"55737","blue"
"55738","green"
"55739","turquoise"
"55740","grey"
"55741","blue"
"55742","grey"
"55743","grey"
"55744","grey"
"55745","turquoise"
"55746","green"
"55748","grey"
"55749","turquoise"
"5575","yellow"
"55750","blue"
"55751","brown"
"55752","purple"
"55753","yellow"
"55754","blue"
"55755","yellow"
"55756","blue"
"55757","tan"
"55758","turquoise"
"55759","turquoise"
"5576","brown"
"55760","grey"
"55761","grey"
"55762","brown"
"55763","green"
"55764","brown"
"55765","turquoise"
"55766","blue"
"55768","blue"
"55769","grey"
"5577","blue"
"55770","turquoise"
"55771","grey"
"55773","turquoise"
"55775","yellow"
"55776","grey"
"55777","turquoise"
"55778","greenyellow"
"55779","grey"
"5578","purple"
"55780","greenyellow"
"55781","grey"
"55783","turquoise"
"55784","grey"
"55785","purple"
"55786","brown"
"55787","turquoise"
"55788","black"
"55789","grey"
"5579","yellow"
"55790","purple"
"55791","turquoise"
"55793","black"
"55794","greenyellow"
"55795","grey"
"55796","turquoise"
"55798","grey"
"55799","yellow"
"558","magenta"
"5580","grey"
"55800","yellow"
"55801","grey"
"55802","brown"
"55803","red"
"55805","grey"
"55806","grey"
"55808","grey"
"55809","blue"
"5581","blue"
"55810","grey"
"55811","grey"
"55812","yellow"
"55813","turquoise"
"55814","turquoise"
"55815","turquoise"
"55816","grey"
"55818","brown"
"55819","pink"
"5582","yellow"
"55821","grey"
"55823","grey"
"55824","brown"
"55825","grey"
"55827","blue"
"55829","grey"
"5583","turquoise"
"55830","grey"
"55831","brown"
"55832","blue"
"55833","grey"
"55835","grey"
"55837","blue"
"55839","grey"
"5584","blue"
"55840","grey"
"55841","salmon"
"55843","red"
"55844","grey"
"55845","brown"
"55846","grey"
"55847","yellow"
"55848","grey"
"5585","blue"
"55850","green"
"55851","green"
"55852","turquoise"
"55853","grey"
"55854","blue"
"55855","grey"
"55856","grey"
"55857","grey"
"55858","black"
"55859","yellow"
"5586","turquoise"
"55860","blue"
"55861","pink"
"55862","turquoise"
"55863","blue"
"55867","grey"
"55869","brown"
"5587","brown"
"55870","turquoise"
"55871","grey"
"55872","grey"
"55876","grey"
"55879","turquoise"
"5588","pink"
"55884","pink"
"55885","blue"
"55888","grey"
"55889","grey"
"5589","blue"
"55890","magenta"
"55891","grey"
"55892","turquoise"
"55893","yellow"
"55897","brown"
"55898","green"
"5590","brown"
"55900","turquoise"
"55901","magenta"
"55902","pink"
"55904","turquoise"
"55905","blue"
"55906","grey"
"55907","blue"
"55908","turquoise"
"55909","brown"
"5591","turquoise"
"55911","red"
"55914","salmon"
"55915","yellow"
"55916","turquoise"
"55917","brown"
"5592","grey"
"55920","tan"
"55922","blue"
"55924","brown"
"55929","turquoise"
"5593","turquoise"
"55930","grey"
"55937","grey"
"5594","blue"
"5595","brown"
"55954","green"
"55957","turquoise"
"55958","green"
"55959","grey"
"5596","grey"
"55964","yellow"
"55966","grey"
"55967","grey"
"55968","turquoise"
"55969","grey"
"5597","blue"
"55970","turquoise"
"55971","red"
"55972","blue"
"55973","blue"
"55974","grey"
"55975","blue"
"5598","blue"
"5599","blue"
"55997","grey"
"55998","grey"
"55999","grey"
"56","yellow"
"5600","turquoise"
"56000","grey"
"56001","grey"
"56005","brown"
"56006","green"
"5601","yellow"
"5602","blue"
"5603","yellow"
"56033","grey"
"56034","turquoise"
"5604","blue"
"5605","brown"
"56052","turquoise"
"5606","tan"
"56061","pink"
"56062","black"
"56063","turquoise"
"5607","yellow"
"5608","grey"
"5609","green"
"56097","magenta"
"56098","magenta"
"56099","magenta"
"5610","turquoise"
"56100","magenta"
"56101","magenta"
"56102","magenta"
"56103","magenta"
"56104","magenta"
"56105","magenta"
"56106","magenta"
"56107","magenta"
"56108","magenta"
"56109","magenta"
"5611","brown"
"56110","magenta"
"56111","magenta"
"56112","magenta"
"56113","magenta"
"56114","magenta"
"5612","grey"
"56120","grey"
"56121","red"
"56122","green"
"56123","turquoise"
"56124","turquoise"
"56125","turquoise"
"56126","green"
"56127","grey"
"56128","turquoise"
"56129","brown"
"5613","yellow"
"56130","turquoise"
"56131","turquoise"
"56132","turquoise"
"56133","turquoise"
"56134","blue"
"56135","blue"
"56136","blue"
"56137","blue"
"56138","blue"
"56139","blue"
"56140","blue"
"56141","blue"
"56142","blue"
"56143","blue"
"56144","blue"
"56145","blue"
"56146","blue"
"56147","blue"
"56154","purple"
"56155","grey"
"56156","grey"
"56157","grey"
"56158","grey"
"56159","grey"
"5616","grey"
"56160","green"
"56163","grey"
"56164","grey"
"56165","grey"
"56169","grey"
"5617","grey"
"56171","purple"
"56172","green"
"5618","grey"
"56180","blue"
"56181","brown"
"5619","grey"
"5620","grey"
"56203","grey"
"56204","turquoise"
"5621","blue"
"5623","green"
"5624","grey"
"56241","grey"
"56242","brown"
"56243","blue"
"56244","grey"
"56245","grey"
"56246","grey"
"5625","grey"
"56252","grey"
"56253","grey"
"56254","brown"
"56255","blue"
"56256","grey"
"56257","green"
"56259","green"
"5626","grey"
"56260","grey"
"56261","grey"
"56262","magenta"
"56265","grey"
"56267","tan"
"56269","grey"
"5627","red"
"56270","yellow"
"56271","yellow"
"56287","grey"
"56288","magenta"
"5629","black"
"563","blue"
"5630","grey"
"56300","grey"
"56301","brown"
"56302","salmon"
"5631","blue"
"56311","blue"
"56339","grey"
"5634","blue"
"56341","yellow"
"56342","turquoise"
"56344","grey"
"5635","grey"
"5636","grey"
"5638","black"
"5639","grey"
"5641","yellow"
"56413","turquoise"
"5644","grey"
"5645","grey"
"5646","brown"
"56474","grey"
"56475","grey"
"56477","yellow"
"56478","grey"
"56479","blue"
"5648","grey"
"5649","black"
"5650","yellow"
"5651","grey"
"5652","grey"
"56521","blue"
"5653","pink"
"5654","grey"
"56547","grey"
"56548","magenta"
"5655","brown"
"5657","brown"
"566","brown"
"5660","grey"
"56603","blue"
"56605","turquoise"
"56606","red"
"56616","green"
"5662","brown"
"56623","green"
"56624","grey"
"5663","pink"
"5664","greenyellow"
"56647","tan"
"56648","blue"
"56649","grey"
"56650","black"
"56651","grey"
"56652","grey"
"56654","brown"
"56655","green"
"56656","grey"
"56658","blue"
"56659","grey"
"56660","brown"
"56662","grey"
"56663","grey"
"56664","grey"
"56666","brown"
"56667","grey"
"56670","grey"
"56672","green"
"56673","grey"
"56674","grey"
"56675","yellow"
"56676","grey"
"56681","grey"
"56683","brown"
"5669","grey"
"567","red"
"5670","grey"
"56704","blue"
"5671","grey"
"5672","grey"
"56729","grey"
"5673","grey"
"56731","blue"
"5675","grey"
"56751","grey"
"5676","grey"
"56776","purple"
"5678","grey"
"5680","grey"
"5681","blue"
"5682","blue"
"56829","turquoise"
"5683","grey"
"56832","grey"
"56833","red"
"56834","brown"
"5684","grey"
"56848","brown"
"56849","blue"
"5685","yellow"
"56850","turquoise"
"56851","grey"
"56852","grey"
"56853","yellow"
"5686","yellow"
"5687","yellow"
"5688","brown"
"56882","red"
"56884","blue"
"56886","brown"
"56888","grey"
"56889","turquoise"
"5689","turquoise"
"56890","turquoise"
"56891","grey"
"56892","grey"
"56893","grey"
"56894","magenta"
"56895","grey"
"56896","pink"
"56897","grey"
"56898","grey"
"56899","black"
"5690","brown"
"56900","grey"
"56901","magenta"
"56902","grey"
"56903","grey"
"56904","green"
"56905","blue"
"56906","blue"
"56907","turquoise"
"5691","brown"
"56910","grey"
"56911","grey"
"56912","brown"
"56913","turquoise"
"56914","grey"
"56915","brown"
"56916","turquoise"
"56917","brown"
"56918","grey"
"56919","blue"
"5692","brown"
"56920","grey"
"56922","grey"
"56923","grey"
"56924","yellow"
"56925","grey"
"56926","green"
"56927","green"
"56928","green"
"56929","turquoise"
"5693","brown"
"56931","green"
"56934","yellow"
"56935","green"
"56936","yellow"
"56937","grey"
"56938","yellow"
"5694","brown"
"56940","grey"
"56941","brown"
"56942","turquoise"
"56943","yellow"
"56944","red"
"56945","blue"
"56946","brown"
"56947","blue"
"56948","green"
"56949","green"
"5695","yellow"
"56950","blue"
"56951","grey"
"56952","grey"
"56953","turquoise"
"56954","greenyellow"
"56955","yellow"
"56956","grey"
"56957","salmon"
"5696","red"
"56961","brown"
"56963","grey"
"56964","grey"
"56965","brown"
"56967","yellow"
"56969","blue"
"5697","grey"
"56970","yellow"
"56971","turquoise"
"56975","grey"
"56977","green"
"56978","blue"
"56979","grey"
"5698","red"
"56980","turquoise"
"56981","grey"
"56983","turquoise"
"56984","grey"
"56985","grey"
"56986","blue"
"56987","turquoise"
"5699","green"
"56990","blue"
"56992","grey"
"56993","turquoise"
"56994","grey"
"56995","black"
"56996","blue"
"56997","purple"
"56998","brown"
"56999","red"
"570","yellow"
"5700","grey"
"57000","brown"
"57001","blue"
"57002","grey"
"57003","brown"
"57007","purple"
"5701","blue"
"57010","grey"
"57016","grey"
"57017","turquoise"
"57018","brown"
"57019","yellow"
"5702","brown"
"57020","grey"
"57026","brown"
"57030","yellow"
"57035","grey"
"57037","blue"
"57038","grey"
"5704","turquoise"
"57045","turquoise"
"57047","grey"
"57048","green"
"5705","brown"
"57050","grey"
"57053","blue"
"57057","grey"
"5706","blue"
"57060","green"
"57061","grey"
"57062","yellow"
"5707","yellow"
"5708","grey"
"57082","turquoise"
"57084","blue"
"57085","blue"
"57088","brown"
"57089","blue"
"5709","grey"
"57091","turquoise"
"57092","turquoise"
"57093","grey"
"57094","grey"
"57095","yellow"
"57096","grey"
"57097","blue"
"57099","green"
"571","turquoise"
"5710","brown"
"57101","red"
"57102","blue"
"57103","turquoise"
"57104","green"
"57105","turquoise"
"57106","brown"
"57107","grey"
"57109","green"
"5711","green"
"57110","grey"
"57111","grey"
"57113","grey"
"57115","grey"
"57116","grey"
"57117","grey"
"57118","yellow"
"57119","grey"
"57120","turquoise"
"57121","red"
"57122","grey"
"57124","grey"
"57125","grey"
"57126","grey"
"57127","grey"
"57128","brown"
"57129","yellow"
"5713","turquoise"
"57130","green"
"57132","blue"
"57134","grey"
"57136","yellow"
"57139","blue"
"5714","brown"
"57140","blue"
"57142","blue"
"57143","green"
"57144","blue"
"57146","yellow"
"57147","grey"
"57148","green"
"57149","yellow"
"5715","green"
"57150","yellow"
"57151","grey"
"57152","grey"
"57153","magenta"
"57154","turquoise"
"57156","yellow"
"57157","turquoise"
"57158","grey"
"57159","brown"
"5716","blue"
"57161","turquoise"
"57162","brown"
"57165","pink"
"57167","grey"
"57168","yellow"
"57169","yellow"
"5717","grey"
"57171","turquoise"
"57172","yellow"
"57175","blue"
"57176","blue"
"57178","brown"
"57179","pink"
"5718","green"
"57180","yellow"
"57181","blue"
"57182","turquoise"
"57184","turquoise"
"57185","black"
"57186","brown"
"57187","turquoise"
"57188","black"
"57189","turquoise"
"5719","brown"
"57190","blue"
"57191","turquoise"
"57192","turquoise"
"57194","red"
"57198","turquoise"
"572","green"
"5720","blue"
"57205","brown"
"57209","grey"
"5721","green"
"57210","brown"
"57211","turquoise"
"57212","yellow"
"57213","blue"
"57214","grey"
"57215","grey"
"57216","yellow"
"57217","blue"
"57221","black"
"57222","grey"
"57223","turquoise"
"57224","purple"
"57226","blue"
"57228","red"
"5723","blue"
"57231","blue"
"57232","grey"
"57234","grey"
"5724","red"
"5725","blue"
"572558","grey"
"5726","grey"
"5727","brown"
"5728","grey"
"57282","blue"
"5729","grey"
"57291","green"
"57292","grey"
"573","green"
"5730","green"
"5731","grey"
"5732","grey"
"57325","brown"
"57326","magenta"
"5733","yellow"
"57332","grey"
"57333","green"
"57335","brown"
"57336","tan"
"57337","turquoise"
"57338","brown"
"5734","grey"
"57343","green"
"57348","magenta"
"57369","blue"
"5737","blue"
"57379","grey"
"5738","pink"
"57380","blue"
"57381","magenta"
"5739","grey"
"57393","grey"
"57396","black"
"574","grey"
"5740","grey"
"574016","grey"
"57402","grey"
"574028","grey"
"574029","grey"
"57403","blue"
"574031","grey"
"574032","grey"
"574033","grey"
"574034","grey"
"574036","pink"
"574038","grey"
"57404","yellow"
"574040","turquoise"
"574042","grey"
"57405","grey"
"57406","black"
"57407","green"
"57408","grey"
"57409","blue"
"5741","grey"
"57410","turquoise"
"57412","grey"
"57414","brown"
"57415","blue"
"57418","turquoise"
"57419","grey"
"5742","red"
"5743","grey"
"5744","blue"
"574406","grey"
"574407","yellow"
"574410","grey"
"574411","grey"
"574412","grey"
"574413","grey"
"574432","turquoise"
"574433","grey"
"574434","grey"
"574435","grey"
"574441","grey"
"574443","grey"
"574444","grey"
"574445","grey"
"574449","grey"
"574450","grey"
"574451","grey"
"574452","grey"
"574453","grey"
"574454","grey"
"574455","grey"
"574456","grey"
"574457","grey"
"57446","yellow"
"574464","grey"
"57447","magenta"
"57448","turquoise"
"574489","grey"
"57449","yellow"
"5745","blue"
"574500","grey"
"574501","grey"
"574505","grey"
"574506","grey"
"574507","grey"
"57451","blue"
"574510","grey"
"574511","grey"
"574512","grey"
"574513","grey"
"574514","grey"
"574515","grey"
"574516","grey"
"57452","brown"
"57453","black"
"574537","grey"
"574538","blue"
"57455","brown"
"57456","turquoise"
"57458","black"
"57459","grey"
"5746","blue"
"57460","blue"
"57461","green"
"57462","grey"
"57463","blue"
"57464","blue"
"57465","yellow"
"57466","yellow"
"57467","green"
"57468","yellow"
"57469","yellow"
"5747","black"
"57470","turquoise"
"57471","black"
"57472","turquoise"
"57473","grey"
"57474","grey"
"57475","black"
"57476","yellow"
"57477","black"
"57478","grey"
"57479","grey"
"57480","turquoise"
"57481","grey"
"57482","green"
"57484","turquoise"
"57486","grey"
"57488","grey"
"57489","magenta"
"57491","yellow"
"57492","green"
"57493","turquoise"
"57494","grey"
"57495","blue"
"57496","blue"
"57497","yellow"
"57498","turquoise"
"575","grey"
"57501","yellow"
"57502","blue"
"57504","yellow"
"57505","turquoise"
"57506","yellow"
"57507","brown"
"57508","turquoise"
"57509","black"
"57510","grey"
"57511","green"
"57512","yellow"
"57513","blue"
"57514","turquoise"
"57515","blue"
"57519","black"
"57520","black"
"57521","grey"
"57522","yellow"
"57523","grey"
"57524","brown"
"57526","yellow"
"57528","blue"
"57529","grey"
"5753","grey"
"57530","blue"
"57531","turquoise"
"57532","turquoise"
"57533","yellow"
"57534","turquoise"
"57535","yellow"
"57536","black"
"57537","grey"
"57538","grey"
"57539","green"
"5754","grey"
"57540","brown"
"57541","grey"
"57542","blue"
"57544","blue"
"57545","grey"
"57546","grey"
"57547","brown"
"57549","grey"
"57551","turquoise"
"57552","blue"
"57553","pink"
"57554","blue"
"57555","black"
"57556","black"
"57558","lightcyan"
"57559","blue"
"5756","turquoise"
"57560","turquoise"
"57561","brown"
"57562","blue"
"57563","turquoise"
"57565","blue"
"57567","red"
"57568","grey"
"57569","green"
"5757","yellow"
"57570","blue"
"57571","grey"
"57572","yellow"
"57573","brown"
"57574","yellow"
"57575","turquoise"
"57576","yellow"
"57577","grey"
"57578","yellow"
"57579","turquoise"
"57580","black"
"57582","brown"
"57583","blue"
"57584","black"
"57585","yellow"
"57586","yellow"
"57587","turquoise"
"57589","turquoise"
"57590","turquoise"
"57591","brown"
"57592","grey"
"57593","green"
"57594","yellow"
"57595","brown"
"57596","brown"
"57597","black"
"57599","grey"
"576","brown"
"57600","turquoise"
"57602","grey"
"57604","blue"
"57605","grey"
"57606","turquoise"
"57608","grey"
"57609","black"
"57610","grey"
"57611","yellow"
"57613","yellow"
"57614","blue"
"57615","grey"
"57616","yellow"
"57617","brown"
"57619","grey"
"57620","blue"
"57621","brown"
"57622","brown"
"57623","grey"
"57624","blue"
"57626","blue"
"57628","blue"
"5763","brown"
"57630","turquoise"
"57631","turquoise"
"57633","turquoise"
"57634","turquoise"
"57636","pink"
"57639","brown"
"5764","grey"
"57642","grey"
"57643","grey"
"57644","grey"
"57645","salmon"
"57646","turquoise"
"57647","grey"
"57648","grey"
"57649","yellow"
"57650","green"
"57653","grey"
"57654","grey"
"57655","red"
"57657","brown"
"57658","grey"
"57659","grey"
"57661","blue"
"57662","brown"
"57663","grey"
"57664","blue"
"57665","blue"
"57666","green"
"57669","brown"
"57670","pink"
"57673","grey"
"57674","yellow"
"57677","turquoise"
"57678","purple"
"57679","blue"
"5768","grey"
"57680","grey"
"57683","blue"
"57684","turquoise"
"57685","purple"
"57687","blue"
"57688","brown"
"57689","blue"
"57690","grey"
"57691","blue"
"57692","blue"
"57693","grey"
"57695","turquoise"
"57696","grey"
"57697","green"
"57698","salmon"
"57699","brown"
"577","blue"
"5770","yellow"
"57700","blue"
"57701","blue"
"57703","turquoise"
"57704","grey"
"57705","red"
"57706","brown"
"57707","grey"
"57708","turquoise"
"57709","blue"
"5771","grey"
"57710","turquoise"
"57711","blue"
"57713","brown"
"57715","grey"
"57716","red"
"57717","brown"
"57718","blue"
"57719","grey"
"57720","grey"
"57721","turquoise"
"57722","purple"
"57724","green"
"57727","grey"
"57728","grey"
"57730","grey"
"57731","brown"
"57732","yellow"
"57733","grey"
"5774","yellow"
"5775","blue"
"57758","grey"
"57761","grey"
"57763","green"
"5777","red"
"5778","red"
"57786","turquoise"
"57787","brown"
"57794","green"
"57795","yellow"
"57798","brown"
"57799","brown"
"578","blue"
"5780","grey"
"57801","grey"
"57804","green"
"57805","turquoise"
"5781","turquoise"
"57817","red"
"57818","grey"
"57819","green"
"5782","turquoise"
"57820","turquoise"
"57821","blue"
"57822","grey"
"57823","grey"
"57824","grey"
"57826","turquoise"
"57827","grey"
"57828","blue"
"5783","brown"
"57830","brown"
"57834","grey"
"57835","grey"
"5784","grey"
"5786","brown"
"57862","green"
"57863","yellow"
"57864","grey"
"5787","turquoise"
"5788","red"
"5789","black"
"579","grey"
"5790","blue"
"5791","grey"
"5792","grey"
"5793","green"
"5794","pink"
"5795","brown"
"5796","black"
"5797","green"
"5798","yellow"
"5799","yellow"
"58","brown"
"580","brown"
"5800","blue"
"5801","blue"
"5802","brown"
"5803","turquoise"
"5805","yellow"
"5806","grey"
"581","green"
"5810","blue"
"5813","turquoise"
"5814","grey"
"58155","blue"
"58157","brown"
"58158","grey"
"5816","yellow"
"58160","grey"
"5817","grey"
"5818","grey"
"58189","brown"
"5819","blue"
"58190","blue"
"58191","red"
"582","green"
"5820","turquoise"
"5822","grey"
"5824","blue"
"5825","turquoise"
"5826","green"
"5827","magenta"
"5828","brown"
"5829","blue"
"583","grey"
"5830","lightcyan"
"5831","tan"
"5832","grey"
"5833","green"
"5834","brown"
"5836","red"
"5837","magenta"
"58472","red"
"58473","lightcyan"
"58475","red"
"58476","lightcyan"
"58477","brown"
"58478","turquoise"
"58480","black"
"58484","grey"
"58485","brown"
"58486","blue"
"58487","turquoise"
"58488","grey"
"58489","black"
"58490","brown"
"58491","grey"
"58492","grey"
"58493","turquoise"
"58494","turquoise"
"58495","yellow"
"58496","grey"
"58497","grey"
"58498","turquoise"
"58499","turquoise"
"585","grey"
"58500","grey"
"58503","grey"
"58504","blue"
"58505","grey"
"58506","turquoise"
"58508","turquoise"
"58509","green"
"58510","grey"
"58511","grey"
"58512","yellow"
"58513","grey"
"58515","green"
"58516","red"
"58517","turquoise"
"58524","grey"
"58525","grey"
"58526","blue"
"58527","yellow"
"58528","grey"
"58529","magenta"
"58530","grey"
"58533","salmon"
"58538","yellow"
"5858","grey"
"5859","green"
"586","blue"
"5860","pink"
"5861","blue"
"5862","blue"
"5863","blue"
"5864","yellow"
"5865","blue"
"5866","blue"
"5867","grey"
"5868","turquoise"
"5869","grey"
"587","blue"
"5870","blue"
"5871","grey"
"5872","blue"
"5873","red"
"5874","blue"
"5875","turquoise"
"5876","grey"
"5877","grey"
"5878","grey"
"5879","turquoise"
"5880","red"
"5881","brown"
"5883","green"
"5884","blue"
"5885","turquoise"
"5886","turquoise"
"5887","blue"
"5888","grey"
"5889","yellow"
"5890","brown"
"5891","brown"
"5892","turquoise"
"5893","brown"
"5894","tan"
"5896","turquoise"
"5897","grey"
"5898","grey"
"58985","grey"
"58986","blue"
"5899","grey"
"59","grey"
"590","brown"
"5900","blue"
"5901","blue"
"5902","turquoise"
"5903","green"
"5905","brown"
"5906","brown"
"59067","grey"
"5908","grey"
"59082","grey"
"59084","blue"
"5909","yellow"
"5910","blue"
"5911","turquoise"
"5912","yellow"
"5913","grey"
"5914","turquoise"
"5915","grey"
"5916","blue"
"5917","yellow"
"5918","grey"
"5919","blue"
"5920","blue"
"5921","blue"
"5922","turquoise"
"5923","blue"
"5924","blue"
"5925","turquoise"
"5926","turquoise"
"59269","grey"
"5927","turquoise"
"59271","blue"
"59272","grey"
"59274","grey"
"59277","blue"
"5928","turquoise"
"59283","yellow"
"59284","brown"
"59285","grey"
"59286","brown"
"5929","blue"
"593","grey"
"5930","turquoise"
"59307","green"
"5931","blue"
"5932","yellow"
"5933","yellow"
"59335","yellow"
"59336","grey"
"59338","turquoise"
"59339","grey"
"5934","brown"
"59340","grey"
"59341","grey"
"59342","grey"
"59343","turquoise"
"59344","yellow"
"59345","turquoise"
"59348","brown"
"59349","blue"
"5935","grey"
"59350","blue"
"59351","grey"
"59352","grey"
"59353","yellow"
"5936","green"
"5937","grey"
"5939","blue"
"594","turquoise"
"5947","green"
"5948","grey"
"594837","grey"
"594838","grey"
"594839","grey"
"594840","turquoise"
"594842","grey"
"594855","grey"
"594857","grey"
"5949","grey"
"595","blue"
"5950","yellow"
"595097","grey"
"595098","grey"
"595099","grey"
"595100","grey"
"595101","turquoise"
"595135","brown"
"5954","turquoise"
"5955","blue"
"5956","grey"
"5957","grey"
"5959","green"
"596","yellow"
"5961","yellow"
"5962","salmon"
"5965","brown"
"5966","brown"
"5967","grey"
"5968","grey"
"5969","grey"
"597","red"
"5970","blue"
"5971","grey"
"5972","grey"
"5973","blue"
"5976","grey"
"5977","blue"
"5978","turquoise"
"5979","yellow"
"598","grey"
"5980","green"
"5981","black"
"5982","grey"
"5983","green"
"5984","grey"
"5985","grey"
"5986","green"
"5987","grey"
"5988","blue"
"5989","green"
"599","grey"
"5990","magenta"
"5991","turquoise"
"5992","grey"
"5993","grey"
"5994","green"
"5995","grey"
"5996","grey"
"5997","grey"
"5998","blue"
"5999","yellow"
"60","grey"
"6000","yellow"
"6001","red"
"6002","turquoise"
"6003","grey"
"6004","grey"
"6005","grey"
"6006","grey"
"6007","grey"
"6009","grey"
"6010","grey"
"6011","grey"
"6013","grey"
"6014","yellow"
"6015","green"
"6016","greenyellow"
"6017","magenta"
"6018","turquoise"
"6019","grey"
"602","red"
"6023","grey"
"6029","grey"
"60312","grey"
"60313","greenyellow"
"60314","brown"
"60343","green"
"6035","pink"
"6036","red"
"6037","red"
"60370","turquoise"
"6038","brown"
"60385","grey"
"60386","grey"
"6039","red"
"604","red"
"60401","brown"
"6041","turquoise"
"60412","grey"
"6043","turquoise"
"60436","blue"
"60437","brown"
"6044","grey"
"6045","blue"
"6046","grey"
"60467","cyan"
"60468","black"
"6047","grey"
"6048","grey"
"60481","brown"
"60482","grey"
"60484","pink"
"60485","brown"
"60487","grey"
"60488","yellow"
"60489","grey"
"6049","blue"
"60490","green"
"60491","magenta"
"60492","turquoise"
"60493","grey"
"60494","blue"
"60495","grey"
"60496","blue"
"605","yellow"
"6050","grey"
"60506","grey"
"60509","green"
"6051","grey"
"60526","grey"
"60528","turquoise"
"60529","grey"
"60558","grey"
"60559","blue"
"60560","turquoise"
"60561","blue"
"6059","turquoise"
"60592","blue"
"60598","brown"
"606","grey"
"60625","grey"
"60626","brown"
"606293","grey"
"606495","turquoise"
"606500","grey"
"606551","brown"
"606553","grey"
"60672","green"
"606724","grey"
"60673","brown"
"60674","green"
"60675","grey"
"60676","grey"
"60677","grey"
"60678","brown"
"60680","yellow"
"60681","magenta"
"60682","blue"
"60684","green"
"60685","yellow"
"60686","blue"
"607","turquoise"
"6079","grey"
"608","grey"
"6080","grey"
"6081","grey"
"6082","grey"
"6083","grey"
"6084","grey"
"6085","grey"
"6086","grey"
"6090","grey"
"6091","turquoise"
"6092","blue"
"6093","turquoise"
"6094","blue"
"6095","turquoise"
"6096","blue"
"6097","grey"
"6098","blue"
"610","grey"
"6100","purple"
"6101","grey"
"6102","brown"
"6103","brown"
"611","grey"
"6117","grey"
"6118","grey"
"6119","grey"
"6120","blue"
"6121","grey"
"6122","green"
"6123","grey"
"6124","green"
"6125","green"
"6128","grey"
"6129","grey"
"613","grey"
"6130","green"
"613037","grey"
"613038","grey"
"613126","grey"
"6132","green"
"613209","grey"
"613210","grey"
"613211","grey"
"613212","blue"
"613227","grey"
"6133","grey"
"6134","green"
"6135","green"
"6136","green"
"6137","green"
"6138","yellow"
"6139","tan"
"6141","green"
"6142","green"
"6143","green"
"6144","blue"
"6146","grey"
"6147","green"
"6150","turquoise"
"6152","green"
"6154","green"
"6155","green"
"6156","green"
"6157","green"
"6158","green"
"6159","green"
"6160","green"
"6161","green"
"6164","green"
"6165","green"
"6166","green"
"6167","green"
"6168","green"
"6169","green"
"617","turquoise"
"6170","green"
"6171","yellow"
"6173","grey"
"6175","blue"
"6176","green"
"618","grey"
"6181","green"
"6182","brown"
"6183","brown"
"6184","grey"
"6185","grey"
"6187","green"
"6188","green"
"6189","grey"
"6191","green"
"619189","blue"
"619190","grey"
"6192","grey"
"619207","grey"
"619208","turquoise"
"619279","black"
"6193","green"
"619343","grey"
"619344","grey"
"619351","grey"
"619373","grey"
"619383","grey"
"6194","green"
"619423","grey"
"619434","grey"
"619455","grey"
"619498","grey"
"619499","grey"
"6195","pink"
"619505","grey"
"619518","turquoise"
"619552","grey"
"619553","grey"
"619554","grey"
"619556","grey"
"619562","grey"
"619563","grey"
"619564","grey"
"619565","grey"
"619567","turquoise"
"619568","turquoise"
"619569","grey"
"619570","grey"
"619571","grey"
"6196","grey"
"6197","green"
"6198","turquoise"
"6199","green"
"6201","green"
"6202","green"
"6203","green"
"6204","grey"
"6205","green"
"6206","blue"
"6207","green"
"6208","green"
"6209","grey"
"6210","blue"
"6217","green"
"6218","green"
"622","brown"
"6222","green"
"6223","green"
"6224","green"
"6227","green"
"6228","grey"
"6229","green"
"623","grey"
"6230","green"
"6231","grey"
"6232","grey"
"6233","green"
"6235","green"
"6236","grey"
"6237","blue"
"6238","blue"
"6239","turquoise"
"624","grey"
"6240","grey"
"6241","grey"
"6242","pink"
"6247","yellow"
"6248","grey"
"6249","green"
"6251","turquoise"
"6252","yellow"
"6253","brown"
"6256","magenta"
"6257","grey"
"6258","magenta"
"6259","brown"
"6261","magenta"
"6262","blue"
"6263","purple"
"627","blue"
"6271","magenta"
"6272","black"
"6273","green"
"6274","grey"
"6275","blue"
"6276","grey"
"6277","grey"
"6278","grey"
"6279","red"
"6280","red"
"6281","grey"
"6282","red"
"6283","grey"
"6284","magenta"
"6285","grey"
"6286","grey"
"6288","grey"
"6289","grey"
"629","red"
"6290","grey"
"6291","grey"
"6293","turquoise"
"6294","green"
"6295","grey"
"6296","grey"
"6297","grey"
"6299","turquoise"
"6300","turquoise"
"6301","brown"
"6302","blue"
"63027","blue"
"6303","grey"
"63035","grey"
"63036","grey"
"6304","blue"
"6305","grey"
"6307","blue"
"6309","turquoise"
"631","yellow"
"6310","grey"
"6311","turquoise"
"6314","brown"
"6315","grey"
"6317","grey"
"6318","grey"
"6319","black"
"632","green"
"6320","green"
"6322","turquoise"
"6323","blue"
"6324","brown"
"6326","blue"
"6327","yellow"
"6328","blue"
"6329","grey"
"633","blue"
"6330","yellow"
"6331","yellow"
"6332","blue"
"6334","yellow"
"6335","blue"
"6336","grey"
"6337","grey"
"6338","grey"
"6339","green"
"634","red"
"6340","grey"
"6341","blue"
"6342","turquoise"
"6343","green"
"6344","grey"
"6345","grey"
"6346","grey"
"6347","grey"
"6348","grey"
"6349","grey"
"635","blue"
"6351","grey"
"6352","grey"
"6354","grey"
"6355","grey"
"6356","grey"
"6357","grey"
"6358","grey"
"6359","grey"
"636","turquoise"
"6360","grey"
"6361","grey"
"6362","grey"
"6363","grey"
"6364","grey"
"6366","grey"
"6367","grey"
"6368","grey"
"6369","grey"
"637","grey"
"6370","grey"
"6372","grey"
"6373","grey"
"6374","grey"
"6375","grey"
"6376","yellow"
"638","grey"
"6382","brown"
"63826","grey"
"63827","magenta"
"6383","purple"
"6385","magenta"
"6386","turquoise"
"6387","grey"
"63874","blue"
"63875","brown"
"63876","yellow"
"63877","grey"
"6388","brown"
"6389","grey"
"63891","brown"
"63892","blue"
"63893","yellow"
"63894","grey"
"63895","black"
"63897","brown"
"63898","red"
"63899","turquoise"
"639","red"
"6390","grey"
"63901","yellow"
"63904","grey"
"63905","brown"
"63906","green"
"63908","yellow"
"6391","turquoise"
"63910","red"
"63914","grey"
"63915","brown"
"63916","turquoise"
"63917","blue"
"6392","grey"
"63920","black"
"63922","green"
"63923","grey"
"63924","grey"
"63925","grey"
"63926","green"
"63928","grey"
"63929","brown"
"63930","grey"
"63931","grey"
"63932","grey"
"63933","blue"
"63934","yellow"
"63935","grey"
"63939","blue"
"63940","blue"
"63941","brown"
"63943","turquoise"
"63946","grey"
"63947","grey"
"63948","grey"
"63950","pink"
"63951","grey"
"6396","turquoise"
"63967","yellow"
"6397","brown"
"63970","turquoise"
"63971","salmon"
"63973","grey"
"63974","blue"
"63976","magenta"
"63977","grey"
"63978","grey"
"63979","turquoise"
"6398","red"
"63982","blue"
"6399","brown"
"640","grey"
"6400","turquoise"
"64002","cyan"
"64005","red"
"6401","grey"
"6402","red"
"6403","grey"
"6404","red"
"6405","red"
"6406","grey"
"64061","brown"
"64062","turquoise"
"64063","grey"
"64064","grey"
"64065","yellow"
"64066","grey"
"64067","purple"
"6407","grey"
"64072","blue"
"64073","green"
"64077","green"
"64078","grey"
"64080","grey"
"64081","grey"
"64083","turquoise"
"64084","blue"
"64087","grey"
"64089","turquoise"
"64090","grey"
"64091","grey"
"64092","red"
"64093","blue"
"64094","grey"
"64096","yellow"
"64097","grey"
"64098","red"
"641","grey"
"64100","grey"
"64101","yellow"
"64102","grey"
"64105","grey"
"64106","turquoise"
"64108","grey"
"64109","grey"
"64110","yellow"
"64111","grey"
"64112","yellow"
"64114","red"
"64115","blue"
"64116","turquoise"
"64118","green"
"64121","turquoise"
"64122","turquoise"
"64123","turquoise"
"64127","red"
"64129","red"
"641298","grey"
"64130","brown"
"64131","turquoise"
"641311","grey"
"64132","turquoise"
"641339","turquoise"
"64135","brown"
"641364","turquoise"
"641365","grey"
"641367","grey"
"64137","yellow"
"641371","grey"
"641372","grey"
"641373","grey"
"641384","grey"
"6414","black"
"64145","grey"
"641451","grey"
"64146","brown"
"641467","blue"
"64147","brown"
"64149","yellow"
"6415","green"
"64150","grey"
"64151","turquoise"
"641515","grey"
"641516","grey"
"641517","grey"
"641518","turquoise"
"6416","blue"
"641638","green"
"641648","grey"
"641649","brown"
"641654","blue"
"64167","grey"
"64168","blue"
"64170","red"
"641700","grey"
"641702","grey"
"64172","brown"
"641737","turquoise"
"64174","blue"
"641746","grey"
"64175","green"
"6418","grey"
"64180","grey"
"64184","grey"
"6419","grey"
"641977","green"
"642","turquoise"
"642006","grey"
"64207","turquoise"
"64208","magenta"
"6421","grey"
"64210","grey"
"64211","grey"
"64215","grey"
"64216","blue"
"64218","brown"
"64219","blue"
"6422","black"
"64220","grey"
"64221","blue"
"64222","grey"
"64223","brown"
"642236","grey"
"64224","brown"
"642249","grey"
"64225","blue"
"642273","grey"
"642280","grey"
"6423","grey"
"64231","red"
"642345","blue"
"64236","blue"
"642361","grey"
"642366","grey"
"642394","grey"
"6424","yellow"
"64240","blue"
"642402","grey"
"64241","yellow"
"642441","grey"
"642446","grey"
"642475","green"
"642477","grey"
"642484","grey"
"6425","grey"
"642517","grey"
"642559","grey"
"642587","grey"
"642597","blue"
"6426","turquoise"
"642612","cyan"
"642623","grey"
"642633","grey"
"642636","grey"
"642648","grey"
"642658","green"
"642696","grey"
"6427","grey"
"642757","grey"
"642778","grey"
"642799","grey"
"6428","grey"
"642819","grey"
"64282","blue"
"642826","grey"
"64283","yellow"
"64284","turquoise"
"642843","turquoise"
"642846","grey"
"64285","blue"
"642852","grey"
"642864","grey"
"64288","grey"
"6429","grey"
"642924","grey"
"642929","grey"
"642934","grey"
"642938","blue"
"642943","grey"
"642946","grey"
"642968","yellow"
"642976","blue"
"642987","green"
"643","green"
"6430","grey"
"643008","pink"
"643036","grey"
"643037","grey"
"643072","grey"
"6431","grey"
"643155","turquoise"
"643160","grey"
"643161","grey"
"64318","brown"
"643180","grey"
"64319","blue"
"6432","grey"
"64320","brown"
"643201","grey"
"64321","grey"
"643210","grey"
"643224","brown"
"643226","grey"
"643236","grey"
"64324","turquoise"
"643246","turquoise"
"643253","grey"
"64326","blue"
"64327","blue"
"64328","turquoise"
"6433","green"
"643311","grey"
"643314","turquoise"
"64332","red"
"643327","pink"
"64333","red"
"643332","red"
"643338","brown"
"643339","grey"
"643355","brown"
"643365","grey"
"643376","grey"
"643382","blue"
"643387","grey"
"643394","grey"
"6434","turquoise"
"643401","grey"
"643406","grey"
"643414","grey"
"643418","grey"
"64342","blue"
"64343","turquoise"
"643432","blue"
"64344","magenta"
"643441","grey"
"643486","grey"
"643529","grey"
"643542","grey"
"64359","magenta"
"643596","grey"
"643623","grey"
"643641","yellow"
"643648","grey"
"643650","grey"
"643664","grey"
"643669","green"
"643677","grey"
"643680","grey"
"643699","grey"
"643707","grey"
"643711","grey"
"643714","grey"
"643719","turquoise"
"643723","grey"
"643733","green"
"64374","turquoise"
"643749","blue"
"64375","grey"
"64376","turquoise"
"643763","purple"
"64377","brown"
"643770","grey"
"643783","green"
"643797","grey"
"643802","grey"
"643827","grey"
"643834","grey"
"643836","turquoise"
"643837","blue"
"643847","grey"
"643853","turquoise"
"643854","grey"
"64386","grey"
"643866","grey"
"64388","yellow"
"6439","grey"
"643904","grey"
"643905","grey"
"643911","grey"
"643923","grey"
"64393","blue"
"64395","turquoise"
"643955","grey"
"64396","grey"
"643965","black"
"64397","turquoise"
"643977","blue"
"64398","turquoise"
"643988","brown"
"64399","black"
"644","brown"
"6440","green"
"64400","blue"
"644019","grey"
"64403","grey"
"644041","grey"
"64405","yellow"
"644050","grey"
"644068","green"
"64407","red"
"644070","blue"
"644076","grey"
"644083","grey"
"644086","grey"
"64409","yellow"
"644090","grey"
"644093","grey"
"644096","turquoise"
"6441","brown"
"64410","grey"
"644100","grey"
"64411","red"
"64412","turquoise"
"644128","green"
"644135","grey"
"644139","grey"
"644145","grey"
"644150","yellow"
"644165","grey"
"644168","grey"
"64417","turquoise"
"644172","grey"
"64418","turquoise"
"644186","grey"
"644189","blue"
"64419","green"
"644192","grey"
"6442","yellow"
"64420","blue"
"64421","brown"
"64422","brown"
"64423","pink"
"644242","yellow"
"644246","grey"
"644248","grey"
"644249","grey"
"64425","grey"
"64426","pink"
"64427","blue"
"644277","grey"
"64428","brown"
"64429","grey"
"6443","turquoise"
"64430","turquoise"
"64431","blue"
"644314","grey"
"644316","grey"
"64432","blue"
"64433","grey"
"64434","brown"
"644353","yellow"
"6444","brown"
"644414","grey"
"644444","grey"
"64446","grey"
"6445","blue"
"644511","grey"
"644524","grey"
"644538","grey"
"644554","turquoise"
"644591","grey"
"644596","yellow"
"6446","black"
"644619","grey"
"644623","grey"
"644634","grey"
"644649","yellow"
"644656","blue"
"644660","turquoise"
"644662","brown"
"644669","grey"
"644672","grey"
"644694","grey"
"6447","yellow"
"644714","turquoise"
"644717","grey"
"644759","grey"
"644762","grey"
"644767","grey"
"64478","blue"
"644794","green"
"6448","greenyellow"
"644809","grey"
"644815","turquoise"
"644838","grey"
"644844","grey"
"644861","grey"
"644873","grey"
"644890","grey"
"6449","green"
"644903","grey"
"644919","grey"
"64493","grey"
"644936","grey"
"644943","grey"
"644945","grey"
"644961","grey"
"644962","grey"
"644974","grey"
"64499","grey"
"644990","grey"
"644994","grey"
"644997","grey"
"645","turquoise"
"6450","grey"
"645027","grey"
"645030","grey"
"645037","grey"
"64506","grey"
"645079","grey"
"645090","grey"
"6451","turquoise"
"645104","grey"
"645121","turquoise"
"645158","tan"
"645166","grey"
"645177","grey"
"64518","green"
"645188","grey"
"645191","grey"
"6452","blue"
"645202","grey"
"645206","grey"
"645212","grey"
"645249","grey"
"6453","turquoise"
"645321","green"
"645323","purple"
"645332","grey"
"645339","grey"
"645355","grey"
"645367","grey"
"645369","grey"
"645402","grey"
"645414","grey"
"645425","grey"
"645426","grey"
"645431","grey"
"645432","grey"
"645434","grey"
"645455","grey"
"645460","brown"
"645485","grey"
"6455","turquoise"
"645513","grey"
"645528","grey"
"645553","grey"
"645591","grey"
"6456","yellow"
"645638","grey"
"645644","grey"
"645676","grey"
"645682","grey"
"645683","grey"
"645687","grey"
"6457","grey"
"645700","blue"
"645745","grey"
"645752","grey"
"645769","grey"
"64577","grey"
"645784","yellow"
"64579","grey"
"6458","turquoise"
"64581","red"
"645811","blue"
"64582","grey"
"645832","grey"
"645840","grey"
"645843","grey"
"645864","grey"
"645884","grey"
"6459","grey"
"64591","grey"
"645922","grey"
"645949","grey"
"64595","grey"
"645954","grey"
"645958","grey"
"645961","grey"
"645967","grey"
"645974","yellow"
"64598","green"
"64599","blue"
"645996","grey"
"646","grey"
"64600","grey"
"64601","turquoise"
"646019","grey"
"646021","grey"
"646023","green"
"646024","grey"
"646034","grey"
"646074","grey"
"646096","grey"
"6461","pink"
"646113","grey"
"646127","turquoise"
"646168","grey"
"646174","grey"
"6462","grey"
"646201","grey"
"646214","grey"
"646241","yellow"
"646243","grey"
"646262","grey"
"646268","grey"
"646278","grey"
"646282","grey"
"646300","grey"
"646324","grey"
"646329","yellow"
"646396","grey"
"6464","red"
"646405","yellow"
"64641","grey"
"646424","grey"
"64645","turquoise"
"646450","grey"
"646457","grey"
"646471","turquoise"
"646480","grey"
"646486","grey"
"646498","grey"
"64651","red"
"646513","grey"
"646522","grey"
"646567","grey"
"646576","pink"
"646588","grey"
"646600","grey"
"646603","grey"
"646625","grey"
"646626","grey"
"646627","brown"
"64663","grey"
"646643","grey"
"646652","grey"
"646658","grey"
"646670","grey"
"646719","grey"
"646730","grey"
"646736","grey"
"646754","grey"
"646762","grey"
"646799","grey"
"6468","lightcyan"
"646802","grey"
"646813","grey"
"646817","grey"
"64682","green"
"646851","grey"
"646862","grey"
"64689","grey"
"646892","grey"
"6469","grey"
"646903","grey"
"646915","grey"
"64693","turquoise"
"646938","grey"
"646960","grey"
"646962","grey"
"646976","grey"
"646982","grey"
"64699","grey"
"6470","grey"
"647012","grey"
"647024","grey"
"647033","grey"
"647042","grey"
"647044","grey"
"647060","grey"
"64708","turquoise"
"647087","grey"
"64710","turquoise"
"647107","grey"
"64711","grey"
"647121","grey"
"647135","turquoise"
"64714","turquoise"
"647166","grey"
"647174","grey"
"64718","turquoise"
"647190","grey"
"6472","green"
"647215","grey"
"647219","grey"
"647286","grey"
"647288","grey"
"6473","grey"
"647309","grey"
"647310","grey"
"647323","grey"
"64735","grey"
"6474","grey"
"64743","brown"
"64744","yellow"
"64745","green"
"64746","turquoise"
"64747","turquoise"
"647476","grey"
"64748","brown"
"64750","turquoise"
"64753","brown"
"64754","yellow"
"64755","greenyellow"
"64756","grey"
"64757","grey"
"647589","grey"
"64759","magenta"
"6476","grey"
"64760","blue"
"64761","blue"
"64762","brown"
"64763","grey"
"64764","brown"
"64766","brown"
"64768","grey"
"64769","blue"
"6477","grey"
"64770","turquoise"
"64771","brown"
"64772","blue"
"64773","green"
"64776","grey"
"64777","brown"
"64778","turquoise"
"64779","grey"
"6478","grey"
"64780","blue"
"64781","grey"
"64782","blue"
"64783","grey"
"64784","black"
"64785","grey"
"647859","grey"
"64786","black"
"64787","grey"
"64788","green"
"64789","grey"
"64792","greenyellow"
"64793","black"
"64794","blue"
"647946","blue"
"64795","turquoise"
"647979","blue"
"64798","black"
"64799","grey"
"648","turquoise"
"6480","red"
"64800","grey"
"64801","blue"
"64802","grey"
"648044","grey"
"64805","red"
"64806","grey"
"64816","grey"
"6482","grey"
"6483","brown"
"64834","pink"
"64837","yellow"
"64838","brown"
"64839","blue"
"6484","purple"
"64840","brown"
"64841","blue"
"64843","grey"
"64844","turquoise"
"64847","turquoise"
"64848","turquoise"
"64849","pink"
"64850","purple"
"64852","blue"
"64853","turquoise"
"64854","turquoise"
"64855","blue"
"64856","pink"
"64857","red"
"64858","brown"
"64859","red"
"64860","blue"
"64863","turquoise"
"64864","turquoise"
"64866","red"
"648691","grey"
"6487","brown"
"648740","grey"
"648761","grey"
"648791","grey"
"648809","grey"
"64881","blue"
"6489","blue"
"64895","turquoise"
"64897","yellow"
"648987","yellow"
"649","blue"
"6490","grey"
"64900","blue"
"64901","grey"
"64902","grey"
"6491","turquoise"
"649133","grey"
"649179","grey"
"64919","yellow"
"6492","grey"
"64921","blue"
"64922","grey"
"64924","turquoise"
"64925","grey"
"64926","red"
"649264","grey"
"64927","blue"
"64928","brown"
"6493","grey"
"649305","grey"
"649330","grey"
"649352","grey"
"649395","grey"
"6494","blue"
"64940","grey"
"64943","blue"
"649446","grey"
"64946","grey"
"64949","brown"
"6495","grey"
"64951","brown"
"6496","grey"
"64960","turquoise"
"64963","brown"
"64965","brown"
"64968","tan"
"64969","green"
"6497","grey"
"64975","brown"
"64976","turquoise"
"64978","brown"
"64979","brown"
"6498","turquoise"
"64981","grey"
"64983","yellow"
"6499","grey"
"649946","turquoise"
"650","brown"
"6500","blue"
"65003","turquoise"
"65005","brown"
"65008","yellow"
"65009","yellow"
"65010","blue"
"65012","yellow"
"650157","grey"
"65018","brown"
"6502","turquoise"
"650226","grey"
"650293","grey"
"6503","red"
"650368","grey"
"6504","grey"
"6505","green"
"65055","yellow"
"65056","grey"
"65057","green"
"65059","blue"
"6506","purple"
"65061","grey"
"65062","blue"
"650623","turquoise"
"65065","turquoise"
"650655","grey"
"650669","red"
"6507","purple"
"65072","turquoise"
"65078","brown"
"650794","grey"
"6508","brown"
"65080","grey"
"65082","grey"
"65083","grey"
"65084","blue"
"6509","brown"
"65094","greenyellow"
"65095","green"
"651","grey"
"6510","red"
"65108","pink"
"65109","grey"
"6511","yellow"
"65110","grey"
"65117","turquoise"
"6512","grey"
"65121","grey"
"65123","turquoise"
"65124","turquoise"
"65125","salmon"
"6513","red"
"651302","grey"
"6514","grey"
"651430","grey"
"6515","grey"
"6517","magenta"
"651746","blue"
"6518","red"
"6519","green"
"651959","grey"
"652","grey"
"6520","blue"
"6521","grey"
"65217","turquoise"
"6522","blue"
"65220","grey"
"652276","grey"
"6523","grey"
"652301","grey"
"6524","grey"
"65243","blue"
"65244","yellow"
"65249","grey"
"6525","tan"
"65250","green"
"65251","brown"
"65258","blue"
"6526","green"
"65260","blue"
"65263","brown"
"65264","grey"
"65265","grey"
"65266","blue"
"65267","turquoise"
"65268","brown"
"6527","grey"
"6528","grey"
"6529","purple"
"652965","turquoise"
"652966","grey"
"652968","magenta"
"652972","grey"
"652991","grey"
"652995","grey"
"653","grey"
"6530","grey"
"653061","grey"
"653073","grey"
"653075","grey"
"653082","grey"
"6531","grey"
"653113","grey"
"653121","grey"
"653123","grey"
"653125","grey"
"653140","grey"
"653145","grey"
"653149","grey"
"653160","greenyellow"
"653162","grey"
"653166","grey"
"653188","grey"
"653190","grey"
"653192","grey"
"6532","grey"
"653238","grey"
"653247","grey"
"653252","turquoise"
"653268","grey"
"653269","grey"
"653275","grey"
"6533","turquoise"
"653308","yellow"
"653316","yellow"
"653319","brown"
"653333","grey"
"653361","red"
"653390","grey"
"653399","grey"
"6534","yellow"
"653404","grey"
"653423","grey"
"653427","grey"
"653437","grey"
"653464","turquoise"
"653479","grey"
"653483","grey"
"653486","grey"
"653489","grey"
"653492","grey"
"653499","grey"
"6535","pink"
"653505","grey"
"653509","grey"
"653513","grey"
"653519","brown"
"653562","grey"
"653567","grey"
"653583","blue"
"653598","grey"
"6536","pink"
"653602","blue"
"653604","grey"
"653606","grey"
"653619","grey"
"653635","grey"
"653641","grey"
"653643","grey"
"653645","grey"
"653653","brown"
"653657","grey"
"653659","grey"
"653677","brown"
"653687","grey"
"653689","grey"
"653691","grey"
"653712","grey"
"653720","grey"
"653781","grey"
"653784","brown"
"653786","grey"
"6538","turquoise"
"653808","grey"
"653820","grey"
"653857","yellow"
"6539","blue"
"654","blue"
"6540","grey"
"6541","turquoise"
"6542","grey"
"654231","grey"
"654254","grey"
"6543","yellow"
"654319","grey"
"654320","grey"
"654321","grey"
"654322","grey"
"654342","grey"
"654346","grey"
"654348","cyan"
"654364","brown"
"654412","grey"
"654429","yellow"
"654433","grey"
"654434","turquoise"
"654463","blue"
"654466","grey"
"654483","grey"
"6545","yellow"
"654502","blue"
"6546","blue"
"6547","yellow"
"654790","yellow"
"6548","brown"
"654816","grey"
"654817","grey"
"654841","grey"
"6549","grey"
"655","magenta"
"6550","grey"
"6553","brown"
"6554","grey"
"6555","grey"
"6556","red"
"6557","blue"
"6558","black"
"6559","grey"
"656","brown"
"6560","yellow"
"6561","grey"
"6563","grey"
"6564","grey"
"6565","purple"
"6566","brown"
"6567","grey"
"6568","grey"
"6569","grey"
"657","turquoise"
"6570","grey"
"6571","turquoise"
"6572","grey"
"6573","grey"
"6574","yellow"
"6575","grey"
"6576","green"
"6578","grey"
"6579","pink"
"658","purple"
"6580","grey"
"6581","turquoise"
"6582","grey"
"6583","grey"
"6584","grey"
"6585","yellow"
"6586","yellow"
"6588","yellow"
"659","blue"
"6590","grey"
"6591","turquoise"
"6594","blue"
"6595","blue"
"6596","green"
"6597","greenyellow"
"65975","grey"
"65977","turquoise"
"65979","yellow"
"6598","turquoise"
"65980","green"
"65981","blue"
"65982","brown"
"65983","brown"
"65985","yellow"
"65986","turquoise"
"65987","grey"
"65988","brown"
"65989","brown"
"6599","salmon"
"65990","brown"
"65991","green"
"65992","brown"
"65993","brown"
"65996","grey"
"65997","yellow"
"65998","yellow"
"65999","grey"
"660","grey"
"66000","pink"
"66002","grey"
"66004","yellow"
"66005","turquoise"
"66008","salmon"
"6601","midnightblue"
"6602","blue"
"6603","blue"
"66035","brown"
"66036","blue"
"66037","grey"
"6604","brown"
"6605","yellow"
"6606","grey"
"6607","grey"
"6608","magenta"
"6609","turquoise"
"661","grey"
"6610","turquoise"
"6611","grey"
"6612","brown"
"6613","grey"
"6614","grey"
"6615","blue"
"6616","yellow"
"6617","turquoise"
"6618","brown"
"6619","blue"
"662","turquoise"
"6620","yellow"
"6621","turquoise"
"6622","yellow"
"6623","brown"
"6624","grey"
"6625","green"
"6626","green"
"6627","turquoise"
"6628","grey"
"6629","grey"
"663","turquoise"
"6631","turquoise"
"6632","grey"
"6633","brown"
"6634","grey"
"6635","grey"
"6636","turquoise"
"6637","green"
"6638","yellow"
"664","yellow"
"6640","magenta"
"6641","brown"
"6642","black"
"6643","green"
"6645","turquoise"
"6646","red"
"664612","grey"
"664613","grey"
"664614","grey"
"664615","grey"
"664616","grey"
"664617","grey"
"664618","grey"
"6647","grey"
"664701","turquoise"
"664709","grey"
"6648","grey"
"6649","magenta"
"665","turquoise"
"6650","green"
"6651","brown"
"6652","turquoise"
"6653","turquoise"
"6654","turquoise"
"6655","salmon"
"6656","grey"
"6657","purple"
"6658","grey"
"6659","grey"
"666","pink"
"6660","turquoise"
"6662","purple"
"6663","pink"
"6664","grey"
"6665","turquoise"
"6666","blue"
"6667","yellow"
"6668","brown"
"667","brown"
"6670","turquoise"
"6671","turquoise"
"6672","red"
"6674","grey"
"6675","blue"
"6676","turquoise"
"6677","grey"
"6678","yellow"
"668","red"
"6683","turquoise"
"6687","brown"
"6688","red"
"6689","grey"
"669","blue"
"6690","grey"
"6691","grey"
"6692","red"
"6693","red"
"6694","grey"
"6695","black"
"6696","black"
"6697","tan"
"6698","grey"
"670","brown"
"6700","grey"
"6701","grey"
"6703","grey"
"6704","grey"
"6705","grey"
"6706","grey"
"6707","grey"
"6708","grey"
"6709","yellow"
"671","grey"
"6710","yellow"
"6711","turquoise"
"6712","yellow"
"6713","black"
"6714","yellow"
"6715","blue"
"6716","grey"
"6717","purple"
"6718","grey"
"6719","grey"
"672","brown"
"6720","grey"
"6721","yellow"
"6722","brown"
"6723","turquoise"
"6725","grey"
"6726","grey"
"6727","grey"
"6728","yellow"
"6729","brown"
"673","blue"
"6730","brown"
"6731","green"
"6732","blue"
"6733","turquoise"
"6734","grey"
"6736","grey"
"6737","red"
"6738","turquoise"
"6741","grey"
"6742","yellow"
"6744","salmon"
"6745","turquoise"
"6746","green"
"6747","grey"
"6748","green"
"6749","grey"
"675","brown"
"6750","yellow"
"6751","blue"
"6752","yellow"
"6753","yellow"
"6754","blue"
"6755","grey"
"6758","grey"
"676","grey"
"6760","brown"
"6764","blue"
"6767","turquoise"
"6768","red"
"6769","grey"
"677","brown"
"6770","yellow"
"6772","green"
"6773","pink"
"6774","red"
"6775","yellow"
"6776","blue"
"677679","grey"
"677681","grey"
"6777","yellow"
"677763","grey"
"677765","grey"
"677766","grey"
"677767","grey"
"677768","grey"
"677769","green"
"677770","grey"
"677771","grey"
"677772","grey"
"677773","grey"
"677774","grey"
"677775","grey"
"677776","grey"
"677777","tan"
"677778","turquoise"
"677779","grey"
"677780","grey"
"677781","grey"
"677784","grey"
"677792","turquoise"
"677793","grey"
"677794","grey"
"677795","grey"
"677796","grey"
"677797","grey"
"677798","grey"
"677799","grey"
"6778","red"
"677800","grey"
"677801","grey"
"677802","grey"
"677803","grey"
"677804","grey"
"677805","grey"
"677806","grey"
"677807","grey"
"677808","grey"
"677809","grey"
"677810","grey"
"677811","grey"
"677812","grey"
"677813","grey"
"677814","grey"
"677815","grey"
"677816","grey"
"677817","grey"
"677818","grey"
"677819","grey"
"677820","grey"
"677821","grey"
"677822","turquoise"
"677823","grey"
"677824","grey"
"677825","grey"
"677826","grey"
"677827","grey"
"677828","grey"
"677829","grey"
"677830","grey"
"677831","grey"
"677832","grey"
"677833","grey"
"677834","grey"
"677835","grey"
"677836","grey"
"677837","grey"
"677838","grey"
"677839","grey"
"677840","grey"
"677841","grey"
"677842","grey"
"677843","grey"
"677844","green"
"677845","grey"
"677846","grey"
"677847","turquoise"
"677848","grey"
"677849","grey"
"677850","grey"
"677882","grey"
"677885","grey"
"6779","grey"
"678","red"
"6780","grey"
"6781","red"
"6782","turquoise"
"6783","grey"
"6785","blue"
"6786","yellow"
"678655","grey"
"6787","turquoise"
"6788","brown"
"6789","turquoise"
"6790","grey"
"6791","grey"
"6792","blue"
"6793","red"
"6794","green"
"6795","green"
"6799","grey"
"680","grey"
"6801","turquoise"
"6804","yellow"
"6809","grey"
"6810","green"
"6811","turquoise"
"6812","yellow"
"6813","red"
"6814","black"
"6815","turquoise"
"6817","brown"
"6818","grey"
"6819","grey"
"682","black"
"6820","grey"
"6821","grey"
"6822","grey"
"6827","brown"
"6829","green"
"683","yellow"
"6830","blue"
"6832","brown"
"6833","brown"
"6834","green"
"6835","turquoise"
"6836","grey"
"6837","green"
"6838","turquoise"
"6839","turquoise"
"684","blue"
"6840","turquoise"
"6843","yellow"
"6844","yellow"
"6845","turquoise"
"6846","grey"
"6847","grey"
"684959","grey"
"685","blue"
"6850","red"
"6853","yellow"
"6854","yellow"
"6855","yellow"
"6856","brown"
"6857","yellow"
"686","black"
"6860","yellow"
"6861","yellow"
"6862","grey"
"6863","yellow"
"6865","brown"
"6866","yellow"
"6867","turquoise"
"6868","turquoise"
"6869","yellow"
"687","grey"
"6870","black"
"6871","grey"
"6872","turquoise"
"6873","turquoise"
"6874","brown"
"6875","blue"
"6876","grey"
"6877","grey"
"6878","brown"
"6879","grey"
"688","blue"
"6880","blue"
"6881","green"
"6882","grey"
"6883","grey"
"6884","turquoise"
"6885","turquoise"
"6886","red"
"6887","grey"
"6888","green"
"689","grey"
"6890","red"
"6891","red"
"6892","green"
"6894","tan"
"6895","green"
"6897","greenyellow"
"6898","grey"
"6899","grey"
"690","grey"
"6900","pink"
"6901","green"
"6902","grey"
"6903","yellow"
"6904","turquoise"
"6905","brown"
"6906","grey"
"6907","magenta"
"6908","grey"
"6909","blue"
"6910","grey"
"6911","green"
"6913","turquoise"
"6915","blue"
"6916","red"
"6917","grey"
"6919","brown"
"6920","grey"
"692053","grey"
"692057","turquoise"
"692058","grey"
"692063","grey"
"692072","blue"
"692073","grey"
"692075","grey"
"692076","grey"
"692084","grey"
"692085","grey"
"692086","grey"
"692087","grey"
"692088","grey"
"692089","grey"
"692090","grey"
"692091","grey"
"692092","grey"
"692093","turquoise"
"692094","turquoise"
"692099","grey"
"6921","yellow"
"692106","grey"
"692107","grey"
"692108","grey"
"692109","grey"
"692110","grey"
"692111","grey"
"692148","grey"
"692149","grey"
"692157","grey"
"692158","turquoise"
"692195","grey"
"692196","grey"
"692197","grey"
"692198","grey"
"692199","turquoise"
"692200","grey"
"692201","tan"
"692202","grey"
"692203","grey"
"692204","grey"
"692205","grey"
"692206","grey"
"692207","grey"
"692208","grey"
"692209","grey"
"692210","grey"
"692211","grey"
"692212","blue"
"692213","grey"
"692214","grey"
"692215","grey"
"692223","turquoise"
"692224","grey"
"692225","grey"
"692226","grey"
"692227","green"
"692229","grey"
"692233","grey"
"6923","green"
"692312","green"
"6924","blue"
"6925","turquoise"
"6926","turquoise"
"6927","brown"
"6928","grey"
"6929","blue"
"693120","grey"
"693121","grey"
"693122","grey"
"693124","grey"
"693127","grey"
"693128","grey"
"693129","grey"
"693130","grey"
"693131","grey"
"693132","grey"
"693134","grey"
"693135","grey"
"693137","grey"
"693138","grey"
"693139","grey"
"693140","turquoise"
"693141","grey"
"693143","grey"
"693144","grey"
"693146","grey"
"693147","grey"
"693148","grey"
"693149","grey"
"693151","grey"
"693152","grey"
"693153","brown"
"693154","grey"
"693155","grey"
"693156","grey"
"693158","grey"
"693159","grey"
"693160","grey"
"693161","grey"
"693162","grey"
"693163","grey"
"693164","grey"
"693165","grey"
"693166","grey"
"693167","grey"
"693169","grey"
"693173","grey"
"693174","grey"
"693175","turquoise"
"693176","grey"
"693177","grey"
"693178","grey"
"693180","grey"
"693181","grey"
"693182","grey"
"693183","grey"
"693184","grey"
"693185","blue"
"693186","grey"
"693187","grey"
"693189","grey"
"693190","grey"
"693192","grey"
"693193","grey"
"693194","grey"
"693196","grey"
"693197","grey"
"693198","grey"
"693199","grey"
"6932","yellow"
"693201","grey"
"693203","grey"
"693204","grey"
"693205","grey"
"693206","grey"
"693208","grey"
"693209","grey"
"693210","grey"
"693211","grey"
"693212","grey"
"693213","blue"
"693214","grey"
"693215","grey"
"693216","grey"
"693217","grey"
"693218","grey"
"693219","grey"
"693220","grey"
"693221","grey"
"693222","grey"
"693223","grey"
"693224","grey"
"693225","grey"
"693226","turquoise"
"693227","grey"
"693228","grey"
"693230","grey"
"693231","grey"
"693232","grey"
"693233","grey"
"693234","grey"
"693235","grey"
"6934","purple"
"6935","turquoise"
"6936","grey"
"6938","brown"
"6939","blue"
"694","grey"
"6940","grey"
"6941","yellow"
"6942","grey"
"6943","grey"
"6944","brown"
"6945","tan"
"6947","grey"
"6948","grey"
"6949","purple"
"695","red"
"6950","greenyellow"
"6953","grey"
"6954","grey"
"696","grey"
"6975","grey"
"6988","turquoise"
"699","grey"
"6990","blue"
"6991","yellow"
"6992","turquoise"
"6993","blue"
"6996","turquoise"
"6997","grey"
"6998","grey"
"6999","blue"
"70","brown"
"7001","brown"
"7003","brown"
"7004","red"
"7005","red"
"7006","grey"
"7007","grey"
"7008","brown"
"7009","red"
"701","grey"
"7010","turquoise"
"7011","turquoise"
"7012","grey"
"7013","turquoise"
"7014","yellow"
"7015","grey"
"7016","brown"
"7018","pink"
"7019","turquoise"
"7020","grey"
"7021","grey"
"7022","magenta"
"7023","green"
"7024","grey"
"7025","grey"
"7026","turquoise"
"7027","grey"
"7029","grey"
"7030","tan"
"7031","grey"
"7032","grey"
"7033","grey"
"7035","brown"
"7036","brown"
"7037","turquoise"
"7038","grey"
"7039","black"
"7040","red"
"7041","blue"
"7042","purple"
"7043","lightcyan"
"7044","grey"
"7045","red"
"7046","red"
"7047","grey"
"7048","turquoise"
"7049","purple"
"705","brown"
"7050","yellow"
"7051","green"
"7052","red"
"7053","grey"
"7054","grey"
"7056","red"
"7057","red"
"7058","black"
"7059","turquoise"
"706","blue"
"7060","grey"
"7062","yellow"
"7064","brown"
"7066","brown"
"7067","grey"
"7068","blue"
"7069","grey"
"7070","yellow"
"7071","red"
"7072","turquoise"
"7073","greenyellow"
"7074","yellow"
"7075","red"
"7076","blue"
"7077","grey"
"7078","grey"
"7079","grey"
"708","grey"
"7080","grey"
"7082","turquoise"
"7083","grey"
"7084","magenta"
"7086","grey"
"7087","yellow"
"7088","grey"
"7089","green"
"7090","tan"
"7091","black"
"7092","blue"
"7093","magenta"
"7094","yellow"
"7095","turquoise"
"7096","red"
"7097","red"
"7098","red"
"7099","turquoise"
"71","grey"
"710","red"
"7100","red"
"7101","purple"
"7102","yellow"
"7103","black"
"7104","grey"
"7105","brown"
"7106","blue"
"7107","purple"
"7108","green"
"7109","turquoise"
"711","grey"
"7110","turquoise"
"7111","yellow"
"7112","turquoise"
"7113","grey"
"7114","green"
"712","red"
"7122","blue"
"7123","grey"
"7124","grey"
"7125","turquoise"
"7126","grey"
"7127","grey"
"7128","red"
"713","red"
"7130","grey"
"7132","red"
"7133","red"
"7134","turquoise"
"7135","grey"
"7136","grey"
"7137","grey"
"7138","black"
"7139","brown"
"714","red"
"7140","grey"
"7141","grey"
"7142","grey"
"7143","turquoise"
"7145","yellow"
"7146","grey"
"7148","turquoise"
"715","red"
"7150","green"
"7151","turquoise"
"7152","grey"
"7153","grey"
"7155","green"
"7156","grey"
"7157","red"
"7158","grey"
"7159","purple"
"716","red"
"7161","blue"
"7162","grey"
"7163","blue"
"7164","magenta"
"7165","green"
"7166","grey"
"7167","brown"
"7168","black"
"7169","blue"
"717","red"
"7170","brown"
"7171","grey"
"7172","yellow"
"7173","grey"
"7174","brown"
"7175","turquoise"
"7177","grey"
"7178","tan"
"7179","grey"
"718","red"
"7180","grey"
"7181","blue"
"7182","turquoise"
"7184","greenyellow"
"7185","pink"
"7186","green"
"7187","grey"
"7188","grey"
"7189","grey"
"719","red"
"7190","greenyellow"
"72","grey"
"720","grey"
"7200","grey"
"7201","grey"
"7203","grey"
"7204","grey"
"7205","magenta"
"721","grey"
"7216","yellow"
"722","grey"
"7220","tan"
"7221","grey"
"7222","grey"
"7223","grey"
"7224","blue"
"7225","grey"
"7226","brown"
"7227","turquoise"
"723778","grey"
"723790","grey"
"723805","grey"
"723809","grey"
"723961","grey"
"723972","grey"
"724023","cyan"
"724024","grey"
"724025","grey"
"724026","grey"
"724027","black"
"724028","grey"
"724029","grey"
"724031","grey"
"724032","grey"
"724087","grey"
"724102","turquoise"
"7247","blue"
"7248","turquoise"
"7249","grey"
"725","grey"
"7251","grey"
"7252","grey"
"7253","grey"
"7257","blue"
"7259","blue"
"726","brown"
"7260","brown"
"7262","grey"
"7263","green"
"7264","green"
"7265","brown"
"7266","pink"
"7267","yellow"
"7268","turquoise"
"727","grey"
"7270","grey"
"7272","grey"
"7273","turquoise"
"7274","purple"
"7275","pink"
"7276","grey"
"727676","grey"
"727677","grey"
"727684","grey"
"727699","grey"
"7277","yellow"
"727708","grey"
"727710","grey"
"727751","grey"
"727758","grey"
"727764","grey"
"7278","grey"
"727800","brown"
"727832","grey"
"727851","grey"
"727857","yellow"
"727866","grey"
"727896","greenyellow"
"727897","grey"
"727910","grey"
"727915","grey"
"727924","grey"
"727936","grey"
"727940","grey"
"727956","turquoise"
"727957","brown"
"727978","grey"
"727982","grey"
"727993","grey"
"728","red"
"7280","yellow"
"728012","grey"
"728024","grey"
"728026","grey"
"728039","grey"
"728040","grey"
"728047","grey"
"728053","grey"
"728066","grey"
"728081","grey"
"728084","blue"
"728095","grey"
"728096","grey"
"728113","grey"
"728114","grey"
"728116","turquoise"
"728118","grey"
"728127","turquoise"
"728130","grey"
"728158","black"
"728175","grey"
"728190","grey"
"728192","yellow"
"728194","grey"
"728215","blue"
"728218","grey"
"728224","grey"
"728228","grey"
"728229","grey"
"728233","grey"
"728239","grey"
"728255","grey"
"728262","grey"
"728264","green"
"728269","grey"
"728276","grey"
"728279","grey"
"728283","blue"
"728290","grey"
"728294","green"
"728299","grey"
"7283","brown"
"728310","grey"
"728323","turquoise"
"728339","grey"
"728340","grey"
"728342","grey"
"728343","grey"
"728358","grey"
"728361","green"
"728377","grey"
"728378","grey"
"728392","brown"
"7284","brown"
"728402","grey"
"728407","turquoise"
"728409","grey"
"728411","grey"
"728419","grey"
"728431","blue"
"728441","grey"
"728448","grey"
"728450","grey"
"728463","grey"
"728464","turquoise"
"728485","yellow"
"728489","turquoise"
"728492","grey"
"728495","grey"
"728498","grey"
"728524","grey"
"728537","green"
"728554","grey"
"728558","turquoise"
"728568","brown"
"728577","grey"
"728586","grey"
"728588","grey"
"728591","grey"
"728597","grey"
"7286","yellow"
"728606","brown"
"728609","grey"
"728613","grey"
"728619","grey"
"728621","grey"
"728622","blue"
"728635","grey"
"728637","grey"
"728640","grey"
"728642","blue"
"728643","grey"
"728655","grey"
"728656","grey"
"728658","green"
"728661","turquoise"
"728673","grey"
"728689","grey"
"728695","grey"
"7287","grey"
"728712","cyan"
"728715","grey"
"728716","grey"
"728723","grey"
"728724","grey"
"728728","grey"
"728730","blue"
"728734","grey"
"728739","blue"
"728741","grey"
"728743","brown"
"728747","grey"
"728752","grey"
"728755","grey"
"728758","grey"
"728763","grey"
"728769","greenyellow"
"728773","grey"
"728780","grey"
"728798","yellow"
"7288","grey"
"728805","grey"
"728806","grey"
"728819","grey"
"728833","grey"
"728841","grey"
"728855","grey"
"728858","grey"
"728882","grey"
"728888","grey"
"7289","yellow"
"728927","turquoise"
"728945","grey"
"728957","grey"
"728963","turquoise"
"728975","grey"
"728978","brown"
"728989","grey"
"729","grey"
"7290","grey"
"729013","grey"
"729020","turquoise"
"729025","grey"
"729040","grey"
"729041","grey"
"729059","grey"
"729080","grey"
"729082","grey"
"729083","grey"
"729085","grey"
"729092","grey"
"729096","turquoise"
"7291","blue"
"729156","yellow"
"729159","grey"
"729162","grey"
"729164","grey"
"729171","grey"
"729173","grey"
"729176","turquoise"
"729177","grey"
"729178","blue"
"7292","grey"
"729201","grey"
"729218","grey"
"729220","grey"
"729222","grey"
"729224","grey"
"729230","grey"
"729234","grey"
"729238","grey"
"729252","grey"
"729262","grey"
"729264","grey"
"729288","grey"
"729291","turquoise"
"729296","grey"
"7293","grey"
"729307","grey"
"729330","grey"
"729338","grey"
"729359","magenta"
"729375","greenyellow"
"729384","grey"
"729396","grey"
"7294","grey"
"729420","grey"
"729438","turquoise"
"729440","blue"
"729444","grey"
"729447","grey"
"729451","grey"
"729454","grey"
"729461","grey"
"729467","grey"
"729468","grey"
"729475","blue"
"7295","yellow"
"729506","grey"
"729515","blue"
"729522","yellow"
"729528","grey"
"729533","grey"
"729540","grey"
"729582","grey"
"729583","grey"
"729597","grey"
"7296","turquoise"
"729603","turquoise"
"729609","grey"
"729614","pink"
"729627","grey"
"729633","grey"
"729648","grey"
"729652","brown"
"729658","pink"
"729665","grey"
"729668","grey"
"729678","yellow"
"729683","brown"
"729689","grey"
"7297","blue"
"729723","grey"
"729732","grey"
"729737","grey"
"729739","grey"
"729747","grey"
"729756","grey"
"729767","grey"
"729770","yellow"
"729786","grey"
"729799","turquoise"
"7298","grey"
"729800","grey"
"729815","grey"
"729830","yellow"
"729852","turquoise"
"729857","grey"
"729862","grey"
"729867","turquoise"
"729870","grey"
"729873","grey"
"729877","grey"
"729887","turquoise"
"7299","grey"
"729911","blue"
"729920","tan"
"729930","grey"
"729950","grey"
"729956","grey"
"729966","grey"
"729967","yellow"
"729970","grey"
"729975","blue"
"729987","grey"
"729991","brown"
"729993","yellow"
"730","brown"
"730005","grey"
"730013","grey"
"730051","blue"
"730087","grey"
"730091","grey"
"730092","turquoise"
"730094","blue"
"730098","brown"
"7301","brown"
"730100","grey"
"730101","blue"
"730102","grey"
"730109","grey"
"730112","turquoise"
"730130","grey"
"730152","grey"
"730159","grey"
"730183","blue"
"730198","grey"
"7302","grey"
"730202","grey"
"730227","grey"
"730249","grey"
"730257","grey"
"730268","grey"
"730291","grey"
"730338","grey"
"730394","grey"
"7305","red"
"7306","blue"
"730668","grey"
"7307","grey"
"730755","grey"
"730811","blue"
"730971","grey"
"731","grey"
"7311","green"
"731157","grey"
"731220","blue"
"731223","grey"
"731275","grey"
"7314","grey"
"731424","grey"
"7316","turquoise"
"731656","grey"
"7317","turquoise"
"731779","grey"
"731789","grey"
"7318","grey"
"7319","turquoise"
"732","grey"
"7320","grey"
"7321","turquoise"
"7322","yellow"
"732253","grey"
"732265","grey"
"732275","grey"
"7323","turquoise"
"732360","turquoise"
"7324","turquoise"
"7325","yellow"
"7326","black"
"7327","blue"
"7328","grey"
"7329","brown"
"733","green"
"7332","brown"
"7334","blue"
"7335","turquoise"
"7336","blue"
"7337","blue"
"734","grey"
"7341","yellow"
"7342","blue"
"7343","green"
"7345","yellow"
"7347","grey"
"7348","grey"
"7349","green"
"735","grey"
"7350","grey"
"7351","red"
"7352","green"
"7353","grey"
"735301","green"
"7355","turquoise"
"7356","grey"
"7357","blue"
"7358","turquoise"
"7360","grey"
"7363","grey"
"7364","grey"
"7365","grey"
"7366","grey"
"7367","grey"
"7368","black"
"7369","grey"
"7371","brown"
"7372","grey"
"7373","grey"
"7374","magenta"
"7375","magenta"
"7376","blue"
"7378","turquoise"
"7379","grey"
"738","turquoise"
"7380","grey"
"7381","brown"
"7384","turquoise"
"7385","blue"
"7386","grey"
"7388","yellow"
"7389","brown"
"7390","brown"
"7391","brown"
"7392","magenta"
"7398","turquoise"
"7399","grey"
"740","turquoise"
"7401","grey"
"7402","brown"
"7403","brown"
"7404","grey"
"7405","black"
"7407","turquoise"
"7408","blue"
"7409","red"
"741","brown"
"7410","grey"
"7411","blue"
"7412","grey"
"7414","turquoise"
"7415","grey"
"7416","blue"
"7417","blue"
"7419","yellow"
"7421","grey"
"7422","grey"
"7423","blue"
"7424","grey"
"7425","brown"
"7428","turquoise"
"7429","grey"
"7430","magenta"
"7431","yellow"
"7432","yellow"
"7433","yellow"
"7434","grey"
"7436","black"
"7439","pink"
"744","blue"
"7441","grey"
"7442","blue"
"7443","blue"
"7444","grey"
"7447","yellow"
"7448","turquoise"
"745","pink"
"7450","grey"
"7453","grey"
"7454","red"
"7455","grey"
"7456","brown"
"7458","turquoise"
"746","green"
"7461","green"
"7462","red"
"7464","yellow"
"7465","turquoise"
"7466","turquoise"
"7468","grey"
"7469","blue"
"747","yellow"
"7471","blue"
"7472","yellow"
"7474","turquoise"
"7475","grey"
"7476","grey"
"7477","magenta"
"7478","blue"
"7479","grey"
"7480","brown"
"7481","grey"
"7482","grey"
"7483","green"
"7484","grey"
"7485","turquoise"
"7486","brown"
"7490","grey"
"7494","greenyellow"
"7498","grey"
"7499","grey"
"750","grey"
"7503","grey"
"7504","blue"
"7507","turquoise"
"7508","grey"
"751071","turquoise"
"7511","grey"
"7512","grey"
"7514","turquoise"
"7515","turquoise"
"7516","turquoise"
"7517","yellow"
"7518","turquoise"
"751816","grey"
"752","grey"
"7520","brown"
"752014","turquoise"
"7525","turquoise"
"7528","brown"
"7529","blue"
"753","black"
"7531","yellow"
"7532","blue"
"7533","yellow"
"7534","blue"
"7535","blue"
"7536","grey"
"7538","red"
"7539","turquoise"
"754","yellow"
"7541","salmon"
"7542","blue"
"7543","brown"
"7544","grey"
"7545","turquoise"
"7546","magenta"
"7547","turquoise"
"7549","grey"
"755","green"
"7551","blue"
"7552","turquoise"
"7553","grey"
"7554","turquoise"
"7555","grey"
"7556","green"
"7559","turquoise"
"7561","grey"
"7562","black"
"7564","grey"
"7565","turquoise"
"7566","green"
"7567","grey"
"7568","grey"
"7569","brown"
"757","grey"
"7570","turquoise"
"7571","grey"
"7572","turquoise"
"7574","grey"
"7576","turquoise"
"7579","turquoise"
"758","yellow"
"7580","grey"
"7581","black"
"7582","blue"
"7584","grey"
"7586","black"
"7587","turquoise"
"7589","blue"
"759","grey"
"7592","turquoise"
"7593","green"
"7594","turquoise"
"7596","turquoise"
"7597","turquoise"
"760","greenyellow"
"761","grey"
"762","greenyellow"
"7620","grey"
"7621","brown"
"7625","grey"
"7626","grey"
"7627","grey"
"7629","grey"
"763","grey"
"7633","grey"
"7634","grey"
"7637","grey"
"7638","turquoise"
"7639","turquoise"
"7643","brown"
"7644","turquoise"
"765","grey"
"7652","grey"
"766","brown"
"767","purple"
"7673","grey"
"7675","turquoise"
"767557","pink"
"767558","blue"
"767561","grey"
"767562","grey"
"767563","grey"
"767564","grey"
"767565","grey"
"767566","grey"
"767567","grey"
"767568","grey"
"767569","grey"
"767577","grey"
"767578","grey"
"767579","grey"
"767580","grey"
"767581","grey"
"767582","grey"
"767583","grey"
"767584","grey"
"767585","grey"
"767588","grey"
"767589","grey"
"767590","grey"
"767591","grey"
"767592","grey"
"767593","grey"
"767594","grey"
"767595","grey"
"767596","grey"
"767597","grey"
"767598","grey"
"767599","grey"
"767600","grey"
"767603","grey"
"767604","grey"
"767605","grey"
"767606","grey"
"767609","grey"
"767610","grey"
"767611","grey"
"767612","grey"
"7678","grey"
"767811","grey"
"767846","grey"
"768","grey"
"768096","brown"
"768097","yellow"
"7681","black"
"768206","brown"
"768211","grey"
"768212","grey"
"768213","turquoise"
"768214","grey"
"768216","grey"
"768217","grey"
"768218","grey"
"768220","grey"
"768222","yellow"
"768239","grey"
"7686","grey"
"7690","turquoise"
"7691","green"
"7692","green"
"7693","turquoise"
"7694","grey"
"7695","green"
"7696","yellow"
"7697","blue"
"7699","grey"
"770","brown"
"7700","turquoise"
"7701","grey"
"7702","greenyellow"
"7703","brown"
"7704","turquoise"
"7705","black"
"7706","grey"
"7707","turquoise"
"7709","green"
"771","grey"
"7710","purple"
"7711","grey"
"7712","grey"
"7716","yellow"
"7718","brown"
"7726","green"
"7727","grey"
"7728","turquoise"
"773","yellow"
"7730","grey"
"7732","brown"
"7733","turquoise"
"7737","brown"
"7738","blue"
"7739","grey"
"774","yellow"
"7741","grey"
"7743","grey"
"7745","turquoise"
"7746","blue"
"7748","grey"
"775","yellow"
"7750","turquoise"
"7752","green"
"7753","grey"
"7754","blue"
"7755","green"
"7756","brown"
"7757","grey"
"776","blue"
"7760","turquoise"
"7761","blue"
"7762","blue"
"7763","blue"
"7764","turquoise"
"7766","blue"
"7767","turquoise"
"7768","brown"
"7769","greenyellow"
"777","yellow"
"7770","brown"
"7771","brown"
"7772","turquoise"
"7773","brown"
"7775","turquoise"
"7776","brown"
"7779","turquoise"
"778","brown"
"7780","grey"
"7781","yellow"
"7782","turquoise"
"7783","grey"
"7784","grey"
"7786","turquoise"
"7789","turquoise"
"779","yellow"
"7791","grey"
"7798","yellow"
"7799","grey"
"780","yellow"
"7802","grey"
"7803","turquoise"
"7804","grey"
"7805","red"
"780776","brown"
"780851","grey"
"780853","grey"
"7809","grey"
"781","blue"
"7812","salmon"
"7813","turquoise"
"7818","grey"
"782","yellow"
"7827","grey"
"783","yellow"
"7832","red"
"7837","grey"
"784","yellow"
"7840","turquoise"
"7841","grey"
"7844","turquoise"
"7846","grey"
"7849","grey"
"785","blue"
"7850","red"
"7851","grey"
"7852","grey"
"7855","black"
"7857","blue"
"786","grey"
"7862","grey"
"7866","green"
"7867","magenta"
"7869","pink"
"7871","turquoise"
"7873","green"
"7874","grey"
"7879","grey"
"788","magenta"
"7881","blue"
"7884","blue"
"78986","brown"
"78987","grey"
"78988","brown"
"78989","grey"
"78990","brown"
"78991","greenyellow"
"78992","brown"
"78994","green"
"78995","grey"
"78996","yellow"
"78997","brown"
"78998","grey"
"78999","brown"
"790","yellow"
"79000","grey"
"79001","green"
"79002","green"
"79003","brown"
"79004","brown"
"79005","green"
"79006","green"
"79007","brown"
"79008","grey"
"79009","grey"
"79012","yellow"
"79015","turquoise"
"79016","brown"
"79017","yellow"
"79018","turquoise"
"79019","green"
"79020","grey"
"79022","grey"
"79023","grey"
"79024","grey"
"79025","grey"
"79026","brown"
"79027","turquoise"
"79029","grey"
"7903","turquoise"
"79031","grey"
"79033","brown"
"79034","green"
"79035","brown"
"79036","blue"
"79037","brown"
"79038","magenta"
"79039","turquoise"
"79041","blue"
"79042","turquoise"
"79047","magenta"
"79048","black"
"7905","blue"
"79050","turquoise"
"79053","turquoise"
"79054","grey"
"79056","red"
"79057","blue"
"79058","green"
"79064","turquoise"
"79065","turquoise"
"79066","grey"
"79068","blue"
"79070","brown"
"79071","green"
"79072","green"
"79073","red"
"79074","turquoise"
"79075","grey"
"79077","turquoise"
"79078","turquoise"
"79080","grey"
"79081","green"
"79083","blue"
"79084","grey"
"79085","yellow"
"79086","green"
"79087","grey"
"79088","turquoise"
"79089","brown"
"79090","green"
"79091","brown"
"79092","grey"
"79094","grey"
"79095","brown"
"790952","grey"
"790953","grey"
"790955","brown"
"79096","brown"
"79097","grey"
"79098","grey"
"79100","grey"
"79101","magenta"
"79102","turquoise"
"79104","grey"
"79109","magenta"
"791114","grey"
"791115","grey"
"7913","turquoise"
"79132","turquoise"
"79133","yellow"
"79134","yellow"
"79135","yellow"
"79136","grey"
"79137","turquoise"
"79139","blue"
"79140","brown"
"79142","grey"
"79143","brown"
"79144","turquoise"
"79145","grey"
"79147","yellow"
"79148","magenta"
"79149","grey"
"7915","purple"
"79152","pink"
"79153","blue"
"79154","greenyellow"
"79155","blue"
"79156","blue"
"79157","turquoise"
"79158","purple"
"79159","green"
"7916","grey"
"79160","grey"
"79161","grey"
"79165","green"
"79166","grey"
"79168","red"
"79169","blue"
"7917","grey"
"79170","grey"
"79171","green"
"79172","grey"
"79173","grey"
"79174","green"
"79175","grey"
"79176","brown"
"79177","grey"
"79178","turquoise"
"7918","turquoise"
"79180","yellow"
"79183","grey"
"79184","blue"
"79187","brown"
"79188","brown"
"7919","green"
"79190","grey"
"79191","grey"
"79192","grey"
"7920","turquoise"
"7922","grey"
"79228","green"
"7923","greenyellow"
"79230","grey"
"79258","brown"
"79269","blue"
"79290","grey"
"793","yellow"
"79310","grey"
"79315","grey"
"7932","grey"
"79334","grey"
"79339","grey"
"79345","grey"
"7936","green"
"79363","grey"
"79364","brown"
"79365","brown"
"79366","grey"
"79368","grey"
"79369","brown"
"79370","grey"
"794","brown"
"7940","red"
"79400","grey"
"7941","grey"
"79411","green"
"79412","greenyellow"
"79413","grey"
"79414","brown"
"79415","blue"
"7942","blue"
"79441","turquoise"
"79442","blue"
"79443","yellow"
"79444","grey"
"79446","brown"
"79447","green"
"79465","blue"
"79469","green"
"79473","grey"
"795","grey"
"79541","grey"
"79544","grey"
"7955","grey"
"79567","grey"
"79568","blue"
"7957","grey"
"79570","grey"
"79571","brown"
"79572","turquoise"
"79573","green"
"79574","grey"
"79575","brown"
"79576","grey"
"79577","turquoise"
"79581","blue"
"79582","grey"
"79583","grey"
"79585","grey"
"79586","turquoise"
"79587","green"
"79589","blue"
"79590","green"
"79591","grey"
"79594","grey"
"79595","grey"
"79596","blue"
"79598","turquoise"
"796","grey"
"79600","magenta"
"79602","yellow"
"79603","blue"
"79605","yellow"
"79607","grey"
"79608","blue"
"79609","blue"
"79611","purple"
"79612","turquoise"
"79613","grey"
"79616","grey"
"79618","turquoise"
"79621","blue"
"79622","brown"
"79623","brown"
"79624","blue"
"79625","turquoise"
"79626","red"
"79627","grey"
"79628","black"
"79629","turquoise"
"79630","magenta"
"79631","grey"
"79632","purple"
"79633","brown"
"79634","green"
"79635","turquoise"
"79637","turquoise"
"79639","turquoise"
"79640","lightcyan"
"79641","green"
"79642","turquoise"
"79643","greenyellow"
"79644","grey"
"79645","grey"
"79646","turquoise"
"79647","green"
"79648","grey"
"79649","yellow"
"7965","grey"
"79650","turquoise"
"79651","red"
"79652","red"
"79654","green"
"79656","brown"
"79657","blue"
"79658","grey"
"79659","green"
"79660","red"
"79661","turquoise"
"79663","green"
"79664","turquoise"
"79665","grey"
"79666","turquoise"
"79667","grey"
"79668","blue"
"79669","grey"
"79670","turquoise"
"79671","magenta"
"79672","grey"
"79673","blue"
"79674","grey"
"79675","grey"
"79676","green"
"79677","brown"
"79679","grey"
"79680","yellow"
"79682","grey"
"79683","brown"
"79684","greenyellow"
"79685","salmon"
"79686","pink"
"79689","red"
"79690","red"
"79691","turquoise"
"79692","salmon"
"79693","grey"
"79694","turquoise"
"79695","grey"
"79696","grey"
"79697","yellow"
"79698","yellow"
"79699","blue"
"797","grey"
"79701","greenyellow"
"79703","brown"
"79705","blue"
"79706","green"
"79707","grey"
"79709","tan"
"79710","yellow"
"79711","grey"
"79712","black"
"79713","red"
"79714","brown"
"79716","green"
"79717","grey"
"79718","blue"
"79719","yellow"
"79720","green"
"79722","grey"
"79723","turquoise"
"79724","blue"
"79725","brown"
"79726","blue"
"79727","grey"
"79728","turquoise"
"79729","grey"
"79730","grey"
"79731","green"
"79733","grey"
"79734","brown"
"79735","green"
"79736","grey"
"79738","turquoise"
"79739","brown"
"79740","grey"
"79741","turquoise"
"79742","yellow"
"79744","grey"
"79745","turquoise"
"79746","grey"
"79747","grey"
"79748","grey"
"7975","lightcyan"
"79750","blue"
"79751","brown"
"79752","blue"
"79753","grey"
"79754","brown"
"79755","grey"
"79758","green"
"79759","turquoise"
"7976","blue"
"79760","turquoise"
"79762","yellow"
"79763","turquoise"
"79767","green"
"79768","turquoise"
"79770","yellow"
"79772","blue"
"79774","magenta"
"79776","turquoise"
"79777","green"
"79778","green"
"7978","green"
"79780","turquoise"
"79781","grey"
"79782","grey"
"79783","grey"
"79784","green"
"79785","grey"
"79786","grey"
"79788","brown"
"79789","black"
"7979","green"
"79791","brown"
"79792","blue"
"79794","green"
"79796","grey"
"79797","green"
"79798","brown"
"79799","grey"
"7980","grey"
"79800","brown"
"79801","grey"
"79802","grey"
"79803","grey"
"79804","grey"
"79805","grey"
"79807","turquoise"
"79809","turquoise"
"79810","blue"
"79811","salmon"
"79812","blue"
"79813","tan"
"79814","yellow"
"79815","yellow"
"79816","turquoise"
"79817","black"
"79818","grey"
"79819","grey"
"7982","black"
"79820","grey"
"79822","blue"
"79823","grey"
"79825","brown"
"79827","grey"
"79828","grey"
"79829","grey"
"79830","turquoise"
"79831","brown"
"79832","turquoise"
"79833","grey"
"79834","turquoise"
"79836","turquoise"
"79837","yellow"
"79838","grey"
"79839","grey"
"7984","blue"
"79840","greenyellow"
"79841","grey"
"79842","pink"
"79843","brown"
"79844","grey"
"79845","grey"
"79846","grey"
"79847","turquoise"
"79848","turquoise"
"79849","grey"
"79850","grey"
"79852","blue"
"79853","grey"
"79854","grey"
"79856","green"
"79857","grey"
"79858","grey"
"79861","grey"
"79862","grey"
"79863","grey"
"79864","grey"
"79865","grey"
"79866","grey"
"79867","grey"
"79868","brown"
"79869","yellow"
"79870","grey"
"79871","grey"
"79872","turquoise"
"79873","greenyellow"
"79874","blue"
"79875","turquoise"
"79876","blue"
"79877","grey"
"79879","brown"
"7988","blue"
"79882","turquoise"
"79883","grey"
"79884","blue"
"79885","green"
"79886","turquoise"
"79887","red"
"79888","grey"
"79890","blue"
"79891","grey"
"79892","brown"
"79893","blue"
"79894","blue"
"79895","red"
"79896","blue"
"79897","green"
"79898","grey"
"79899","black"
"799","grey"
"79901","purple"
"79902","grey"
"79903","green"
"79905","black"
"79906","brown"
"79908","grey"
"7991","blue"
"79912","turquoise"
"79913","turquoise"
"79915","turquoise"
"79917","turquoise"
"79918","turquoise"
"79919","grey"
"79921","brown"
"79922","turquoise"
"79923","grey"
"79924","grey"
"79925","grey"
"79927","grey"
"79929","pink"
"7993","blue"
"79930","red"
"79931","blue"
"79932","brown"
"79933","grey"
"79934","green"
"79935","tan"
"79937","turquoise"
"79939","pink"
"7994","turquoise"
"79940","brown"
"79943","grey"
"79944","green"
"79946","green"
"79947","yellow"
"79948","yellow"
"79949","grey"
"79953","grey"
"79954","green"
"79955","turquoise"
"79956","black"
"79957","lightcyan"
"79958","red"
"79959","blue"
"79960","grey"
"79961","red"
"79962","pink"
"79963","green"
"79966","grey"
"79968","grey"
"79969","green"
"79970","green"
"79971","purple"
"79973","grey"
"79974","red"
"79977","yellow"
"79979","turquoise"
"79980","yellow"
"79981","grey"
"79982","blue"
"79983","grey"
"79986","blue"
"79987","grey"
"79989","grey"
"79990","blue"
"79991","grey"
"79992","grey"
"79993","turquoise"
"79998","grey"
"79999","grey"
"800","turquoise"
"8000","grey"
"80000","grey"
"80003","yellow"
"80004","blue"
"80005","black"
"80006","blue"
"80007","blue"
"80008","red"
"8001","blue"
"80010","turquoise"
"80011","turquoise"
"80012","turquoise"
"80013","blue"
"80014","turquoise"
"80017","magenta"
"80018","turquoise"
"80019","blue"
"80020","brown"
"80021","turquoise"
"80022","blue"
"80023","brown"
"80024","blue"
"80025","grey"
"80028","brown"
"80031","brown"
"80032","grey"
"80034","blue"
"80035","brown"
"80036","purple"
"80039","grey"
"80045","turquoise"
"80054","grey"
"80055","turquoise"
"80059","blue"
"80063","brown"
"80067","turquoise"
"80069","grey"
"80070","grey"
"80071","grey"
"80072","grey"
"80086","grey"
"80094","grey"
"80095","brown"
"80097","brown"
"80099","grey"
"801","yellow"
"80108","grey"
"80110","turquoise"
"80111","grey"
"80114","blue"
"80115","turquoise"
"80117","grey"
"80119","grey"
"80122","grey"
"80124","turquoise"
"80125","grey"
"80127","purple"
"80128","brown"
"80129","grey"
"8013","grey"
"80131","grey"
"80133","grey"
"80135","grey"
"80139","grey"
"80142","brown"
"80143","turquoise"
"80144","blue"
"80145","yellow"
"80146","blue"
"80148","brown"
"80149","red"
"80150","magenta"
"80152","green"
"80153","green"
"80154","grey"
"80155","green"
"80157","grey"
"80161","turquoise"
"80162","blue"
"80164","brown"
"80167","brown"
"80168","grey"
"80169","grey"
"80173","grey"
"80174","grey"
"80176","pink"
"80177","turquoise"
"80178","brown"
"80179","grey"
"80183","grey"
"80184","turquoise"
"80185","grey"
"8019","grey"
"80194","green"
"80195","grey"
"80196","grey"
"80198","blue"
"80199","green"
"80201","grey"
"80204","blue"
"80205","turquoise"
"80206","yellow"
"80207","grey"
"80208","brown"
"80209","brown"
"8021","grey"
"80210","yellow"
"80212","brown"
"80213","blue"
"80215","grey"
"80216","red"
"80217","grey"
"80218","blue"
"80219","blue"
"8022","grey"
"80221","magenta"
"80222","grey"
"80223","grey"
"80224","grey"
"80227","green"
"80228","brown"
"80230","blue"
"80231","red"
"80232","turquoise"
"80233","green"
"80235","yellow"
"80237","turquoise"
"80243","turquoise"
"80254","grey"
"80255","turquoise"
"80256","turquoise"
"80258","grey"
"80262","purple"
"80263","greenyellow"
"80264","turquoise"
"80267","turquoise"
"8027","blue"
"80270","blue"
"80271","red"
"80273","grey"
"80274","grey"
"80279","green"
"8028","brown"
"8029","grey"
"80298","grey"
"8030","blue"
"80301","blue"
"80303","pink"
"80304","grey"
"80305","green"
"80306","brown"
"80307","grey"
"80308","green"
"80309","blue"
"8031","turquoise"
"80310","blue"
"80311","turquoise"
"80312","brown"
"80313","brown"
"80314","turquoise"
"80315","turquoise"
"80316","grey"
"80317","grey"
"80318","tan"
"80319","blue"
"80320","grey"
"80321","grey"
"80323","blue"
"80324","turquoise"
"80325","green"
"80326","yellow"
"80328","grey"
"80329","grey"
"80331","brown"
"80332","magenta"
"80333","yellow"
"80335","blue"
"80336","blue"
"80339","green"
"8034","turquoise"
"80341","grey"
"80342","red"
"80343","grey"
"80344","grey"
"80345","pink"
"80346","blue"
"80347","brown"
"80349","tan"
"80350","grey"
"80351","turquoise"
"80352","turquoise"
"8036","blue"
"8038","brown"
"80380","grey"
"80381","black"
"8045","brown"
"8048","grey"
"805","yellow"
"8050","blue"
"8061","red"
"8065","turquoise"
"80700","brown"
"80704","red"
"80705","black"
"80709","yellow"
"80712","grey"
"80714","turquoise"
"80723","blue"
"80724","grey"
"80725","pink"
"80726","grey"
"80727","grey"
"80728","brown"
"8073","salmon"
"80731","grey"
"80736","grey"
"80737","yellow"
"80739","grey"
"8074","grey"
"80740","grey"
"80741","green"
"80742","brown"
"80745","grey"
"80746","grey"
"80755","turquoise"
"80757","turquoise"
"80758","grey"
"80759","brown"
"8076","grey"
"80760","grey"
"80761","grey"
"80762","blue"
"80763","grey"
"80764","green"
"80765","grey"
"80772","brown"
"80774","brown"
"80775","yellow"
"80776","brown"
"80777","pink"
"80778","blue"
"8078","brown"
"80781","blue"
"80789","turquoise"
"8079","brown"
"80790","blue"
"808","yellow"
"80816","blue"
"80817","turquoise"
"80818","grey"
"8082","brown"
"80820","pink"
"80821","blue"
"80823","blue"
"80824","brown"
"80829","salmon"
"80830","red"
"80832","grey"
"80833","red"
"80834","grey"
"80835","grey"
"8085","turquoise"
"80851","grey"
"80852","yellow"
"80853","turquoise"
"80854","brown"
"80856","turquoise"
"8086","green"
"80862","turquoise"
"80863","brown"
"80864","green"
"80868","grey"
"8087","greenyellow"
"8089","green"
"80895","turquoise"
"80896","yellow"
"8091","grey"
"8092","grey"
"80975","grey"
"8099","grey"
"81","blue"
"810","grey"
"8100","grey"
"81025","pink"
"81027","grey"
"81029","green"
"81030","grey"
"81031","purple"
"81033","yellow"
"81034","blue"
"81035","turquoise"
"81037","grey"
"81050","grey"
"8106","green"
"811","grey"
"8110","grey"
"8111","yellow"
"8115","grey"
"8120","yellow"
"8123","turquoise"
"8125","grey"
"8128","grey"
"81282","grey"
"81285","grey"
"813","brown"
"81309","grey"
"8131","green"
"81327","grey"
"81341","grey"
"81343","grey"
"8139","brown"
"81392","grey"
"814","blue"
"8140","red"
"81442","grey"
"81448","cyan"
"81466","grey"
"81472","grey"
"8148","grey"
"81488","turquoise"
"81490","green"
"81491","blue"
"81492","grey"
"81493","grey"
"81494","grey"
"815","yellow"
"81501","grey"
"81502","turquoise"
"8153","blue"
"81532","green"
"81533","blue"
"81537","turquoise"
"81539","blue"
"81542","brown"
"81543","grey"
"81544","turquoise"
"81545","brown"
"81550","green"
"81551","turquoise"
"81552","turquoise"
"81553","blue"
"81554","blue"
"81555","turquoise"
"81556","grey"
"81557","turquoise"
"81558","yellow"
"81559","brown"
"81562","tan"
"81563","pink"
"81565","grey"
"81566","blue"
"81567","brown"
"81569","grey"
"81570","grey"
"81571","yellow"
"81572","brown"
"81573","blue"
"81575","red"
"81576","blue"
"81577","grey"
"81578","grey"
"81579","turquoise"
"816","brown"
"81602","blue"
"81603","tan"
"81605","green"
"81606","grey"
"81607","grey"
"81608","grey"
"81609","grey"
"8161","turquoise"
"81610","blue"
"81611","turquoise"
"81614","blue"
"81615","yellow"
"81616","grey"
"81617","grey"
"81618","magenta"
"81619","red"
"81620","brown"
"81621","grey"
"81622","red"
"81623","grey"
"81624","grey"
"81626","grey"
"81627","turquoise"
"81628","blue"
"81629","grey"
"81631","blue"
"8165","grey"
"81669","green"
"81671","grey"
"81688","turquoise"
"81689","blue"
"81691","greenyellow"
"81693","grey"
"81696","grey"
"81697","grey"
"81698","grey"
"817","blue"
"8170","grey"
"81704","red"
"81706","yellow"
"8174","brown"
"8175","blue"
"8178","grey"
"81786","turquoise"
"81788","yellow"
"81789","grey"
"81790","grey"
"81792","grey"
"81793","red"
"81794","grey"
"81796","grey"
"81797","grey"
"818","yellow"
"81831","blue"
"81832","blue"
"81833","grey"
"81839","grey"
"81844","turquoise"
"81846","brown"
"81847","turquoise"
"81848","grey"
"81849","yellow"
"81850","grey"
"81851","grey"
"81853","grey"
"81854","grey"
"81855","turquoise"
"81856","turquoise"
"81857","green"
"81858","green"
"8187","grey"
"81870","grey"
"81871","grey"
"81873","turquoise"
"81875","grey"
"81876","turquoise"
"81887","green"
"81888","blue"
"81889","yellow"
"8189","turquoise"
"81890","green"
"81892","brown"
"81893","turquoise"
"81894","green"
"819","yellow"
"8190","green"
"8192","green"
"81926","grey"
"81928","yellow"
"81929","blue"
"8193","brown"
"81930","grey"
"81931","grey"
"81932","grey"
"8195","yellow"
"820","grey"
"8200","grey"
"8202","turquoise"
"8204","turquoise"
"8208","yellow"
"8209","grey"
"821","turquoise"
"8214","grey"
"8216","blue"
"8218","grey"
"822","red"
"8220","turquoise"
"8224","blue"
"8225","blue"
"8226","grey"
"8227","grey"
"8228","grey"
"823","grey"
"8233","green"
"8237","yellow"
"8239","green"
"824","grey"
"8241","green"
"8242","grey"
"8243","turquoise"
"825","pink"
"826","brown"
"8260","green"
"8263","brown"
"8266","brown"
"8269","green"
"827","grey"
"8270","brown"
"8273","grey"
"8277","grey"
"828","grey"
"8284","grey"
"8287","grey"
"8288","green"
"8289","turquoise"
"829","turquoise"
"8290","grey"
"8291","pink"
"8292","brown"
"8293","grey"
"8294","grey"
"8295","turquoise"
"830","green"
"8301","black"
"8302","brown"
"8303","yellow"
"8309","magenta"
"831","brown"
"8310","turquoise"
"8312","green"
"8313","turquoise"
"8314","brown"
"8315","grey"
"8317","blue"
"8318","grey"
"832","turquoise"
"8320","grey"
"8321","turquoise"
"8322","grey"
"8323","turquoise"
"8324","turquoise"
"8325","grey"
"83259","grey"
"8326","magenta"
"8328","grey"
"8329","grey"
"833","grey"
"8330","grey"
"8331","grey"
"8332","grey"
"8334","brown"
"8335","grey"
"8336","grey"
"8337","grey"
"8338","grey"
"8339","grey"
"83394","yellow"
"834","red"
"8340","grey"
"83401","brown"
"8341","grey"
"83416","grey"
"83417","grey"
"8342","grey"
"8343","grey"
"83439","magenta"
"8344","grey"
"83440","grey"
"83442","green"
"83443","turquoise"
"83444","turquoise"
"83445","brown"
"83446","grey"
"83447","grey"
"83448","turquoise"
"83449","grey"
"8345","grey"
"83450","grey"
"83451","green"
"83452","turquoise"
"8346","grey"
"83460","turquoise"
"83461","green"
"83463","brown"
"83464","grey"
"83468","yellow"
"8347","brown"
"83473","magenta"
"83475","purple"
"83478","blue"
"83479","brown"
"8348","grey"
"83480","grey"
"83481","grey"
"83482","brown"
"83483","grey"
"8349","yellow"
"835","blue"
"8350","grey"
"8351","grey"
"8352","grey"
"8353","grey"
"83538","grey"
"83539","grey"
"8354","grey"
"83540","grey"
"83541","brown"
"83543","lightcyan"
"83544","grey"
"83546","brown"
"83547","grey"
"83548","green"
"83549","blue"
"8355","grey"
"83550","grey"
"83551","grey"
"83552","blue"
"8356","grey"
"8357","grey"
"8358","grey"
"8359","grey"
"83590","green"
"83591","turquoise"
"83592","grey"
"83593","yellow"
"83594","turquoise"
"83595","red"
"83596","blue"
"83597","grey"
"83598","grey"
"836","grey"
"8360","grey"
"83604","purple"
"83605","brown"
"83606","blue"
"83607","brown"
"83608","yellow"
"8361","grey"
"8362","grey"
"8363","grey"
"83636","brown"
"83637","brown"
"83638","brown"
"83639","grey"
"8364","grey"
"83640","grey"
"83641","black"
"83642","green"
"83643","brown"
"83648","magenta"
"8365","brown"
"83650","grey"
"83655","grey"
"83656","grey"
"83657","grey"
"83658","brown"
"83659","grey"
"8366","grey"
"83660","yellow"
"83661","yellow"
"83666","brown"
"83667","grey"
"8367","grey"
"8368","grey"
"8369","grey"
"83690","brown"
"83692","yellow"
"83693","blue"
"83694","brown"
"83695","grey"
"83696","turquoise"
"83697","pink"
"83698","blue"
"83699","blue"
"837","red"
"8370","grey"
"83700","pink"
"83706","red"
"83707","green"
"83714","grey"
"83715","green"
"83716","red"
"83719","brown"
"8372","brown"
"83723","brown"
"83729","grey"
"83732","grey"
"83733","magenta"
"83734","grey"
"83737","turquoise"
"83740","grey"
"83741","grey"
"83742","grey"
"83743","turquoise"
"83744","green"
"83746","turquoise"
"83747","turquoise"
"83752","green"
"83756","grey"
"83758","grey"
"83759","blue"
"83786","blue"
"83787","blue"
"8379","turquoise"
"83795","grey"
"838","grey"
"8382","blue"
"8383","grey"
"83844","grey"
"83849","grey"
"83850","grey"
"83851","blue"
"83852","grey"
"83853","grey"
"83854","turquoise"
"83855","brown"
"83856","blue"
"83857","blue"
"83858","green"
"8386","grey"
"83860","turquoise"
"83861","green"
"83862","green"
"83868","grey"
"83869","grey"
"8387","grey"
"83871","magenta"
"83872","turquoise"
"83873","blue"
"83874","grey"
"83875","grey"
"83876","purple"
"83877","yellow"
"83878","red"
"83879","grey"
"8388","grey"
"83881","grey"
"83882","grey"
"83884","grey"
"83886","green"
"83887","grey"
"83888","grey"
"83889","grey"
"83890","grey"
"83891","green"
"83892","grey"
"83893","grey"
"83894","grey"
"83895","grey"
"83896","grey"
"83897","grey"
"83899","cyan"
"839","grey"
"8390","grey"
"83902","grey"
"83903","grey"
"8392","grey"
"83930","grey"
"83931","tan"
"83932","turquoise"
"83933","brown"
"83935","turquoise"
"83937","grey"
"83938","grey"
"83939","blue"
"8394","grey"
"83940","grey"
"83941","green"
"83942","grey"
"83943","grey"
"8395","blue"
"83953","grey"
"83955","grey"
"83956","grey"
"83957","grey"
"83959","grey"
"8396","brown"
"8398","grey"
"83982","green"
"83983","brown"
"83985","blue"
"83986","green"
"83987","grey"
"83988","yellow"
"83989","turquoise"
"8399","grey"
"83990","grey"
"83992","turquoise"
"83998","grey"
"83999","grey"
"840","grey"
"84000","grey"
"84002","turquoise"
"8402","brown"
"8403","grey"
"84033","grey"
"84034","red"
"8404","purple"
"8405","grey"
"84054","grey"
"84056","blue"
"84057","grey"
"84058","turquoise"
"84059","purple"
"8406","grey"
"84060","grey"
"84061","brown"
"84062","brown"
"84063","grey"
"84064","blue"
"84065","green"
"84066","grey"
"84067","greenyellow"
"84068","brown"
"84069","grey"
"8407","red"
"84070","grey"
"84071","grey"
"84072","grey"
"84073","grey"
"84074","green"
"84075","grey"
"84076","grey"
"84077","grey"
"84078","turquoise"
"84079","grey"
"8408","brown"
"84080","green"
"84081","lightcyan"
"84083","blue"
"84084","turquoise"
"84085","turquoise"
"8409","green"
"841","grey"
"84100","blue"
"84101","grey"
"84102","blue"
"84103","grey"
"84105","grey"
"84106","red"
"84107","grey"
"84108","grey"
"84109","blue"
"8411","turquoise"
"8412","purple"
"84124","blue"
"84125","grey"
"84126","turquoise"
"84128","grey"
"84129","black"
"84131","brown"
"84132","turquoise"
"84133","purple"
"84134","brown"
"84135","turquoise"
"84138","grey"
"84140","turquoise"
"84141","grey"
"84142","grey"
"84144","turquoise"
"84146","turquoise"
"84148","turquoise"
"84152","magenta"
"84153","green"
"84154","grey"
"84159","turquoise"
"8416","yellow"
"84162","turquoise"
"84163","grey"
"84164","blue"
"84166","red"
"84167","green"
"84168","brown"
"8417","turquoise"
"84171","grey"
"84172","turquoise"
"84173","green"
"84174","grey"
"84176","grey"
"84179","green"
"8418","turquoise"
"84181","turquoise"
"84182","grey"
"84186","grey"
"84187","magenta"
"84188","turquoise"
"84189","grey"
"8419","grey"
"84190","grey"
"84191","brown"
"84193","lightcyan"
"84196","grey"
"84197","turquoise"
"842","blue"
"8420","green"
"84203","grey"
"84206","turquoise"
"84210","grey"
"84214","grey"
"84215","brown"
"84216","grey"
"84217","grey"
"84218","grey"
"84219","turquoise"
"84220","grey"
"84221","brown"
"84222","brown"
"84223","grey"
"84224","turquoise"
"84225","grey"
"84226","grey"
"84229","grey"
"84230","turquoise"
"84231","brown"
"84232","green"
"84233","grey"
"84236","yellow"
"84239","purple"
"8424","purple"
"84240","grey"
"84243","tan"
"84245","grey"
"84246","yellow"
"84247","turquoise"
"84248","turquoise"
"84249","magenta"
"8425","turquoise"
"84250","blue"
"84251","blue"
"84253","brown"
"84254","yellow"
"84255","green"
"84256","turquoise"
"84258","yellow"
"84259","blue"
"84260","yellow"
"84261","turquoise"
"84262","brown"
"84263","grey"
"84264","turquoise"
"84265","green"
"84266","green"
"84267","turquoise"
"84268","brown"
"84269","green"
"8427","green"
"84270","blue"
"84271","blue"
"84272","turquoise"
"84273","grey"
"84274","grey"
"84275","grey"
"84276","brown"
"84277","turquoise"
"84278","green"
"84279","green"
"8428","pink"
"84280","yellow"
"84281","black"
"84282","blue"
"84283","tan"
"84284","yellow"
"84285","grey"
"84286","green"
"84287","brown"
"84288","yellow"
"84289","green"
"84290","grey"
"84292","green"
"84293","grey"
"84294","green"
"84295","turquoise"
"84296","pink"
"84298","grey"
"84299","green"
"843","red"
"84300","turquoise"
"84301","turquoise"
"84302","yellow"
"84303","brown"
"84304","turquoise"
"84305","brown"
"84306","yellow"
"84307","black"
"84309","green"
"8431","grey"
"84310","turquoise"
"84311","grey"
"84312","blue"
"84313","turquoise"
"84314","grey"
"84315","brown"
"84316","turquoise"
"84317","grey"
"84318","grey"
"84319","yellow"
"84320","grey"
"84321","brown"
"84322","grey"
"84324","turquoise"
"84326","brown"
"84327","black"
"84328","brown"
"84329","magenta"
"8433","grey"
"84330","turquoise"
"84331","green"
"84332","grey"
"84333","turquoise"
"84334","brown"
"84335","green"
"84336","green"
"84337","green"
"8434","turquoise"
"84340","grey"
"84342","grey"
"84343","brown"
"8435","grey"
"8436","turquoise"
"84364","green"
"84365","grey"
"84366","grey"
"8437","grey"
"84376","turquoise"
"8438","turquoise"
"8439","turquoise"
"844","yellow"
"8440","grey"
"84417","grey"
"84418","magenta"
"84419","grey"
"8443","grey"
"84432","grey"
"84433","red"
"84435","brown"
"84436","grey"
"84437","turquoise"
"84439","magenta"
"8444","grey"
"84440","lightcyan"
"84441","turquoise"
"84443","grey"
"84444","blue"
"84445","pink"
"84446","brown"
"84447","pink"
"84448","yellow"
"84449","brown"
"8445","turquoise"
"84450","grey"
"84451","blue"
"84455","blue"
"84456","turquoise"
"84457","turquoise"
"84458","turquoise"
"8446","blue"
"84460","grey"
"84461","turquoise"
"84464","tan"
"84465","turquoise"
"84466","brown"
"84467","grey"
"8447","green"
"8448","brown"
"8449","grey"
"84498","grey"
"845","grey"
"8450","blue"
"84501","brown"
"84502","yellow"
"84503","grey"
"84504","pink"
"8451","brown"
"84513","yellow"
"84514","blue"
"84515","greenyellow"
"84516","turquoise"
"84517","grey"
"84518","turquoise"
"84519","yellow"
"8452","blue"
"84520","grey"
"84522","grey"
"84524","blue"
"84525","yellow"
"84527","grey"
"84529","grey"
"8453","blue"
"84530","yellow"
"84532","magenta"
"84536","greenyellow"
"84539","blue"
"8454","yellow"
"84541","blue"
"84542","magenta"
"84545","green"
"84546","grey"
"84547","yellow"
"84548","green"
"84549","grey"
"8455","green"
"84552","yellow"
"84553","yellow"
"84557","brown"
"84559","grey"
"8456","grey"
"84560","grey"
"84561","yellow"
"84569","grey"
"84570","blue"
"84572","turquoise"
"8458","black"
"8459","tan"
"846","grey"
"8460","grey"
"84612","turquoise"
"84614","turquoise"
"84617","red"
"84618","blue"
"84619","green"
"8462","brown"
"84620","blue"
"84622","turquoise"
"84623","grey"
"84624","grey"
"84626","green"
"84627","grey"
"84628","brown"
"84629","grey"
"8463","blue"
"84630","grey"
"84631","turquoise"
"84632","turquoise"
"84634","yellow"
"84636","grey"
"8464","grey"
"84640","brown"
"84641","brown"
"84643","grey"
"84645","pink"
"84647","grey"
"84648","grey"
"84649","yellow"
"84650","grey"
"84651","grey"
"84654","grey"
"84656","green"
"84657","grey"
"84658","grey"
"84659","grey"
"84660","grey"
"84661","yellow"
"84662","blue"
"84665","grey"
"84666","grey"
"84667","grey"
"84668","turquoise"
"84669","turquoise"
"8467","brown"
"84671","brown"
"84674","red"
"84675","grey"
"84676","grey"
"84677","grey"
"84678","grey"
"84679","blue"
"8468","grey"
"84680","greenyellow"
"84681","green"
"84684","yellow"
"84687","brown"
"84688","turquoise"
"84689","yellow"
"84690","brown"
"84691","grey"
"84692","grey"
"84693","grey"
"84694","grey"
"84695","blue"
"84696","green"
"84698","blue"
"84699","yellow"
"847","turquoise"
"8470","blue"
"84700","grey"
"84701","green"
"84705","turquoise"
"84706","magenta"
"84707","yellow"
"84708","blue"
"84709","tan"
"8471","turquoise"
"84717","brown"
"84719","turquoise"
"84720","brown"
"84722","grey"
"84725","turquoise"
"84726","grey"
"84727","blue"
"8473","green"
"84733","yellow"
"84734","blue"
"84735","black"
"84740","grey"
"84747","yellow"
"84749","black"
"84750","purple"
"84752","blue"
"84759","brown"
"8476","salmon"
"84765","blue"
"84766","turquoise"
"84767","grey"
"84769","turquoise"
"8477","red"
"84771","grey"
"84775","grey"
"84777","grey"
"84779","grey"
"84787","green"
"84789","grey"
"8479","blue"
"84790","grey"
"84791","grey"
"84792","blue"
"84793","blue"
"84795","blue"
"84798","green"
"8480","yellow"
"84803","blue"
"84804","grey"
"84807","green"
"84808","grey"
"84809","grey"
"8481","blue"
"84811","grey"
"84812","grey"
"84814","brown"
"84815","grey"
"84816","yellow"
"84817","yellow"
"84818","magenta"
"8482","grey"
"84820","grey"
"84823","grey"
"84824","grey"
"84826","blue"
"8483","grey"
"84830","blue"
"84832","turquoise"
"84833","yellow"
"84836","green"
"84837","grey"
"84838","grey"
"84839","grey"
"8484","grey"
"84842","grey"
"84844","grey"
"84847","grey"
"84848","turquoise"
"84849","grey"
"84850","grey"
"84851","turquoise"
"84852","yellow"
"84856","yellow"
"84858","grey"
"84859","brown"
"84861","brown"
"84864","brown"
"84865","grey"
"84866","yellow"
"84867","yellow"
"84868","red"
"84869","blue"
"8487","grey"
"84870","yellow"
"84871","yellow"
"84872","yellow"
"84873","grey"
"84874","turquoise"
"84875","blue"
"84876","blue"
"84878","turquoise"
"84879","grey"
"84881","brown"
"84883","grey"
"84885","green"
"84886","yellow"
"84888","brown"
"84889","yellow"
"84890","black"
"84891","grey"
"84892","grey"
"84893","blue"
"84894","yellow"
"84895","turquoise"
"84896","blue"
"84897","blue"
"84898","brown"
"84899","black"
"8490","grey"
"84900","brown"
"84901","turquoise"
"84902","grey"
"84904","green"
"84905","turquoise"
"84908","brown"
"84909","pink"
"8491","turquoise"
"84910","turquoise"
"84911","blue"
"84912","blue"
"84913","blue"
"84914","grey"
"84915","pink"
"84916","yellow"
"84918","blue"
"84919","brown"
"8492","yellow"
"84920","turquoise"
"84922","green"
"84923","brown"
"84924","turquoise"
"84925","turquoise"
"84926","yellow"
"84928","turquoise"
"84929","grey"
"8493","brown"
"84930","grey"
"84931","grey"
"84932","turquoise"
"84933","grey"
"84934","brown"
"84935","grey"
"84936","green"
"84937","brown"
"84938","black"
"84939","green"
"84940","brown"
"84941","grey"
"84942","grey"
"84944","blue"
"84945","turquoise"
"84946","grey"
"84947","magenta"
"84948","grey"
"8495","blue"
"84950","yellow"
"84951","grey"
"84952","yellow"
"84953","grey"
"84954","brown"
"84955","green"
"84957","grey"
"84958","grey"
"84959","blue"
"8496","turquoise"
"84960","grey"
"84961","yellow"
"84962","yellow"
"84964","brown"
"84966","brown"
"84967","black"
"84968","grey"
"84969","brown"
"8497","yellow"
"84970","grey"
"84971","green"
"84973","green"
"84975","turquoise"
"84976","yellow"
"84978","black"
"8498","green"
"84981","grey"
"84983","grey"
"84984","grey"
"84985","grey"
"84986","yellow"
"84987","brown"
"84988","turquoise"
"84989","grey"
"8499","blue"
"84991","yellow"
"84992","grey"
"84993","turquoise"
"84996","turquoise"
"8500","salmon"
"85001","grey"
"85002","grey"
"85003","grey"
"85004","turquoise"
"85007","grey"
"85009","grey"
"8501","green"
"85012","turquoise"
"85013","green"
"85014","turquoise"
"85015","turquoise"
"85016","grey"
"85019","yellow"
"8502","lightcyan"
"85021","grey"
"85025","yellow"
"85026","green"
"85027","red"
"85028","blue"
"8503","grey"
"8504","green"
"8505","blue"
"8506","yellow"
"8507","yellow"
"8508","greenyellow"
"8509","grey"
"8510","grey"
"8511","grey"
"8512","grey"
"8513","grey"
"8514","yellow"
"8515","red"
"8516","turquoise"
"8517","turquoise"
"8518","turquoise"
"8519","red"
"8520","brown"
"8521","grey"
"8522","magenta"
"85235","grey"
"85236","grey"
"8525","brown"
"8526","yellow"
"8527","grey"
"8528","grey"
"85285","grey"
"8529","grey"
"85290","grey"
"85293","grey"
"8530","red"
"85300","yellow"
"85301","grey"
"85302","grey"
"8531","red"
"85313","brown"
"85315","yellow"
"85317","grey"
"85318","grey"
"85319","grey"
"8532","grey"
"85320","grey"
"85329","grey"
"8533","magenta"
"8534","brown"
"8535","grey"
"85352","yellow"
"85358","grey"
"85359","turquoise"
"8536","brown"
"85360","blue"
"85363","red"
"85364","green"
"85365","greenyellow"
"85366","grey"
"85367","grey"
"85369","yellow"
"8537","lightcyan"
"85371","brown"
"85376","grey"
"85377","black"
"85378","grey"
"85379","pink"
"8538","grey"
"85388","grey"
"85389","tan"
"8539","blue"
"85390","tan"
"85391","tan"
"85395","turquoise"
"85397","blue"
"8540","turquoise"
"85403","blue"
"85406","grey"
"85407","yellow"
"85409","brown"
"8541","brown"
"85413","grey"
"85414","pink"
"85415","grey"
"85416","purple"
"85417","grey"
"8542","red"
"8543","blue"
"85437","grey"
"85438","grey"
"85439","grey"
"8544","grey"
"85440","purple"
"85441","brown"
"85442","brown"
"85443","yellow"
"85444","salmon"
"85445","black"
"85446","grey"
"85449","pink"
"8545","turquoise"
"85450","red"
"85451","blue"
"85452","grey"
"85453","blue"
"85455","brown"
"85456","blue"
"85457","brown"
"85458","turquoise"
"85459","grey"
"8546","brown"
"85460","turquoise"
"85461","brown"
"85462","tan"
"85463","turquoise"
"85464","brown"
"85465","blue"
"8547","grey"
"85474","tan"
"85476","blue"
"85477","red"
"85478","brown"
"85479","grey"
"8548","turquoise"
"85480","grey"
"85481","grey"
"8549","black"
"85495","green"
"8550","grey"
"85508","yellow"
"8551","grey"
"8552","grey"
"8553","grey"
"8554","turquoise"
"8555","turquoise"
"8556","purple"
"85569","grey"
"8557","green"
"8558","brown"
"8559","blue"
"8560","brown"
"8562","yellow"
"8563","grey"
"8564","yellow"
"8565","brown"
"8566","brown"
"8567","yellow"
"8568","turquoise"
"8569","grey"
"857","brown"
"8570","grey"
"8572","red"
"8573","grey"
"8574","magenta"
"8575","yellow"
"8576","brown"
"8577","turquoise"
"8578","red"
"858","brown"
"8581","yellow"
"85865","blue"
"8587","grey"
"859","grey"
"8590","grey"
"86","yellow"
"860","red"
"8600","grey"
"8601","grey"
"8602","grey"
"8603","blue"
"8604","yellow"
"8605","grey"
"8607","grey"
"8608","blue"
"8609","brown"
"861","red"
"8611","yellow"
"8612","pink"
"8613","purple"
"8614","grey"
"8615","brown"
"8618","yellow"
"862","yellow"
"8620","blue"
"8621","turquoise"
"8622","blue"
"8623","grey"
"8624","blue"
"8625","green"
"8626","grey"
"8629","grey"
"863","grey"
"8630","grey"
"8631","grey"
"8632","pink"
"8633","black"
"8634","blue"
"8635","red"
"8636","green"
"8637","green"
"8638","grey"
"8639","grey"
"864","red"
"8641","magenta"
"8642","red"
"8643","grey"
"8644","magenta"
"8645","grey"
"8646","brown"
"8647","grey"
"8648","turquoise"
"8649","blue"
"865","turquoise"
"8650","brown"
"8651","grey"
"8653","grey"
"8654","turquoise"
"8655","grey"
"8658","turquoise"
"8659","magenta"
"866","grey"
"8660","grey"
"8661","turquoise"
"86614","grey"
"8662","green"
"8663","grey"
"8664","turquoise"
"8665","turquoise"
"8666","green"
"8667","grey"
"8668","turquoise"
"8669","blue"
"867","turquoise"
"8671","purple"
"8672","green"
"8673","red"
"8674","blue"
"8675","black"
"8676","red"
"8677","green"
"8678","grey"
"868","brown"
"8681","green"
"8682","turquoise"
"8683","grey"
"8685","grey"
"8687","grey"
"8688","grey"
"8689","grey"
"869","yellow"
"8690","turquoise"
"8692","red"
"8693","brown"
"8694","green"
"8697","green"
"8698","grey"
"87","grey"
"8701","blue"
"8702","grey"
"8703","turquoise"
"8704","brown"
"8705","turquoise"
"8706","blue"
"8707","blue"
"8708","green"
"871","tan"
"8710","grey"
"8711","brown"
"8712","grey"
"8714","grey"
"8715","blue"
"8717","blue"
"87178","greenyellow"
"8718","grey"
"8720","grey"
"8721","brown"
"8722","turquoise"
"8723","green"
"8724","grey"
"8725","salmon"
"8726","grey"
"8727","grey"
"8728","grey"
"8729","grey"
"873","pink"
"8731","blue"
"8732","blue"
"8733","turquoise"
"8735","yellow"
"8736","grey"
"8737","grey"
"8738","grey"
"8739","grey"
"874","brown"
"8740","yellow"
"8741","magenta"
"8742","magenta"
"8743","grey"
"8744","purple"
"8745","yellow"
"8747","blue"
"8748","grey"
"8749","grey"
"875","grey"
"8751","grey"
"8754","turquoise"
"8755","grey"
"8756","grey"
"8759","turquoise"
"8760","blue"
"8761","red"
"8763","turquoise"
"8764","grey"
"8766","blue"
"8767","grey"
"8771","red"
"8772","grey"
"8773","turquoise"
"8774","blue"
"8775","turquoise"
"8776","blue"
"87769","grey"
"8777","brown"
"8778","grey"
"8780","turquoise"
"8784","brown"
"8785","grey"
"8786","turquoise"
"8787","grey"
"8788","grey"
"8789","grey"
"8790","turquoise"
"8792","blue"
"8793","red"
"8794","red"
"8795","red"
"8796","grey"
"8797","turquoise"
"8798","turquoise"
"8799","yellow"
"88","yellow"
"8800","purple"
"8801","purple"
"8802","grey"
"8803","blue"
"8804","grey"
"8805","turquoise"
"8807","red"
"8808","yellow"
"8809","grey"
"881","grey"
"8811","grey"
"8812","yellow"
"8813","blue"
"8814","grey"
"8815","green"
"8816","turquoise"
"8817","grey"
"8818","brown"
"8819","brown"
"8820","grey"
"8821","blue"
"8822","grey"
"8823","grey"
"8824","greenyellow"
"8825","grey"
"8826","brown"
"8828","grey"
"8829","turquoise"
"883","grey"
"8831","yellow"
"8832","red"
"8833","turquoise"
"8834","brown"
"8835","grey"
"8836","blue"
"8837","brown"
"8838","grey"
"8839","grey"
"8840","grey"
"8841","turquoise"
"8842","turquoise"
"8843","grey"
"8844","yellow"
"88455","pink"
"8846","grey"
"8847","yellow"
"8848","grey"
"885","yellow"
"8850","turquoise"
"8851","blue"
"8852","grey"
"8853","turquoise"
"8854","blue"
"8856","grey"
"8857","red"
"8858","grey"
"8859","grey"
"886","green"
"8861","turquoise"
"8862","grey"
"8863","turquoise"
"8864","grey"
"8867","blue"
"8869","yellow"
"887","yellow"
"8870","blue"
"8871","black"
"8872","yellow"
"8874","magenta"
"88745","brown"
"8875","red"
"8876","red"
"8877","grey"
"8878","tan"
"8879","salmon"
"8880","green"
"8881","turquoise"
"8882","grey"
"8883","blue"
"8884","grey"
"8886","turquoise"
"8887","blue"
"8888","blue"
"889","green"
"8890","green"
"8891","brown"
"8892","grey"
"8893","green"
"8894","tan"
"8895","turquoise"
"8896","green"
"8897","turquoise"
"8898","black"
"8899","turquoise"
"89","grey"
"890","grey"
"8900","yellow"
"8904","green"
"8905","blue"
"8906","brown"
"8907","brown"
"8908","grey"
"8909","grey"
"891","blue"
"8910","brown"
"8911","brown"
"8912","grey"
"89122","brown"
"8913","yellow"
"8914","yellow"
"8915","grey"
"8916","green"
"892","blue"
"8924","turquoise"
"8925","green"
"8926","yellow"
"8927","yellow"
"8928","brown"
"8929","grey"
"8930","grey"
"8932","brown"
"8933","brown"
"8934","brown"
"8935","blue"
"8936","blue"
"8938","brown"
"8939","brown"
"894","pink"
"8940","black"
"8941","yellow"
"8942","red"
"8943","grey"
"8944","grey"
"8945","yellow"
"896","magenta"
"8968","grey"
"8969","grey"
"8970","grey"
"8971","turquoise"
"8972","grey"
"8973","blue"
"8974","tan"
"8975","tan"
"89758","grey"
"8976","blue"
"89765","grey"
"89766","grey"
"89777","grey"
"89778","grey"
"89780","grey"
"89781","grey"
"89782","blue"
"89790","red"
"89792","brown"
"89795","blue"
"89796","yellow"
"89797","grey"
"898","brown"
"89801","brown"
"89822","grey"
"89832","grey"
"89837","grey"
"89838","grey"
"89839","yellow"
"89845","green"
"89846","red"
"89848","grey"
"89849","green"
"8985","blue"
"89853","pink"
"89857","red"
"89858","grey"
"8986","turquoise"
"89866","green"
"89869","grey"
"8987","grey"
"89870","grey"
"89872","grey"
"89874","grey"
"89876","grey"
"8988","yellow"
"89882","grey"
"89883","grey"
"89884","turquoise"
"89885","grey"
"89886","grey"
"89887","brown"
"8989","blue"
"89890","blue"
"89891","brown"
"89894","grey"
"899","brown"
"8991","magenta"
"89910","grey"
"8992","blue"
"89927","yellow"
"8993","grey"
"89932","magenta"
"8994","turquoise"
"89941","green"
"89944","yellow"
"8995","grey"
"89953","green"
"89958","grey"
"8996","green"
"8997","yellow"
"89970","turquoise"
"89978","grey"
"8999","blue"
"9","grey"
"90","turquoise"
"900","turquoise"
"90007","red"
"9001","grey"
"90011","grey"
"90019","grey"
"9002","grey"
"90024","brown"
"90025","grey"
"90050","grey"
"90060","tan"
"90070","grey"
"90075","grey"
"901","turquoise"
"90102","turquoise"
"90113","brown"
"90120","brown"
"90121","brown"
"9013","blue"
"90134","blue"
"90135","brown"
"90139","grey"
"9014","turquoise"
"90141","grey"
"9015","turquoise"
"9016","yellow"
"90161","blue"
"90167","grey"
"90187","blue"
"9019","blue"
"90196","blue"
"90199","grey"
"902","magenta"
"9020","grey"
"90203","turquoise"
"90204","blue"
"9021","red"
"9022","grey"
"90226","grey"
"9023","grey"
"90231","green"
"90233","grey"
"9024","brown"
"90246","red"
"90249","yellow"
"9025","brown"
"9026","blue"
"90268","greenyellow"
"9027","grey"
"90271","pink"
"90273","red"
"9028","brown"
"90288","grey"
"90293","turquoise"
"9031","salmon"
"90313","blue"
"90316","grey"
"90317","brown"
"9032","grey"
"90321","yellow"
"90324","blue"
"90326","brown"
"9033","yellow"
"90332","grey"
"90333","turquoise"
"90338","brown"
"9034","red"
"90342","grey"
"90353","green"
"90355","blue"
"90362","yellow"
"9037","brown"
"90378","tan"
"90379","green"
"9038","grey"
"90381","grey"
"9039","turquoise"
"90390","brown"
"904","turquoise"
"9040","brown"
"90407","grey"
"90410","turquoise"
"90411","blue"
"90416","brown"
"90417","grey"
"90423","grey"
"90427","red"
"9043","salmon"
"9044","brown"
"90441","brown"
"9045","green"
"90459","turquoise"
"9046","grey"
"9047","grey"
"9048","grey"
"90480","brown"
"90485","grey"
"90488","turquoise"
"9049","green"
"90499","brown"
"905","turquoise"
"9050","red"
"90506","grey"
"90507","green"
"9051","blue"
"9052","red"
"90522","turquoise"
"90523","yellow"
"90525","brown"
"90527","grey"
"90529","grey"
"9053","black"
"9054","brown"
"9055","blue"
"90550","grey"
"90557","turquoise"
"9056","red"
"9057","grey"
"90576","grey"
"9058","grey"
"90580","grey"
"90586","grey"
"90589","grey"
"90592","grey"
"90594","black"
"9060","turquoise"
"9061","turquoise"
"90624","blue"
"90627","turquoise"
"9063","blue"
"90632","grey"
"90634","blue"
"90637","brown"
"90639","turquoise"
"9064","blue"
"90649","brown"
"9066","yellow"
"90665","grey"
"90668","grey"
"90673","grey"
"90678","brown"
"9068","grey"
"9069","grey"
"90693","green"
"9070","blue"
"90701","grey"
"9071","grey"
"90736","grey"
"90737","grey"
"9074","grey"
"9075","grey"
"9076","grey"
"90768","grey"
"9077","blue"
"90780","green"
"90784","brown"
"9079","blue"
"90799","blue"
"908","grey"
"9080","green"
"90806","grey"
"90809","grey"
"90826","green"
"90827","grey"
"90834","turquoise"
"90835","brown"
"90843","yellow"
"90850","grey"
"90853","grey"
"9086","grey"
"90861","pink"
"90864","green"
"90865","purple"
"9087","grey"
"90871","brown"
"90874","blue"
"9088","purple"
"909","grey"
"9091","turquoise"
"9092","green"
"9093","grey"
"90933","lightcyan"
"9094","grey"
"9095","blue"
"90952","red"
"90956","grey"
"90957","tan"
"9096","turquoise"
"9097","blue"
"9098","grey"
"90987","grey"
"9099","turquoise"
"90990","brown"
"90993","grey"
"91","yellow"
"910","grey"
"9100","green"
"9101","turquoise"
"91010","blue"
"91012","turquoise"
"9103","red"
"91039","blue"
"9104","grey"
"91050","grey"
"91056","grey"
"91057","yellow"
"9107","blue"
"91074","grey"
"9108","blue"
"911","grey"
"9110","green"
"91107","blue"
"9111","red"
"9112","blue"
"91120","grey"
"9113","turquoise"
"91133","black"
"91137","blue"
"9114","brown"
"91147","grey"
"91149","blue"
"91151","grey"
"91156","grey"
"9117","brown"
"91179","grey"
"9118","yellow"
"91181","grey"
"9119","grey"
"912","red"
"9120","grey"
"9121","grey"
"9122","brown"
"91227","grey"
"9123","red"
"9124","red"
"9125","turquoise"
"91252","blue"
"9126","brown"
"9127","brown"
"91272","grey"
"9128","blue"
"91283","grey"
"91289","blue"
"9129","blue"
"91298","blue"
"913","grey"
"9130","green"
"91300","brown"
"91304","blue"
"9131","brown"
"91316","green"
"91319","green"
"9132","brown"
"9133","grey"
"9134","grey"
"9135","turquoise"
"91351","brown"
"91353","grey"
"91355","grey"
"9136","turquoise"
"91368","turquoise"
"91369","salmon"
"91373","pink"
"9138","green"
"91380","grey"
"9139","grey"
"91392","grey"
"914","grey"
"9140","blue"
"91404","turquoise"
"91408","blue"
"91409","grey"
"9141","yellow"
"91419","grey"
"9142","grey"
"9143","yellow"
"91433","grey"
"9144","pink"
"91442","grey"
"91445","grey"
"9145","yellow"
"91450","green"
"91452","salmon"
"9146","green"
"91461","grey"
"91464","grey"
"9147","turquoise"
"9148","brown"
"9149","brown"
"915","grey"
"9150","blue"
"9152","grey"
"91522","brown"
"91523","grey"
"91526","turquoise"
"9153","grey"
"9154","grey"
"91543","grey"
"91544","brown"
"91548","grey"
"9156","grey"
"91574","brown"
"9158","brown"
"91582","green"
"91584","yellow"
"9159","green"
"916","grey"
"91603","grey"
"91607","turquoise"
"91608","brown"
"91612","turquoise"
"91614","black"
"9162","blue"
"91624","grey"
"91646","grey"
"91647","blue"
"91653","magenta"
"9166","blue"
"91661","turquoise"
"91662","grey"
"91663","grey"
"91664","brown"
"9167","yellow"
"9168","brown"
"91683","brown"
"91687","turquoise"
"91689","brown"
"9169","turquoise"
"91694","blue"
"91695","grey"
"917","grey"
"9170","green"
"91703","grey"
"9172","brown"
"9173","grey"
"91734","brown"
"91746","salmon"
"91748","brown"
"91749","turquoise"
"9175","yellow"
"91750","turquoise"
"91752","blue"
"91754","yellow"
"91768","magenta"
"9177","blue"
"91775","black"
"91782","brown"
"9179","turquoise"
"9180","brown"
"91801","blue"
"91807","grey"
"9181","pink"
"9182","grey"
"91828","grey"
"9183","brown"
"91833","black"
"9184","grey"
"9185","blue"
"91851","purple"
"91860","grey"
"91862","grey"
"91869","grey"
"9187","grey"
"91875","grey"
"9188","brown"
"9189","grey"
"91893","grey"
"91894","green"
"919","turquoise"
"9191","blue"
"91937","grey"
"9194","blue"
"91942","brown"
"91947","yellow"
"91948","grey"
"91949","grey"
"9196","yellow"
"91966","grey"
"9197","turquoise"
"91975","black"
"91977","yellow"
"91978","grey"
"92","blue"
"920","red"
"9200","grey"
"92002","turquoise"
"9201","blue"
"92014","grey"
"92017","grey"
"9202","blue"
"9203","grey"
"9204","turquoise"
"9205","turquoise"
"92070","grey"
"9208","yellow"
"92086","grey"
"9209","blue"
"92092","turquoise"
"921","grey"
"9210","grey"
"92104","green"
"92105","blue"
"92106","grey"
"9211","grey"
"9212","grey"
"92126","black"
"92129","grey"
"9213","blue"
"9214","grey"
"92140","turquoise"
"9215","yellow"
"92154","blue"
"92162","grey"
"9217","grey"
"92170","green"
"9218","yellow"
"92181","turquoise"
"9219","blue"
"92196","grey"
"922","grey"
"9220","green"
"9221","grey"
"92211","grey"
"9223","yellow"
"92235","blue"
"92241","red"
"92249","grey"
"92255","green"
"92259","yellow"
"9227","grey"
"92270","turquoise"
"9228","yellow"
"92283","turquoise"
"92285","turquoise"
"9229","yellow"
"92291","pink"
"92292","grey"
"92293","turquoise"
"923","grey"
"9230","green"
"92304","brown"
"92305","magenta"
"9231","brown"
"92312","yellow"
"9232","yellow"
"92335","brown"
"92340","red"
"92342","grey"
"92344","turquoise"
"92345","blue"
"92346","grey"
"9235","grey"
"92359","grey"
"9236","blue"
"92369","grey"
"92370","blue"
"9238","turquoise"
"92399","grey"
"924","grey"
"9240","blue"
"92400","blue"
"9241","grey"
"9242","yellow"
"92421","grey"
"9244","grey"
"9245","grey"
"9246","grey"
"9247","grey"
"9248","grey"
"92482","grey"
"92483","grey"
"9249","blue"
"925","yellow"
"9252","brown"
"92521","pink"
"9253","yellow"
"9254","yellow"
"9255","yellow"
"92552","grey"
"92558","yellow"
"9256","grey"
"92565","grey"
"92579","green"
"9258","grey"
"92591","grey"
"92595","grey"
"92597","blue"
"926","grey"
"9260","brown"
"92609","turquoise"
"9261","blue"
"92610","grey"
"9262","purple"
"9263","green"
"9265","grey"
"92659","brown"
"9266","brown"
"92667","grey"
"9267","pink"
"92675","greenyellow"
"92689","yellow"
"92691","blue"
"9270","grey"
"92703","yellow"
"9271","grey"
"92714","blue"
"92715","blue"
"92736","grey"
"92737","turquoise"
"9274","green"
"92745","grey"
"92747","grey"
"92749","grey"
"9275","brown"
"9276","turquoise"
"9277","brown"
"9278","grey"
"92797","brown"
"92799","blue"
"928","black"
"92806","grey"
"92815","grey"
"9282","brown"
"92822","green"
"9283","magenta"
"9284","grey"
"92840","turquoise"
"92856","brown"
"9287","grey"
"9288","grey"
"9289","grey"
"929","red"
"9290","yellow"
"92906","turquoise"
"92912","turquoise"
"92922","tan"
"9293","blue"
"92935","turquoise"
"9294","blue"
"92949","blue"
"9295","turquoise"
"9296","brown"
"92960","greenyellow"
"9297","turquoise"
"92973","yellow"
"92979","brown"
"9298","grey"
"9299","grey"
"92999","lightcyan"
"93","turquoise"
"930","grey"
"9300","turquoise"
"9301","turquoise"
"93010","turquoise"
"9302","turquoise"
"9303","grey"
"93034","grey"
"93035","grey"
"9304","grey"
"93058","turquoise"
"9306","turquoise"
"9308","yellow"
"93081","grey"
"93082","grey"
"93099","brown"
"931","grey"
"9310","brown"
"93100","grey"
"93107","grey"
"93109","turquoise"
"9311","green"
"9312","yellow"
"93129","magenta"
"9313","grey"
"93134","brown"
"9314","grey"
"93145","magenta"
"9315","blue"
"93164","blue"
"93166","grey"
"9317","yellow"
"9318","blue"
"93183","brown"
"93185","turquoise"
"9319","yellow"
"93190","grey"
"932","grey"
"9320","turquoise"
"9321","turquoise"
"93210","brown"
"9322","blue"
"93233","grey"
"9324","grey"
"9325","blue"
"9326","grey"
"93273","grey"
"9328","green"
"9329","turquoise"
"933","pink"
"9330","green"
"9331","blue"
"9332","red"
"93323","green"
"9333","grey"
"9334","blue"
"93343","blue"
"93349","red"
"9337","brown"
"93377","grey"
"9338","blue"
"93380","grey"
"9340","blue"
"93408","grey"
"9341","yellow"
"9342","grey"
"93426","brown"
"93429","grey"
"9343","brown"
"93432","turquoise"
"93436","brown"
"9344","grey"
"93463","grey"
"93474","green"
"9348","blue"
"93487","turquoise"
"9349","green"
"93492","grey"
"9350","grey"
"9351","magenta"
"93517","grey"
"9352","yellow"
"9353","blue"
"9354","turquoise"
"9355","grey"
"93550","turquoise"
"93556","grey"
"9356","grey"
"9358","blue"
"93587","grey"
"93589","grey"
"93594","grey"
"9360","turquoise"
"9361","turquoise"
"93611","brown"
"9362","brown"
"93621","brown"
"93622","brown"
"93624","grey"
"93627","turquoise"
"9363","pink"
"9364","turquoise"
"93643","pink"
"93649","grey"
"9365","green"
"93650","grey"
"93653","grey"
"93654","turquoise"
"93655","grey"
"93659","grey"
"9366","grey"
"93661","grey"
"93663","turquoise"
"93664","blue"
"93668","grey"
"9367","brown"
"9368","magenta"
"9369","blue"
"9370","grey"
"9371","grey"
"9372","blue"
"9373","blue"
"9374","red"
"9375","green"
"9376","grey"
"9377","turquoise"
"9378","blue"
"9379","brown"
"9380","purple"
"9381","brown"
"9382","yellow"
"9383","grey"
"9388","grey"
"9389","brown"
"939","grey"
"9390","grey"
"9391","blue"
"9392","grey"
"9394","grey"
"93953","green"
"9397","blue"
"93973","grey"
"93974","brown"
"93978","grey"
"93979","grey"
"9398","brown"
"93986","blue"
"9399","brown"
"94","red"
"940","grey"
"9400","blue"
"94005","grey"
"94009","grey"
"9401","green"
"94015","black"
"9402","grey"
"94023","yellow"
"94025","grey"
"94026","grey"
"94027","grey"
"9403","brown"
"94030","brown"
"94031","grey"
"94032","brown"
"94033","grey"
"94039","grey"
"9404","grey"
"94056","green"
"94059","green"
"9406","turquoise"
"9407","grey"
"94081","blue"
"94086","green"
"9409","green"
"94097","magenta"
"941","grey"
"9410","grey"
"94101","grey"
"94103","magenta"
"94104","turquoise"
"94107","brown"
"9411","turquoise"
"94115","grey"
"9412","blue"
"94120","grey"
"94121","grey"
"94122","blue"
"9413","grey"
"94134","turquoise"
"94137","grey"
"9414","brown"
"9415","grey"
"94151","grey"
"94158","grey"
"9416","grey"
"94160","yellow"
"94161","grey"
"94162","grey"
"94163","green"
"9419","grey"
"942","red"
"9420","turquoise"
"9421","grey"
"9422","turquoise"
"9423","yellow"
"94233","brown"
"94234","grey"
"94235","green"
"94236","grey"
"94239","turquoise"
"9424","red"
"94240","grey"
"94241","brown"
"9425","brown"
"9427","grey"
"94274","pink"
"9429","turquoise"
"943","grey"
"9435","grey"
"9436","grey"
"9437","grey"
"9439","turquoise"
"944","red"
"9440","turquoise"
"9441","green"
"9442","brown"
"9443","grey"
"9444","turquoise"
"9445","blue"
"9446","brown"
"9447","grey"
"9448","salmon"
"945","red"
"9450","red"
"9451","turquoise"
"9452","turquoise"
"9453","grey"
"9454","green"
"9455","purple"
"9456","blue"
"9457","turquoise"
"9459","turquoise"
"946","grey"
"9462","green"
"9463","grey"
"9464","grey"
"9465","grey"
"9466","grey"
"9467","blue"
"9468","grey"
"9469","yellow"
"947","red"
"9470","yellow"
"9472","green"
"9473","red"
"9474","blue"
"9475","blue"
"9476","blue"
"9477","grey"
"9478","brown"
"9479","turquoise"
"948","grey"
"9480","blue"
"9481","blue"
"9482","brown"
"9486","brown"
"9487","grey"
"9488","grey"
"9489","tan"
"949","red"
"9491","turquoise"
"9493","grey"
"9495","yellow"
"9496","grey"
"9497","green"
"9498","yellow"
"9499","yellow"
"95","green"
"950","black"
"9500","yellow"
"9501","grey"
"9502","grey"
"9506","grey"
"9507","black"
"9508","blue"
"9509","grey"
"951","red"
"9510","red"
"9512","blue"
"9513","grey"
"9514","pink"
"9515","yellow"
"9516","brown"
"9517","black"
"9518","grey"
"9519","blue"
"952","brown"
"9520","green"
"9521","yellow"
"9522","blue"
"9524","grey"
"9525","turquoise"
"9526","turquoise"
"9527","turquoise"
"9528","grey"
"9529","grey"
"953","turquoise"
"9530","blue"
"9531","tan"
"9532","greenyellow"
"9533","brown"
"9534","turquoise"
"9535","red"
"9536","grey"
"9537","brown"
"9538","grey"
"954","grey"
"9540","blue"
"9541","grey"
"9542","grey"
"9543","grey"
"9545","brown"
"9546","blue"
"9547","brown"
"955","brown"
"9550","yellow"
"9551","brown"
"9552","brown"
"9553","grey"
"9554","turquoise"
"9555","brown"
"9556","yellow"
"9557","pink"
"9559","turquoise"
"956","yellow"
"9560","grey"
"9562","blue"
"9563","grey"
"9564","blue"
"9567","green"
"9568","yellow"
"95681","blue"
"9569","grey"
"957","grey"
"9570","grey"
"9572","grey"
"9573","grey"
"9575","turquoise"
"9576","grey"
"9577","greenyellow"
"9578","grey"
"958","blue"
"9580","blue"
"9581","blue"
"9582","grey"
"9583","blue"
"9584","brown"
"9585","grey"
"9586","black"
"9587","brown"
"9588","magenta"
"9589","turquoise"
"959","grey"
"9590","blue"
"9592","grey"
"9595","red"
"9597","grey"
"960","grey"
"9600","grey"
"9601","grey"
"9603","turquoise"
"9604","blue"
"9605","brown"
"9607","yellow"
"9609","greenyellow"
"961","blue"
"9610","brown"
"9611","turquoise"
"9612","grey"
"9615","yellow"
"9616","turquoise"
"9617","grey"
"9618","blue"
"9619","black"
"962","red"
"9620","green"
"9622","grey"
"9623","grey"
"9625","pink"
"9626","grey"
"9627","grey"
"9628","yellow"
"9629","grey"
"963","red"
"9630","grey"
"9631","brown"
"9632","grey"
"9633","yellow"
"9635","grey"
"9636","turquoise"
"9637","yellow"
"9638","pink"
"9639","brown"
"9640","yellow"
"9641","grey"
"9643","blue"
"9644","lightcyan"
"9645","yellow"
"96459","turquoise"
"9646","green"
"9647","grey"
"9648","turquoise"
"9649","magenta"
"965","brown"
"9650","turquoise"
"9651","brown"
"9652","green"
"9653","purple"
"9654","grey"
"9655","turquoise"
"9656","grey"
"9657","grey"
"9658","grey"
"9659","grey"
"96597","grey"
"966","red"
"96610","green"
"9662","brown"
"96626","grey"
"9663","green"
"9665","blue"
"9666","blue"
"9667","green"
"9668","turquoise"
"9669","grey"
"967","green"
"9670","pink"
"9671","yellow"
"9672","magenta"
"9673","yellow"
"9674","red"
"9675","grey"
"96764","grey"
"9677","yellow"
"9678","blue"
"9679","pink"
"968","red"
"9681","tan"
"9682","grey"
"9683","blue"
"9684","turquoise"
"9685","green"
"9686","tan"
"9687","purple"
"9688","grey"
"9689","turquoise"
"969","red"
"9690","green"
"9692","grey"
"9693","green"
"9694","brown"
"9695","turquoise"
"9696","green"
"9697","red"
"9698","blue"
"9699","purple"
"97","grey"
"970","grey"
"9700","grey"
"9701","turquoise"
"9702","turquoise"
"9703","turquoise"
"9704","blue"
"9705","black"
"9706","turquoise"
"9708","magenta"
"9709","greenyellow"
"971","green"
"9710","yellow"
"9711","grey"
"9712","turquoise"
"9715","magenta"
"9716","turquoise"
"9717","pink"
"9718","brown"
"9719","grey"
"972","red"
"9720","turquoise"
"9721","grey"
"9722","yellow"
"9723","green"
"9724","turquoise"
"9725","pink"
"9726","yellow"
"9727","brown"
"9728","turquoise"
"9729","blue"
"973","grey"
"9730","salmon"
"9731","salmon"
"9732","turquoise"
"9733","turquoise"
"9734","turquoise"
"9735","grey"
"9736","turquoise"
"9737","blue"
"9738","turquoise"
"9739","green"
"974","grey"
"9741","grey"
"9742","green"
"9743","blue"
"9744","blue"
"9745","black"
"9746","yellow"
"9747","blue"
"9748","turquoise"
"9749","turquoise"
"975","magenta"
"9750","blue"
"9751","brown"
"9752","blue"
"9753","turquoise"
"9754","red"
"9755","black"
"9757","yellow"
"9758","yellow"
"9759","grey"
"976","pink"
"9760","blue"
"9761","magenta"
"9762","yellow"
"9764","yellow"
"9765","turquoise"
"9766","turquoise"
"9767","greenyellow"
"9768","grey"
"977","blue"
"9770","salmon"
"9771","black"
"9772","magenta"
"9774","blue"
"9775","grey"
"9776","grey"
"9777","yellow"
"9778","grey"
"9779","turquoise"
"978","red"
"9780","blue"
"9781","black"
"9782","turquoise"
"9783","yellow"
"9784","brown"
"9785","blue"
"9786","turquoise"
"9787","grey"
"9788","turquoise"
"9789","grey"
"9790","brown"
"9791","yellow"
"9792","black"
"9793","green"
"9794","yellow"
"9796","yellow"
"9797","brown"
"9798","blue"
"98","grey"
"9801","turquoise"
"9802","grey"
"9804","blue"
"9805","turquoise"
"9806","yellow"
"9807","brown"
"9808","green"
"9810","grey"
"9811","brown"
"9812","grey"
"9813","salmon"
"9814","turquoise"
"9815","grey"
"9816","turquoise"
"9817","grey"
"9818","turquoise"
"9819","green"
"9820","grey"
"9821","turquoise"
"9823","blue"
"9824","salmon"
"9825","brown"
"9826","yellow"
"9827","turquoise"
"9828","grey"
"9829","green"
"983","grey"
"9830","grey"
"9831","turquoise"
"9832","grey"
"9833","grey"
"9834","grey"
"9836","green"
"9837","blue"
"9839","salmon"
"984","blue"
"9840","yellow"
"9841","grey"
"9842","blue"
"9843","grey"
"9844","grey"
"9846","lightcyan"
"9847","blue"
"9848","turquoise"
"9849","turquoise"
"9851","yellow"
"9852","blue"
"9853","yellow"
"9854","brown"
"9855","turquoise"
"9856","yellow"
"9857","turquoise"
"9858","brown"
"9859","turquoise"
"9860","black"
"9861","grey"
"9862","brown"
"9863","turquoise"
"9865","grey"
"9866","grey"
"9867","blue"
"9868","blue"
"9869","green"
"987","turquoise"
"9870","yellow"
"9871","turquoise"
"9873","salmon"
"9874","blue"
"9875","turquoise"
"9877","turquoise"
"9878","grey"
"9879","brown"
"988","brown"
"9880","turquoise"
"9881","yellow"
"9882","turquoise"
"9883","green"
"9884","grey"
"9885","magenta"
"9886","grey"
"9887","grey"
"9889","brown"
"989","turquoise"
"9890","blue"
"9891","blue"
"9892","yellow"
"9894","green"
"9895","grey"
"9896","yellow"
"9897","turquoise"
"9898","grey"
"9899","yellow"
"990","yellow"
"9900","yellow"
"9901","yellow"
"9902","blue"
"9903","tan"
"9904","blue"
"9905","brown"
"9906","grey"
"9907","green"
"9908","blue"
"9909","grey"
"991","pink"
"9910","blue"
"9911","green"
"9912","yellow"
"9913","blue"
"9914","grey"
"9915","grey"
"9917","yellow"
"9918","black"
"9919","grey"
"9920","grey"
"9921","brown"
"9922","yellow"
"9923","brown"
"9924","brown"
"9925","black"
"9926","magenta"
"9927","grey"
"9928","grey"
"9929","grey"
"993","grey"
"9931","turquoise"
"9933","grey"
"9934","turquoise"
"9935","red"
"9936","brown"
"9937","grey"
"9938","red"
"9939","grey"
"994","green"
"9940","grey"
"9941","grey"
"9942","turquoise"
"9943","brown"
"9945","grey"
"9946","blue"
"9947","grey"
"9948","grey"
"9949","blue"
"995","grey"
"9950","turquoise"
"9951","yellow"
"9953","grey"
"9955","grey"
"9956","yellow"
"9957","grey"
"9958","green"
"996","blue"
"9960","yellow"
"9961","red"
"9962","green"
"9963","grey"
"9965","grey"
"9966","grey"
"9967","grey"
"9968","yellow"
"9969","turquoise"
"997","brown"
"9970","yellow"
"9971","grey"
"9972","turquoise"
"9973","green"
"9975","turquoise"
"9976","red"
"9978","turquoise"
"998","blue"
"9980","blue"
"9982","grey"
"9984","turquoise"
"9985","green"
"9986","green"
"9987","black"
"9988","brown"
"9989","yellow"
"999","grey"
"9990","turquoise"
"9991","turquoise"
"9992","grey"
"9993","brown"
"9994","turquoise"
"9997","turquoise"
